#
# A fatal error has been detected by the Java Runtime Environment:
#
#  EXCEPTION_ACCESS_VIOLATION (0xc0000005) at pc=0x0000000000657275, pid=18924, tid=16840
#
# JRE version: OpenJDK Runtime Environment Temurin-21.0.1+12 (21.0.1+12) (build 21.0.1+12-LTS)
# Java VM: OpenJDK 64-Bit Server VM Temurin-21.0.1+12 (21.0.1+12-LTS, mixed mode, sharing, tiered, compressed oops, compressed class ptrs, g1 gc, windows-amd64)
# Problematic frame:
# C  0x00007ff8b5133cde
#
# No core dump will be written. Minidumps are not enabled by default on client versions of Windows
#
# If you would like to submit a bug report, please visit:
#   https://github.com/adoptium/adoptium-support/issues
# The crash happened outside the Java Virtual Machine in native code.
# See problematic frame for where to report the bug.
#

---------------  S U M M A R Y ------------

Command Line: -Dsun.java2d.pmoffscreen=false -Dhttps.protocols=TLSv1,TLSv1.1,TLSv1.2 -Dsun.java2d.xrender=false -Dsun.java2d.d3d=false -Dsun.awt.nopixfmt=true -Dsun.java2d.dpiaware=true -Dsun.java2d.uiScale.enabled=false -Dswing.aatext=true -XX:-UsePerfData -Djdk.map.althashing.threshold=512 -XX:StringTableSize=4072 -XX:+UseStringDeduplication -XX:MaxGCPauseMillis=200 -XX:ParallelGCThreads=4 -XX:+ParallelRefProcEnabled --add-opens=java.desktop/javax.swing.plaf.synth=ALL-UNNAMED --add-opens=java.base/java.nio=ALL-UNNAMED --add-opens=java.desktop/sun.swing=ALL-UNNAMED --add-opens=java.desktop/javax.swing=ALL-UNNAMED --add-opens=java.desktop/javax.swing.tree=ALL-UNNAMED --add-opens=java.desktop/javax.swing.plaf.basic=ALL-UNNAMED --add-opens=java.desktop/javax.swing.plaf.synth=ALL-UNNAMED --add-opens=java.desktop/javax.swing.plaf.basic=ALL-UNNAMED --add-opens=java.desktop/javax.swing=ALL-UNNAMED --add-opens=java.desktop/javax.swing.tree=ALL-UNNAMED --add-opens=java.desktop/java.awt.event=ALL-UNNAMED --add-exports=java.desktop/javax.swing.plaf.synth=ALL-UNNAMED --add-exports=java.base/java.nio=ALL-UNNAMED --add-exports=java.desktop/sun.swing=ALL-UNNAMED --add-exports=java.desktop/javax.swing=ALL-UNNAMED --add-exports=java.desktop/javax.swing.tree=ALL-UNNAMED --add-exports=java.desktop/javax.swing.plaf.basic=ALL-UNNAMED --add-exports=java.desktop/sun.swing=ALL-UNNAMED --add-exports=java.desktop/sun.swing.table=ALL-UNNAMED --add-exports=java.desktop/sun.swing.plaf.synth=ALL-UNNAMED --add-exports=java.desktop/sun.awt.shell=ALL-UNNAMED --add-exports=java.base/sun.security.action=ALL-UNNAMED --add-exports=java.desktop/sun.font=ALL-UNNAMED -XX:NewSize=80m -XX:MaxNewSize=80m -Xms812m -Xmx6144m -Xss10m 

Host: AMD Ryzen 7 5800H with Radeon Graphics         , 16 cores, 13G,  Windows 11 , 64 bit Build 26100 (10.0.26100.7309)
Time: Fri Jan  9 14:15:07 2026 Egypt Standard Time elapsed time: 2229.980360 seconds (0d 0h 37m 9s)

---------------  T H R E A D  ---------------

Current thread (0x00000204a9f13e30):  JavaThread "AWT-EventQueue-0"        [_thread_in_native, id=16840, stack(0x000000be0c300000,0x000000be0cd00000) (10240K)]

Stack: [0x000000be0c300000,0x000000be0cd00000],  sp=0x000000be0ccfaa00,  free space=10218k
Native frames: (J=compiled Java code, j=interpreted, Vv=VM code, C=native code)
C  0x0000000000657275

Java frames: (J=compiled Java code, j=interpreted, Vv=VM code)
j  ui.views.waveform.waveformi.WVExecutive_getValueDataSize(J)J+0
j  ui.views.waveform.executive.a.mDQ()Lui/views/waveform/executive/protobuf/WVNameValue$WVValueTreeMessage;+4
j  ui.views.waveform.g.D.mFW()[Ljava/lang/String;+7
j  ui.views.waveform.g.D.Pl(Z)V+22
j  ui.views.waveform.g.u.Pl(Z)V+16
j  ui.views.waveform.a.Pm(Z)V+5
j  ui.views.waveform.a.Pl(Z)V+20
j  ui.views.waveform.u.aT(ZZ)V+30
j  ui.views.waveform.d.b.l(Lui/frmwork/a/v;)V+101
j  ui.views.waveform.u.handleTclEvent(Lui/frmwork/a/v;)V+13
J 37206 c1 ui.frmwork.a.x.d(Lui/frmwork/a/v;)V (61 bytes) @ 0x000002044a3200dc [0x000002044a31f760+0x000000000000097c]
J 33444 c1 ui.frmwork.I.i(JZ)V (474 bytes) @ 0x000002044972919c [0x0000020449725e00+0x000000000000339c]
J 36334 c1 ui.frmwork.I.fireTclEvent(J)I (113 bytes) @ 0x000002044a5ccce4 [0x000002044a5cc320+0x00000000000009c4]
v  ~StubRoutines::call_stub 0x000002045026100d
j  ui.views.waveform.waveformi.WVExecutive_processModelEvent(JJ)V+0
j  ui.views.waveform.executive.a.gt(J)V+5
j  ui.views.waveform.d.b.gr(J)V+8
j  ui.views.waveform.d.b.l(Lui/frmwork/a/v;)V+141
j  ui.views.waveform.u.handleTclEvent(Lui/frmwork/a/v;)V+13
J 37206 c1 ui.frmwork.a.x.d(Lui/frmwork/a/v;)V (61 bytes) @ 0x000002044a3200dc [0x000002044a31f760+0x000000000000097c]
J 33444 c1 ui.frmwork.I.i(JZ)V (474 bytes) @ 0x000002044972919c [0x0000020449725e00+0x000000000000339c]
J 36334 c1 ui.frmwork.I.fireTclEvent(J)I (113 bytes) @ 0x000002044a5ccce4 [0x000002044a5cc320+0x00000000000009c4]
v  ~StubRoutines::call_stub 0x000002045026100d
j  ui.views.waveform.waveformi.WVExecutive_processModelEvent(JJ)V+0
j  ui.views.waveform.executive.a.gt(J)V+5
j  ui.views.waveform.d.b.gr(J)V+8
j  ui.views.waveform.d.f.actionPerformed(Ljava/awt/event/ActionEvent;)V+8
J 18332 c2 javax.swing.Timer.fireActionPerformed(Ljava/awt/event/ActionEvent;)V java.desktop@21.0.1 (46 bytes) @ 0x00000204518dabe0 [0x00000204518daac0+0x0000000000000120]
J 18331 c2 javax.swing.Timer$DoPostEvent.run()V java.desktop@21.0.1 (85 bytes) @ 0x00000204518da240 [0x00000204518da000+0x0000000000000240]
J 13823 c2 java.awt.EventQueue.dispatchEvent(Ljava/awt/AWTEvent;)V java.desktop@21.0.1 (80 bytes) @ 0x00000204514b94a4 [0x00000204514b8ea0+0x0000000000000604]
J 43247 c2 ui.frmwork.a.d.dispatchEvent(Ljava/awt/AWTEvent;)V (41 bytes) @ 0x0000020450dbdda4 [0x0000020450dbdd20+0x0000000000000084]
J 43233 c1 java.awt.EventDispatchThread.pumpOneEventForFilters(I)V java.desktop@21.0.1 (106 bytes) @ 0x000002044902cb0c [0x000002044902c1c0+0x000000000000094c]
j  java.awt.EventDispatchThread.pumpEventsForFilter(ILjava/awt/Conditional;Ljava/awt/EventFilter;)V+35 java.desktop@21.0.1
j  java.awt.EventDispatchThread.pumpEventsForFilter(Ljava/awt/Conditional;Ljava/awt/EventFilter;)V+4 java.desktop@21.0.1
j  java.awt.WaitDispatchSupport$2.run()V+59 java.desktop@21.0.1
j  java.awt.WaitDispatchSupport$4.run()Ljava/lang/Void;+4 java.desktop@21.0.1
j  java.awt.WaitDispatchSupport$4.run()Ljava/lang/Object;+1 java.desktop@21.0.1
J 7329 c2 java.security.AccessController.doPrivileged(Ljava/security/PrivilegedAction;)Ljava/lang/Object; java.base@21.0.1 (9 bytes) @ 0x0000020450dbe7e4 [0x0000020450dbe7a0+0x0000000000000044]
j  java.awt.WaitDispatchSupport.enter()Z+266 java.desktop@21.0.1
j  java.awt.Dialog.show()V+225 java.desktop@21.0.1
j  java.awt.Component.show(Z)V+5 java.desktop@21.0.1
j  java.awt.Component.setVisible(Z)V+2 java.desktop@21.0.1
j  java.awt.Window.setVisible(Z)V+2 java.desktop@21.0.1
j  java.awt.Dialog.setVisible(Z)V+2 java.desktop@21.0.1
j  ui.dlg.c.e.setVisible(Z)V+2
j  ui.dlg.c.bk.cho()V+65
j  ui.dlg.c.bk$c.actionPerformed(Ljava/awt/event/ActionEvent;)V+8
j  ui.dlg.c.bk.gtF()V+422
j  ui.views.c.w.b.a.run()V+60
j  ui.frmwork.cmd.a.iRs()Z+96
j  ui.frmwork.cmd.d.iRE()V+42
j  ui.i.A$b.actionPerformed(Ljava/awt/event/ActionEvent;)V+39
j  javax.swing.AbstractButton.fireActionPerformed(Ljava/awt/event/ActionEvent;)V+84 java.desktop@21.0.1
j  ui.utils.swing.b.C.fireActionPerformed(Ljava/awt/event/ActionEvent;)V+7
j  javax.swing.AbstractButton$Handler.actionPerformed(Ljava/awt/event/ActionEvent;)V+5 java.desktop@21.0.1
j  javax.swing.DefaultButtonModel.fireActionPerformed(Ljava/awt/event/ActionEvent;)V+34 java.desktop@21.0.1
j  javax.swing.DefaultButtonModel.setPressed(Z)V+117 java.desktop@21.0.1
j  javax.swing.plaf.basic.BasicButtonListener.mouseReleased(Ljava/awt/event/MouseEvent;)V+35 java.desktop@21.0.1
j  com.jidesoft.plaf.basic.BasicJideButtonListener.mouseReleased(Ljava/awt/event/MouseEvent;)V+61
J 26924 c1 java.awt.AWTEventMulticaster.mouseReleased(Ljava/awt/event/MouseEvent;)V java.desktop@21.0.1 (27 bytes) @ 0x0000020449fa640c [0x0000020449fa61e0+0x000000000000022c]
J 26924 c1 java.awt.AWTEventMulticaster.mouseReleased(Ljava/awt/event/MouseEvent;)V java.desktop@21.0.1 (27 bytes) @ 0x0000020449fa640c [0x0000020449fa61e0+0x000000000000022c]
J 26924 c1 java.awt.AWTEventMulticaster.mouseReleased(Ljava/awt/event/MouseEvent;)V java.desktop@21.0.1 (27 bytes) @ 0x0000020449fa640c [0x0000020449fa61e0+0x000000000000022c]
J 37065 c2 javax.swing.JComponent.processMouseEvent(Ljava/awt/event/MouseEvent;)V java.desktop@21.0.1 (27 bytes) @ 0x00000204517f0bb4 [0x00000204517f0940+0x0000000000000274]
J 41727 c2 java.awt.Container.processEvent(Ljava/awt/AWTEvent;)V java.desktop@21.0.1 (22 bytes) @ 0x00000204509dd1e4 [0x00000204509dd020+0x00000000000001c4]
J 43269 c1 java.awt.Component.dispatchEventImpl(Ljava/awt/AWTEvent;)V java.desktop@21.0.1 (785 bytes) @ 0x0000020448fa325c [0x0000020448f9f100+0x000000000000415c]
J 43250 c2 java.awt.Container.dispatchEventImpl(Ljava/awt/AWTEvent;)V java.desktop@21.0.1 (129 bytes) @ 0x0000020450ef49b4 [0x0000020450ef4820+0x0000000000000194]
J 43232 c2 java.awt.LightweightDispatcher.retargetMouseEvent(Ljava/awt/Component;ILjava/awt/event/MouseEvent;)V java.desktop@21.0.1 (372 bytes) @ 0x00000204517c3d0c [0x00000204517c3920+0x00000000000003ec]
J 43250 c2 java.awt.Container.dispatchEventImpl(Ljava/awt/AWTEvent;)V java.desktop@21.0.1 (129 bytes) @ 0x0000020450ef579c [0x0000020450ef4820+0x0000000000000f7c]
J 17731 c2 java.awt.Window.dispatchEventImpl(Ljava/awt/AWTEvent;)V java.desktop@21.0.1 (23 bytes) @ 0x0000020451759018 [0x0000020451758fc0+0x0000000000000058]
J 41723 c2 java.awt.EventQueue$4.run()Ljava/lang/Void; java.desktop@21.0.1 (60 bytes) @ 0x0000020451375cac [0x0000020451375840+0x000000000000046c]
J 41732 c2 java.awt.EventQueue$4.run()Ljava/lang/Object; java.desktop@21.0.1 (5 bytes) @ 0x0000020450e7b260 [0x0000020450e7b220+0x0000000000000040]
J 17173 c2 java.awt.EventQueue$5.run()Ljava/lang/Void; java.desktop@21.0.1 (19 bytes) @ 0x00000204516b68f4 [0x00000204516b6700+0x00000000000001f4]
J 13823 c2 java.awt.EventQueue.dispatchEvent(Ljava/awt/AWTEvent;)V java.desktop@21.0.1 (80 bytes) @ 0x00000204514b9850 [0x00000204514b8ea0+0x00000000000009b0]
J 43247 c2 ui.frmwork.a.d.dispatchEvent(Ljava/awt/AWTEvent;)V (41 bytes) @ 0x0000020450dbdda4 [0x0000020450dbdd20+0x0000000000000084]
J 43233 c1 java.awt.EventDispatchThread.pumpOneEventForFilters(I)V java.desktop@21.0.1 (106 bytes) @ 0x000002044902cb0c [0x000002044902c1c0+0x000000000000094c]
J 22749% c2 java.awt.EventDispatchThread.pumpEventsForFilter(ILjava/awt/Conditional;Ljava/awt/EventFilter;)V java.desktop@21.0.1 (47 bytes) @ 0x00000204516f334c [0x00000204516f3280+0x00000000000000cc]
j  java.awt.EventDispatchThread.pumpEventsForHierarchy(ILjava/awt/Conditional;Ljava/awt/Component;)V+11 java.desktop@21.0.1
j  java.awt.EventDispatchThread.pumpEvents(ILjava/awt/Conditional;)V+4 java.desktop@21.0.1
j  java.awt.EventDispatchThread.pumpEvents(Ljava/awt/Conditional;)V+3 java.desktop@21.0.1
j  java.awt.EventDispatchThread.run()V+9 java.desktop@21.0.1
v  ~StubRoutines::call_stub 0x000002045026100d

siginfo: EXCEPTION_ACCESS_VIOLATION (0xc0000005), data execution prevention violation at address 0x0000000000657275


Registers:
RAX=0x00007ff8b59084d8, RBX=0x000000000000000a, RCX=0x00000204dd9faa20, RDX=0x0000000000000000
RSP=0x000000be0ccfa9f8, RBP=0x000000be0ccfab00, RSI=0x00000204dd9faa20, RDI=0x00007ff8b59084d8
R8 =0x0000000000657275, R9 =0x000002041373ece0, R10=0x0000020436620000, R11=0x000000be0ccfa700
R12=0x000000000000000a, R13=0x0000020410214358, R14=0x00000204102143f8, R15=0x00000204c36ad740
RIP=0x0000000000657275, EFLAGS=0x0000000000010246


Register to memory mapping:

RAX=0x00007ff8b59084d8 points into unknown readable memory: 0x623a3a74736f6f62 | 62 6f 6f 73 74 3a 3a 62
RBX=0x000000000000000a is an unknown value
RCX=0x00000204dd9faa20 points into unknown readable memory: 0x00007ff8b5908408 | 08 84 90 b5 f8 7f 00 00
RDX=0x0 is null
RSP=0x000000be0ccfa9f8 is pointing into the stack for thread: 0x00000204a9f13e30
RBP=0x000000be0ccfab00 is pointing into the stack for thread: 0x00000204a9f13e30
RSI=0x00000204dd9faa20 points into unknown readable memory: 0x00007ff8b5908408 | 08 84 90 b5 f8 7f 00 00
RDI=0x00007ff8b59084d8 points into unknown readable memory: 0x623a3a74736f6f62 | 62 6f 6f 73 74 3a 3a 62
R8 =0x0000000000657275 is an unknown value
R9 =0x000002041373ece0 points into unknown readable memory: 0x0000000000000000 | 00 00 00 00 00 00 00 00
R10=0x0000020436620000 points into unknown readable memory: 0x0000000000000000 | 00 00 00 00 00 00 00 00
R11=0x000000be0ccfa700 is pointing into the stack for thread: 0x00000204a9f13e30
R12=0x000000000000000a is an unknown value
R13=0x0000020410214358 points into unknown readable memory: 0x0000000000000000 | 00 00 00 00 00 00 00 00
R14=0x00000204102143f8 points into unknown readable memory: 0x0000000000000000 | 00 00 00 00 00 00 00 00
R15=0x00000204c36ad740 points into unknown readable memory: 0x00007ff8b59083f8 | f8 83 90 b5 f8 7f 00 00

Top of Stack: (sp=0x000000be0ccfa9f8)
0x000000be0ccfa9f8:   00007ff8b5133cde 0000000000000009
0x000000be0ccfaa08:   0000000000000000 000000000000000a
0x000000be0ccfaa18:   ffffffffffffffff 00000204108e7b50
0x000000be0ccfaa28:   000002051800a900 0000020504d26558
0x000000be0ccfaa38:   00000204c36ad740 0000001000000000
0x000000be0ccfaa48:   00007ff800000010 0000020411f5f840
0x000000be0ccfaa58:   0000020411f5f7f0 000000be00000001
0x000000be0ccfaa68:   000002051800a900 00000204c59eb958
0x000000be0ccfaa78:   000000be0ccfab90 00000204f46813a8
0x000000be0ccfaa88:   00000204c59eba68 0000000100000001
0x000000be0ccfaa98:   0000000000001388 000000be0ccfac28
0x000000be0ccfaaa8:   0000000000000000 00007ff9993488b0
0x000000be0ccfaab8:   00007ff999220139 0000020509b569f0
0x000000be0ccfaac8:   0000000000000004 0000020515d033e0
0x000000be0ccfaad8:   000000be00000008 000000be0ccfabc8
0x000000be0ccfaae8:   00007ff8b57ee187 0000000000000004
0x000000be0ccfaaf8:   00000204dd9ff5c0 0000000000000000
0x000000be0ccfab08:   000002050a73e010 0000000000000002
0x000000be0ccfab18:   f120020000000000 0000000001010000
0x000000be0ccfab28:   0000000000000000 0000000000000000
0x000000be0ccfab38:   0000000000000000 000000000000000f
0x000000be0ccfab48:   0000000000000000 0000000000000000
0x000000be0ccfab58:   0000000000000000 000000000000000f
0x000000be0ccfab68:   0000020515d033e0 0000020515d033e0
0x000000be0ccfab78:   00007ff8b502607e 00000204c36ad740
0x000000be0ccfab88:   000000be00000000 0000000000000000
0x000000be0ccfab98:   f120020000000000 0000000001010000
0x000000be0ccfaba8:   0000000000000000 0000000000000000
0x000000be0ccfabb8:   0000000000000000 000000000000000f
0x000000be0ccfabc8:   0000000000000000 0000000000000000
0x000000be0ccfabd8:   0000000000000000 000000000000000f
0x000000be0ccfabe8:   00000204b683a1e0 00006999e1f96c56 

Instructions: (pc=0x00007ff8b5133cde)
0x00007ff8b5133bde:   21 88 85 a1 00 00 00 0f b6 45 22 88 85 a2 00 00
0x00007ff8b5133bee:   00 0f b6 45 23 88 85 a3 00 00 00 0f b6 45 24 88
0x00007ff8b5133bfe:   85 a4 00 00 00 0f b6 45 25 88 85 a5 00 00 00 0f
0x00007ff8b5133c0e:   b6 45 26 88 85 a6 00 00 00 48 8d 55 28 48 8d 8d
0x00007ff8b5133c1e:   a8 00 00 00 e8 99 6d e3 ff 90 48 8d 55 48 48 8d
0x00007ff8b5133c2e:   8d c8 00 00 00 e8 88 6d e3 ff 90 49 8b 07 49 8b
0x00007ff8b5133c3e:   cf ff 90 78 02 00 00 84 c0 74 0d 48 89 9d 90 00
0x00007ff8b5133c4e:   00 00 89 9d 98 00 00 00 45 3b e6 0f 84 c0 00 00
0x00007ff8b5133c5e:   00 48 8b 7c 24 70 48 8d 87 10 01 00 00 48 89 45
0x00007ff8b5133c6e:   88 48 8b 44 24 58 48 89 44 24 50 0f 1f 80 00 00
0x00007ff8b5133c7e:   00 00 49 8b 07 41 8b d4 49 8b cf ff 90 28 02 00
0x00007ff8b5133c8e:   00 48 8b f0 48 8b 4f 38 48 8b 11 4c 8b 52 30 4c
0x00007ff8b5133c9e:   63 f3 49 c1 e6 04 4d 03 f5 4d 8b ce 4c 8b 45 98
0x00007ff8b5133cae:   48 8b 50 08 41 ff d2 48 8b 44 24 50 4c 89 30 49
0x00007ff8b5133cbe:   8b 17 49 8b cf ff 92 d8 00 00 00 48 8b f8 48 8b
0x00007ff8b5133cce:   0e 4c 8b 81 b0 00 00 00 33 d2 48 8b ce 41 ff d0
0x00007ff8b5133cde:   c6 44 24 28 00 48 89 7c 24 20 4c 8b c8 4c 8d 85
0x00007ff8b5133cee:   90 00 00 00 49 8b d6 48 8b 4d 88 e8 e2 57 ec ff
0x00007ff8b5133cfe:   44 03 64 24 60 ff c3 48 83 44 24 50 08 44 3b 64
0x00007ff8b5133d0e:   24 48 48 8b 7c 24 70 0f 85 65 ff ff ff 8b 7c 24
0x00007ff8b5133d1e:   44 48 8d 8d 90 00 00 00 e8 95 34 e4 ff e9 ad 01
0x00007ff8b5133d2e:   00 00 89 5c 24 50 8b fb 45 3b e6 0f 84 9e 01 00
0x00007ff8b5133d3e:   00 4c 8b 74 24 58 0f 1f 40 00 0f 1f 84 00 00 00
0x00007ff8b5133d4e:   00 00 49 8b 07 41 8b d4 49 8b cf ff 90 28 02 00
0x00007ff8b5133d5e:   00 48 8b f0 48 8b 10 48 8b c8 ff 52 08 83 f8 02
0x00007ff8b5133d6e:   75 11 48 8b 4e 08 48 8b 11 ff 92 e0 00 00 00 01
0x00007ff8b5133d7e:   44 24 50 ff c7 89 7c 24 44 48 63 fb 48 c1 e7 04
0x00007ff8b5133d8e:   49 03 fd 48 89 7c 24 28 c6 44 24 20 01 4c 8d 4d
0x00007ff8b5133d9e:   10 4c 8b 45 98 48 8b 56 08 48 8b 4c 24 70 e8 3f
0x00007ff8b5133dae:   f9 ff ff 49 89 3e 44 03 64 24 60 8b 7c 24 44 81
0x00007ff8b5133dbe:   7c 24 50 00 04 00 00 7f 16 ff c3 49 83 c6 08 44
0x00007ff8b5133dce:   3b 64 24 48 0f 85 78 ff ff ff e9 00 01 00 00 44 


Stack slot to memory mapping:

stack at sp + 0 slots: 0x0000000000000009 is an unknown value
stack at sp + 1 slots: 0x0 is null
stack at sp + 2 slots: 0x000000000000000a is an unknown value
stack at sp + 3 slots: 0xffffffffffffffff is an unknown value
stack at sp + 4 slots: 0x00000204108e7b50 points into unknown readable memory: 0x00007ff8b590a2b8 | b8 a2 90 b5 f8 7f 00 00
stack at sp + 5 slots: 0x000002051800a900 points into unknown readable memory: 0x00007ff8b590cd20 | 20 cd 90 b5 f8 7f 00 00
stack at sp + 6 slots: 0x0000020504d26558 points into unknown readable memory: 0x00000fff00000000 | 00 00 00 00 ff 0f 00 00
stack at sp + 7 slots: 0x00000204c36ad740 points into unknown readable memory: 0x00007ff8b59083f8 | f8 83 90 b5 f8 7f 00 00


Compiled method (c1) 2230157 37206       3       ui.frmwork.a.x::d (61 bytes)
 total in heap  [0x000002044a31f510,0x000002044a320678] = 4456
 relocation     [0x000002044a31f670,0x000002044a31f748] = 216
 main code      [0x000002044a31f760,0x000002044a3202f8] = 2968
 stub code      [0x000002044a3202f8,0x000002044a320370] = 120
 oops           [0x000002044a320370,0x000002044a320378] = 8
 metadata       [0x000002044a320378,0x000002044a3203c0] = 72
 scopes data    [0x000002044a3203c0,0x000002044a3204f8] = 312
 scopes pcs     [0x000002044a3204f8,0x000002044a320648] = 336
 dependencies   [0x000002044a320648,0x000002044a320658] = 16
 nul chk table  [0x000002044a320658,0x000002044a320678] = 32

[Constant Pool (empty)]

[MachCode]
[Entry Point]
  # {method} {0x00000204a3658eb0} 'd' '(Lui/frmwork/a/v;)V' in 'ui/frmwork/a/x'
  # this:     rdx:rdx   = 'ui/frmwork/a/x'
  # parm0:    r8:r8     = 'ui/frmwork/a/v'
  #           [sp+0xa0]  (sp of caller)
  0x000002044a31f760: 448b 5208 | 49bb 0000 | 0062 0402 | 0000 4d03 | d34c 3bd0 

  0x000002044a31f774: ;   {runtime_call ic_miss_stub}
  0x000002044a31f774: 0f85 06f0 | f805 660f | 1f44 0000 
[Verified Entry Point]
  0x000002044a31f780: 8984 2400 | 80ff ff55 | 4881 ec90 | 0000 0090 | 4181 7f20 | 3400 0000 

  0x000002044a31f798: ;   {runtime_call StubRoutines (final stubs)}
  0x000002044a31f798: 7405 e8c1 | 55f7 0548 | 8954 2468 | 4c89 4424 

  0x000002044a31f7a8: ;   {metadata(method data for {method} {0x00000204a3658eb0} 'd' '(Lui/frmwork/a/v;)V' in 'ui/frmwork/a/x')}
  0x000002044a31f7a8: 7048 be80 | b5a2 ca04 | 0200 008b | becc 0000 | 0083 c702 | 89be cc00 | 0000 81e7 | fe07 0000 
  0x000002044a31f7c8: 83ff 000f | 8475 0900 | 0048 8bda 

  0x000002044a31f7d4: ;   {metadata('java/util/ArrayList')}
  0x000002044a31f7d4: 48ba 48ad | 0b62 0402 | 0000 498b | 87b8 0100 | 0048 8d78 | 1849 3bbf | c801 0000 | 0f87 7109 
  0x000002044a31f7f4: 0000 4989 | bfb8 0100 | 0048 c700 | 0100 0000 | 488b ca49 | ba00 0000 | 6204 0200 | 0049 2bca 
  0x000002044a31f814: 8948 0848 | 33c9 8948 | 0c48 33c9 | 4889 4810 | 8b53 0c48 | c1e2 0348 

  0x000002044a31f82c: ;   {metadata(method data for {method} {0x00000204a3658eb0} 'd' '(Lui/frmwork/a/v;)V' in 'ui/frmwork/a/x')}
  0x000002044a31f82c: 8bf0 48bf | 80b5 a2ca | 0402 0000 | 4883 8710 | 0100 0001 | 4c8b c248 | 8bd0 4889 | 4424 600f 
  0x000002044a31f84c: ;   {optimized virtual_call}
  0x000002044a31f84c: 1f40 00e8 

  0x000002044a31f850: ; ImmutableOopMap {[96]=Oop [104]=Oop [112]=Oop }
                      ;*invokespecial <init> {reexecute=0 rethrow=0 return_oop=0}
                      ; - ui.frmwork.a.x::d@8 (line 34)
  0x000002044a31f850: 8c67 b906 

  0x000002044a31f854: ;   {other}
  0x000002044a31f854: 0f1f 8400 | 4403 0000 | 488b 4424 

  0x000002044a31f860: ;   {metadata(method data for {method} {0x00000204a3658eb0} 'd' '(Lui/frmwork/a/v;)V' in 'ui/frmwork/a/x')}
  0x000002044a31f860: 6048 ba80 | b5a2 ca04 | 0200 008b | 4008 49ba | 0000 0062 | 0402 0000 | 4903 c248 | 3b82 3001 
  0x000002044a31f880: 0000 750d | 4883 8238 | 0100 0001 | e960 0000 | 0048 3b82 | 4001 0000 | 750d 4883 | 8248 0100 
  0x000002044a31f8a0: 0001 e94a | 0000 0048 | 83ba 3001 | 0000 0075 | 1748 8982 | 3001 0000 | 48c7 8238 | 0100 0001 
  0x000002044a31f8c0: 0000 00e9 | 2900 0000 | 4883 ba40 | 0100 0000 | 7517 4889 | 8240 0100 | 0048 c782 | 4801 0000 
  0x000002044a31f8e0: 0100 0000 | e908 0000 | 0048 8382 | 2001 0000 

  0x000002044a31f8f0: ;   {metadata(method data for {method} {0x00000204620bc680} 'iterator' '()Ljava/util/Iterator;' in 'java/util/ArrayList')}
  0x000002044a31f8f0: 0148 ba08 | 655e a304 | 0200 008b | b2cc 0000 | 0083 c602 | 89b2 cc00 | 0000 81e6 | feff 1f00 
  0x000002044a31f910: 83fe 000f | 845b 0800 

  0x000002044a31f918: ;   {metadata('java/util/ArrayList$Itr')}
  0x000002044a31f918: 0048 bab8 | 8918 6204 | 0200 0049 | 8b87 b801 | 0000 488d | 7820 493b | bfc8 0100 | 000f 875a 
  0x000002044a31f938: 0800 0049 | 89bf b801 | 0000 48c7 | 0001 0000 | 0048 8bca | 49ba 0000 | 0062 0402 | 0000 492b 
  0x000002044a31f958: ca89 4808 | 4833 c989 | 480c 4833 | c948 8948 | 1048 8948 | 1848 8944 | 2478 488b 

  0x000002044a31f974: ;   {metadata(method data for {method} {0x00000204620bc680} 'iterator' '()Ljava/util/Iterator;' in 'java/util/ArrayList')}
  0x000002044a31f974: d048 be08 | 655e a304 | 0200 0048 | 8386 1001 

  0x000002044a31f984: ;   {metadata(method data for {method} {0x0000020462189080} '<init>' '(Ljava/util/ArrayList;)V' in 'java/util/ArrayList$Itr')}
  0x000002044a31f984: 0000 0148 | ba50 665e | a304 0200 | 008b b2cc | 0000 0083 | c602 89b2 | cc00 0000 | 81e6 feff 
  0x000002044a31f9a4: 1f00 83fe | 000f 84f3 | 0700 0041 | 0fbe 5740 | 83fa 000f | 8506 0800 | 0048 8b54 | 2460 4c8b 
  0x000002044a31f9c4: d249 c1ea | 0344 8950 | 1848 8bf0 | 4833 f248 | c1ee 1648 | 83fe 000f | 8501 0800 | 0048 8bf0 
  0x000002044a31f9e4: ;   {metadata(method data for {method} {0x0000020462189080} '<init>' '(Ljava/util/ArrayList;)V' in 'java/util/ArrayList$Itr')}
  0x000002044a31f9e4: 48bf 5066 | 5ea3 0402 | 0000 4883 | 8710 0100 

  0x000002044a31f9f4: ;   {metadata(method data for {method} {0x0000020462479fd0} '<init>' '()V' in 'java/lang/Object')}
  0x000002044a31f9f4: 0001 48be | 5075 00a3 | 0402 0000 | 8bbe cc00 | 0000 83c7 | 0289 becc | 0000 0081 | e7fe ff1f 
  0x000002044a31fa14: 0083 ff00 | 0f84 dc07 | 0000 c740 | 10ff ffff | ff8b 520c | 8950 140f | 1f44 0000 

  0x000002044a31fa30: ;   {metadata(method data for {method} {0x00000204a3658eb0} 'd' '(Lui/frmwork/a/v;)V' in 'ui/frmwork/a/x')}
  0x000002044a31fa30: 488b f048 | bf80 b5a2 | ca04 0200 | 008b 7608 | 49ba 0000 | 0062 0402 | 0000 4903 | f248 3bb7 
  0x000002044a31fa50: 6801 0000 | 750d 4883 | 8770 0100 | 0001 e960 | 0000 0048 | 3bb7 7801 | 0000 750d | 4883 8780 
  0x000002044a31fa70: 0100 0001 | e94a 0000 | 0048 83bf | 6801 0000 | 0075 1748 | 89b7 6801 | 0000 48c7 | 8770 0100 
  0x000002044a31fa90: 0001 0000 | 00e9 2900 | 0000 4883 | bf78 0100 | 0000 7517 | 4889 b778 | 0100 0048 | c787 8001 
  0x000002044a31fab0: 0000 0100 | 0000 e908 | 0000 0048 | 8387 5801 

  0x000002044a31fac0: ;   {metadata(method data for {method} {0x0000020462188fd0} 'hasNext' '()Z' in 'java/util/ArrayList$Itr')}
  0x000002044a31fac0: 0000 0148 | bec0 3513 | a304 0200 | 008b becc | 0000 0083 | c702 89be | cc00 0000 | 81e7 feff 
  0x000002044a31fae0: 1f00 83ff | 000f 8430 | 0700 008b | 700c 8b78 | 1848 c1e7 | 038b 7f10 

  0x000002044a31faf8: ;   {metadata(method data for {method} {0x0000020462188fd0} 'hasNext' '()Z' in 'java/util/ArrayList$Itr')}
  0x000002044a31faf8: 3bf7 48be | c035 13a3 | 0402 0000 | 48bf 1001 | 0000 0000 | 0000 0f84 | 0a00 0000 | 48bf 2001 
  0x000002044a31fb18: 0000 0000 | 0000 488b | 1c3e 488d | 5b01 4889 | 1c3e 0f84 | 1a00 0000 

  0x000002044a31fb30: ;   {metadata(method data for {method} {0x0000020462188fd0} 'hasNext' '()Z' in 'java/util/ArrayList$Itr')}
  0x000002044a31fb30: 48be c035 | 13a3 0402 | 0000 ff86 | 3001 0000 | be01 0000 | 00e9 0500 | 0000 be00 | 0000 0083 
  0x000002044a31fb50: e601 83fe 

  0x000002044a31fb54: ;   {metadata(method data for {method} {0x00000204a3658eb0} 'd' '(Lui/frmwork/a/v;)V' in 'ui/frmwork/a/x')}
  0x000002044a31fb54: 0048 be80 | b5a2 ca04 | 0200 0048 | bf90 0100 | 0000 0000 | 000f 840a | 0000 0048 | bfa0 0100 
  0x000002044a31fb74: 0000 0000 | 0048 8b1c | 3e48 8d5b | 0148 891c | 3e0f 84a5 | 0500 0048 

  0x000002044a31fb8c: ;   {metadata(method data for {method} {0x00000204a3658eb0} 'd' '(Lui/frmwork/a/v;)V' in 'ui/frmwork/a/x')}
  0x000002044a31fb8c: 8bf0 48bf | 80b5 a2ca | 0402 0000 | 8b76 0849 | ba00 0000 | 6204 0200 | 0049 03f2 | 483b b7c0 
  0x000002044a31fbac: 0100 0075 | 0d48 8387 | c801 0000 | 01e9 6000 | 0000 483b | b7d0 0100 | 0075 0d48 | 8387 d801 
  0x000002044a31fbcc: 0000 01e9 | 4a00 0000 | 4883 bfc0 | 0100 0000 | 7517 4889 | b7c0 0100 | 0048 c787 | c801 0000 
  0x000002044a31fbec: 0100 0000 | e929 0000 | 0048 83bf | d001 0000 | 0075 1748 | 89b7 d001 | 0000 48c7 | 87d8 0100 
  0x000002044a31fc0c: 0001 0000 | 00e9 0800 | 0000 4883 | 87b0 0100 | 0001 488b | d066 0f1f 

  0x000002044a31fc24: ;   {optimized virtual_call}
  0x000002044a31fc24: 4400 00e8 

  0x000002044a31fc28: ; ImmutableOopMap {[104]=Oop [112]=Oop [120]=Oop }
                      ;*invokeinterface next {reexecute=0 rethrow=0 return_oop=0}
                      ; - ui.frmwork.a.x::d@27 (line 36)
  0x000002044a31fc28: 14e3 7606 

  0x000002044a31fc2c: ;   {other}
  0x000002044a31fc2c: 0f1f 8400 | 1c07 0001 | 4883 f800 

  0x000002044a31fc38: ;   {metadata(method data for {method} {0x00000204a3658eb0} 'd' '(Lui/frmwork/a/v;)V' in 'ui/frmwork/a/x')}
  0x000002044a31fc38: 7517 49b9 | 80b5 a2ca | 0402 0000 | 4180 89e1 | 0100 0001 | e9ed 0000 

  0x000002044a31fc50: ;   {metadata('ui/frmwork/a/w')}
  0x000002044a31fc50: 0048 bff8 | 0900 6304 | 0200 0044 | 8b48 0849 | ba00 0000 | 6204 0200 | 004d 03ca | 493b 7920 
  0x000002044a31fc70: 0f84 1f00 | 0000 4c3b | cf0f 8416 | 0000 0041 

  0x000002044a31fc80: ;   {runtime_call slow_subtype_check Runtime1 stub}
  0x000002044a31fc80: 5157 e8f9 | 7705 0641 | 5941 5941 | 83f9 000f | 848d 0000 

  0x000002044a31fc94: ;   {metadata(method data for {method} {0x00000204a3658eb0} 'd' '(Lui/frmwork/a/v;)V' in 'ui/frmwork/a/x')}
  0x000002044a31fc94: 0049 b980 | b5a2 ca04 | 0200 008b | 7808 49ba | 0000 0062 | 0402 0000 | 4903 fa49 | 3bb9 f801 
  0x000002044a31fcb4: 0000 750d | 4983 8100 | 0200 0001 | e979 0000 | 0049 3bb9 | 0802 0000 | 750d 4983 | 8110 0200 
  0x000002044a31fcd4: 0001 e963 | 0000 0049 | 83b9 f801 | 0000 0075 | 1749 89b9 | f801 0000 | 49c7 8100 | 0200 0001 
  0x000002044a31fcf4: 0000 00e9 | 4200 0000 | 4983 b908 | 0200 0000 | 7517 4989 | b908 0200 | 0049 c781 | 1002 0000 
  0x000002044a31fd14: 0100 0000 | e921 0000 | 00e9 1c00 

  0x000002044a31fd20: ;   {metadata(method data for {method} {0x00000204a3658eb0} 'd' '(Lui/frmwork/a/v;)V' in 'ui/frmwork/a/x')}
  0x000002044a31fd20: 0000 49b9 | 80b5 a2ca | 0402 0000 | 4983 a9e8 | 0100 0001 | e908 0500 | 00e9 0000 | 0000 488b 
  0x000002044a31fd40: f048 8b54 | 2468 8b5a | 0c48 c1e3 | 0348 3b03 

  0x000002044a31fd50: ;   {metadata(method data for {method} {0x00000204a3658eb0} 'd' '(Lui/frmwork/a/v;)V' in 'ui/frmwork/a/x')}
  0x000002044a31fd50: 4c8b c349 | b980 b5a2 | ca04 0200 | 0045 8b40 | 0849 ba00 | 0000 6204 | 0200 004d | 03c2 4d3b 
  0x000002044a31fd70: 8130 0200 | 0075 0d49 | 8381 3802 | 0000 01e9 | 6000 0000 | 4d3b 8140 | 0200 0075 | 0d49 8381 
  0x000002044a31fd90: 4802 0000 | 01e9 4a00 | 0000 4983 | b930 0200 | 0000 7517 | 4d89 8130 | 0200 0049 | c781 3802 
  0x000002044a31fdb0: 0000 0100 | 0000 e929 | 0000 0049 | 83b9 4002 | 0000 0075 | 174d 8981 | 4002 0000 | 49c7 8148 
  0x000002044a31fdd0: 0200 0001 | 0000 00e9 | 0800 0000 | 4983 8120 | 0200 0001 

  0x000002044a31fde4: ;   {metadata(method data for {method} {0x00000204620bc6d8} 'contains' '(Ljava/lang/Object;)Z' in 'java/util/ArrayList')}
  0x000002044a31fde4: 49b8 d865 | a5a3 0402 | 0000 458b | 88cc 0000 | 0041 83c1 | 0245 8988 | cc00 0000 | 4181 e1fe 
  0x000002044a31fe04: ff1f 0041 | 83f9 000f | 843e 0400 | 004c 8bc3 

  0x000002044a31fe14: ;   {metadata(method data for {method} {0x00000204620bc6d8} 'contains' '(Ljava/lang/Object;)Z' in 'java/util/ArrayList')}
  0x000002044a31fe14: 49b9 d865 | a5a3 0402 | 0000 458b | 4008 49ba | 0000 0062 | 0402 0000 | 4d03 c24d | 3b81 2001 
  0x000002044a31fe34: 0000 750d | 4983 8128 | 0100 0001 | e960 0000 | 004d 3b81 | 3001 0000 | 750d 4983 | 8138 0100 
  0x000002044a31fe54: 0001 e94a | 0000 0049 | 83b9 2001 | 0000 0075 | 174d 8981 | 2001 0000 | 49c7 8128 | 0100 0001 
  0x000002044a31fe74: 0000 00e9 | 2900 0000 | 4983 b930 | 0100 0000 | 7517 4d89 | 8130 0100 | 0049 c781 | 3801 0000 
  0x000002044a31fe94: 0100 0000 | e908 0000 | 0049 8381 | 1001 0000 

  0x000002044a31fea4: ;   {metadata(method data for {method} {0x00000204620bc9f0} 'indexOf' '(Ljava/lang/Object;)I' in 'java/util/ArrayList')}
  0x000002044a31fea4: 0149 b8a0 | 67a5 a304 | 0200 0045 | 8b88 cc00 | 0000 4183 | c102 4589 | 88cc 0000 | 0041 81e1 
  0x000002044a31fec4: feff 1f00 | 4183 f900 | 0f84 9e03 | 0000 8b7b | 104c 8bc3 

  0x000002044a31fed8: ;   {metadata(method data for {method} {0x00000204620bc9f0} 'indexOf' '(Ljava/lang/Object;)I' in 'java/util/ArrayList')}
  0x000002044a31fed8: 49b9 a067 | a5a3 0402 | 0000 458b | 4008 49ba | 0000 0062 | 0402 0000 | 4d03 c24d | 3b81 2001 
  0x000002044a31fef8: 0000 750d | 4983 8128 | 0100 0001 | e960 0000 | 004d 3b81 | 3001 0000 | 750d 4983 | 8138 0100 
  0x000002044a31ff18: 0001 e94a | 0000 0049 | 83b9 2001 | 0000 0075 | 174d 8981 | 2001 0000 | 49c7 8128 | 0100 0001 
  0x000002044a31ff38: 0000 00e9 | 2900 0000 | 4983 b930 | 0100 0000 | 7517 4d89 | 8130 0100 | 0049 c781 | 3801 0000 
  0x000002044a31ff58: 0100 0000 | e908 0000 | 0049 8381 | 1001 0000 | 014c 8bc6 | 41b9 0000 | 0000 488b | d348 89b4 
  0x000002044a31ff78: 2480 0000 

  0x000002044a31ff7c: ;   {optimized virtual_call}
  0x000002044a31ff7c: 0066 90e8 

  0x000002044a31ff80: ; ImmutableOopMap {[104]=Oop [112]=Oop [120]=Oop [128]=Oop }
                      ;*invokevirtual indexOfRange {reexecute=0 rethrow=0 return_oop=0}
                      ; - java.util.ArrayList::indexOf@7 (line 286)
                      ; - java.util.ArrayList::contains@2 (line 275)
                      ; - ui.frmwork.a.x::d@43 (line 41)
  0x000002044a31ff80: dc71 7c06 

  0x000002044a31ff84: ;   {other}
  0x000002044a31ff84: 0f1f 8400 | 740a 0002 

  0x000002044a31ff8c: ;   {metadata(method data for {method} {0x00000204620bc6d8} 'contains' '(Ljava/lang/Object;)Z' in 'java/util/ArrayList')}
  0x000002044a31ff8c: 83f8 0049 | b8d8 65a5 | a304 0200 | 0048 ba48 | 0100 0000 | 0000 000f | 8c0a 0000 | 0048 ba58 
  0x000002044a31ffac: 0100 0000 | 0000 0049 | 8b34 1048 | 8d76 0149 | 8934 100f | 8c1c 0000 

  0x000002044a31ffc4: ;   {metadata(method data for {method} {0x00000204620bc6d8} 'contains' '(Ljava/lang/Object;)Z' in 'java/util/ArrayList')}
  0x000002044a31ffc4: 0049 b8d8 | 65a5 a304 | 0200 0041 | ff80 6801 | 0000 41b8 | 0100 0000 | e906 0000 | 0041 b800 
  0x000002044a31ffe4: 0000 0041 | 83e0 0141 

  0x000002044a31ffec: ;   {metadata(method data for {method} {0x00000204a3658eb0} 'd' '(Lui/frmwork/a/v;)V' in 'ui/frmwork/a/x')}
  0x000002044a31ffec: 83f8 0049 | b880 b5a2 | ca04 0200 | 0048 ba58 | 0200 0000 | 0000 000f | 840a 0000 | 0048 ba68 
  0x000002044a32000c: 0200 0000 | 0000 0049 | 8b34 1048 | 8d76 0149 | 8934 100f | 84bf 0000 | 0048 8bb4 | 2480 0000 
  0x000002044a32002c: 0048 3b06 

  0x000002044a320030: ;   {metadata(method data for {method} {0x00000204a3658eb0} 'd' '(Lui/frmwork/a/v;)V' in 'ui/frmwork/a/x')}
  0x000002044a320030: 4c8b c648 | ba80 b5a2 | ca04 0200 | 0045 8b40 | 0849 ba00 | 0000 6204 | 0200 004d | 03c2 4c3b 
  0x000002044a320050: 8288 0200 | 0075 0d48 | 8382 9002 | 0000 01e9 | 6000 0000 | 4c3b 8298 | 0200 0075 | 0d48 8382 
  0x000002044a320070: a002 0000 | 01e9 4a00 | 0000 4883 | ba88 0200 | 0000 7517 | 4c89 8288 | 0200 0048 | c782 9002 
  0x000002044a320090: 0000 0100 | 0000 e929 | 0000 0048 | 83ba 9802 | 0000 0075 | 174c 8982 | 9802 0000 | 48c7 82a0 
  0x000002044a3200b0: 0200 0001 | 0000 00e9 | 0800 0000 | 4883 8278 | 0200 0001 | 4c8b 4424 | 7048 8bd6 | 9048 b870 
  0x000002044a3200d0: 0aec 1605 

  0x000002044a3200d4: ;   {virtual_call}
  0x000002044a3200d4: 0200 00e8 

  0x000002044a3200d8: ; ImmutableOopMap {[104]=Oop [112]=Oop [120]=Oop }
                      ;*invokeinterface handleTclEvent {reexecute=0 rethrow=0 return_oop=0}
                      ; - ui.frmwork.a.x::d@52 (line 42)
  0x000002044a3200d8: 549b 0e06 

  0x000002044a3200dc: ;   {other}
  0x000002044a3200dc: 0f1f 8400 | cc0b 0003 

  0x000002044a3200e4: ;   {metadata(method data for {method} {0x00000204a3658eb0} 'd' '(Lui/frmwork/a/v;)V' in 'ui/frmwork/a/x')}
  0x000002044a3200e4: 48be 80b5 | a2ca 0402 | 0000 8bbe | d000 0000 | 83c7 0289 | bed0 0000 | 0081 e7fe | 3f00 0083 
  0x000002044a320104: ff00 0f84 | 8a01 0000 | 4d8b 9758 

  0x000002044a320110: ; ImmutableOopMap {[104]=Oop [112]=Oop [120]=Oop }
                      ;*goto {reexecute=1 rethrow=0 return_oop=0}
                      ; - (reexecute) ui.frmwork.a.x::d@57 (line 43)
                      ;   {poll}
  0x000002044a320110: 0400 0041 

  0x000002044a320114: ;   {metadata(method data for {method} {0x00000204a3658eb0} 'd' '(Lui/frmwork/a/v;)V' in 'ui/frmwork/a/x')}
  0x000002044a320114: 8502 48be | 80b5 a2ca | 0402 0000 | ff86 b002 | 0000 488b | 4424 78e9 | 00f9 ffff | 4881 c490 
  0x000002044a320134: 0000 005d 

  0x000002044a320138: ;   {poll_return}
  0x000002044a320138: 493b a750 | 0400 000f | 8772 0100 

  0x000002044a320144: ;   {metadata({method} {0x00000204a3658eb0} 'd' '(Lui/frmwork/a/v;)V' in 'ui/frmwork/a/x')}
  0x000002044a320144: 00c3 49ba | a88e 65a3 | 0402 0000 | 4c89 5424 | 0848 c704 | 24ff ffff 

  0x000002044a32015c: ;   {runtime_call counter_overflow Runtime1 stub}
  0x000002044a32015c: ffe8 9ead 

  0x000002044a320160: ; ImmutableOopMap {rdx=Oop r8=Oop [104]=Oop [112]=Oop }
                      ;*synchronization entry
                      ; - ui.frmwork.a.x::d@-1 (line 34)
  0x000002044a320160: 0506 e96a | f6ff ff48 

  0x000002044a320168: ;   {runtime_call fast_new_instance Runtime1 stub}
  0x000002044a320168: 8bd2 e811 

  0x000002044a32016c: ; ImmutableOopMap {rbx=Oop [104]=Oop [112]=Oop }
                      ;*new {reexecute=0 rethrow=0 return_oop=0}
                      ; - ui.frmwork.a.x::d@0 (line 34)
  0x000002044a32016c: 5205 06e9 | b0f6 ffff 

  0x000002044a320174: ;   {metadata({method} {0x00000204620bc680} 'iterator' '()Ljava/util/Iterator;' in 'java/util/ArrayList')}
  0x000002044a320174: 49ba 78c6 | 0b62 0402 | 0000 4c89 | 5424 0848 | c704 24ff 

  0x000002044a320188: ;   {runtime_call counter_overflow Runtime1 stub}
  0x000002044a320188: ffff ffe8 

  0x000002044a32018c: ; ImmutableOopMap {[96]=Oop [104]=Oop [112]=Oop }
                      ;*synchronization entry
                      ; - java.util.ArrayList::iterator@-1 (line 1029)
                      ; - ui.frmwork.a.x::d@13 (line 36)
  0x000002044a32018c: 70ad 0506 | e984 f7ff | ff48 8bd2 

  0x000002044a320198: ;   {runtime_call fast_new_instance Runtime1 stub}
  0x000002044a320198: e8e3 5105 

  0x000002044a32019c: ; ImmutableOopMap {[96]=Oop [104]=Oop [112]=Oop }
                      ;*new {reexecute=0 rethrow=0 return_oop=0}
                      ; - java.util.ArrayList::iterator@0 (line 1029)
                      ; - ui.frmwork.a.x::d@13 (line 36)
  0x000002044a32019c: 06e9 cbf7 

  0x000002044a3201a0: ;   {metadata({method} {0x0000020462189080} '<init>' '(Ljava/util/ArrayList;)V' in 'java/util/ArrayList$Itr')}
  0x000002044a3201a0: ffff 49ba | 7890 1862 | 0402 0000 | 4c89 5424 | 0848 c704 | 24ff ffff 

  0x000002044a3201b8: ;   {runtime_call counter_overflow Runtime1 stub}
  0x000002044a3201b8: ffe8 42ad 

  0x000002044a3201bc: ; ImmutableOopMap {rax=Oop [96]=Oop [104]=Oop [112]=Oop [120]=Oop }
                      ;*synchronization entry
                      ; - java.util.ArrayList$Itr::<init>@-1 (line 1041)
                      ; - java.util.ArrayList::iterator@5 (line 1029)
                      ; - ui.frmwork.a.x::d@13 (line 36)
  0x000002044a3201bc: 0506 e9ec | f7ff ff8b | 5018 48c1 | e203 4883 | fa00 0f84 | e9f7 ffff | 4889 1424 

  0x000002044a3201d8: ;   {runtime_call g1_pre_barrier_slow}
  0x000002044a3201d8: e823 b305 | 06e9 dbf7 | ffff 4883 | fa00 0f84 | f5f7 ffff | 4889 0424 

  0x000002044a3201f0: ;   {runtime_call g1_post_barrier_slow}
  0x000002044a3201f0: e80b b605 | 06e9 e7f7 

  0x000002044a3201f8: ;   {metadata({method} {0x0000020462479fd0} '<init>' '()V' in 'java/lang/Object')}
  0x000002044a3201f8: ffff 49ba | c89f 4762 | 0402 0000 | 4c89 5424 | 0848 c704 | 24ff ffff 

  0x000002044a320210: ;   {runtime_call counter_overflow Runtime1 stub}
  0x000002044a320210: ffe8 eaac 

  0x000002044a320214: ; ImmutableOopMap {rax=Oop rdx=Oop [104]=Oop [112]=Oop [120]=Oop }
                      ;*synchronization entry
                      ; - java.lang.Object::<init>@-1 (line 45)
                      ; - java.util.ArrayList$Itr::<init>@6 (line 1041)
                      ; - java.util.ArrayList::iterator@5 (line 1029)
                      ; - ui.frmwork.a.x::d@13 (line 36)
  0x000002044a320214: 0506 e903 

  0x000002044a320218: ;   {metadata({method} {0x0000020462188fd0} 'hasNext' '()Z' in 'java/util/ArrayList$Itr')}
  0x000002044a320218: f8ff ff49 | bac8 8f18 | 6204 0200 | 004c 8954 | 2408 48c7 | 0424 ffff 

  0x000002044a320230: ;   {runtime_call counter_overflow Runtime1 stub}
  0x000002044a320230: ffff e8c9 

  0x000002044a320234: ; ImmutableOopMap {rax=Oop [104]=Oop [112]=Oop [120]=Oop }
                      ;*synchronization entry
                      ; - java.util.ArrayList$Itr::hasNext@-1 (line 1044)
                      ; - ui.frmwork.a.x::d@18 (line 36)
  0x000002044a320234: ac05 06e9 | aff8 ffff 

  0x000002044a32023c: ;   {runtime_call throw_null_pointer_exception Runtime1 stub}
  0x000002044a32023c: e83f 4805 

  0x000002044a320240: ; ImmutableOopMap {rax=Oop [104]=Oop [112]=Oop [120]=Oop }
                      ;*getfield size {reexecute=1 rethrow=0 return_oop=0}
                      ; - (reexecute) java.util.ArrayList$Itr::hasNext@8 (line 1044)
                      ; - ui.frmwork.a.x::d@18 (line 36)
  0x000002044a320240: 0648 8904 

  0x000002044a320244: ;   {runtime_call throw_class_cast_exception Runtime1 stub}
  0x000002044a320244: 24e8 366c 

  0x000002044a320248: ; ImmutableOopMap {[104]=Oop [112]=Oop [120]=Oop }
                      ;*checkcast {reexecute=0 rethrow=0 return_oop=0}
                      ; - ui.frmwork.a.x::d@32 (line 36)
                      ;   {runtime_call throw_null_pointer_exception Runtime1 stub}
  0x000002044a320248: 0506 e831 

  0x000002044a32024c: ; ImmutableOopMap {rsi=Oop rdx=Oop rbx=Oop [104]=Oop [112]=Oop [120]=Oop }
                      ;*invokevirtual contains {reexecute=0 rethrow=0 return_oop=0}
                      ; - ui.frmwork.a.x::d@43 (line 41)
                      ;   {metadata({method} {0x00000204620bc6d8} 'contains' '(Ljava/lang/Object;)Z' in 'java/util/ArrayList')}
  0x000002044a32024c: 4805 0649 | bad0 c60b | 6204 0200 | 004c 8954 | 2408 48c7 | 0424 ffff 

  0x000002044a320264: ;   {runtime_call counter_overflow Runtime1 stub}
  0x000002044a320264: ffff e895 

  0x000002044a320268: ; ImmutableOopMap {rsi=Oop rdx=Oop rbx=Oop [104]=Oop [112]=Oop [120]=Oop }
                      ;*synchronization entry
                      ; - java.util.ArrayList::contains@-1 (line 275)
                      ; - ui.frmwork.a.x::d@43 (line 41)
  0x000002044a320268: ac05 06e9 | a1fb ffff 

  0x000002044a320270: ;   {metadata({method} {0x00000204620bc9f0} 'indexOf' '(Ljava/lang/Object;)I' in 'java/util/ArrayList')}
  0x000002044a320270: 49ba e8c9 | 0b62 0402 | 0000 4c89 | 5424 0848 | c704 24ff 

  0x000002044a320284: ;   {runtime_call counter_overflow Runtime1 stub}
  0x000002044a320284: ffff ffe8 

  0x000002044a320288: ; ImmutableOopMap {rsi=Oop rdx=Oop rbx=Oop [104]=Oop [112]=Oop [120]=Oop }
                      ;*synchronization entry
                      ; - java.util.ArrayList::indexOf@-1 (line 286)
                      ; - java.util.ArrayList::contains@2 (line 275)
                      ; - ui.frmwork.a.x::d@43 (line 41)
  0x000002044a320288: 74ac 0506 | e941 fcff 

  0x000002044a320290: ;   {runtime_call throw_null_pointer_exception Runtime1 stub}
  0x000002044a320290: ffe8 ea47 

  0x000002044a320294: ; ImmutableOopMap {rsi=Oop [104]=Oop [112]=Oop [120]=Oop }
                      ;*invokeinterface handleTclEvent {reexecute=0 rethrow=0 return_oop=0}
                      ; - ui.frmwork.a.x::d@52 (line 42)
                      ;   {metadata({method} {0x00000204a3658eb0} 'd' '(Lui/frmwork/a/v;)V' in 'ui/frmwork/a/x')}
  0x000002044a320294: 0506 49ba | a88e 65a3 | 0402 0000 | 4c89 5424 | 0848 c704 | 2439 0000 

  0x000002044a3202ac: ;   {runtime_call counter_overflow Runtime1 stub}
  0x000002044a3202ac: 00e8 4eac 

  0x000002044a3202b0: ; ImmutableOopMap {[104]=Oop [112]=Oop [120]=Oop }
                      ;*goto {reexecute=1 rethrow=0 return_oop=0}
                      ; - (reexecute) ui.frmwork.a.x::d@57 (line 43)
  0x000002044a3202b0: 0506 e955 

  0x000002044a3202b4: ;   {internal_word}
  0x000002044a3202b4: feff ff49 | ba38 0132 | 4a04 0200 | 004d 8997 | 6804 0000 

  0x000002044a3202c8: ;   {runtime_call SafepointBlob}
  0x000002044a3202c8: e933 54f9 | 0549 8b87 | 0005 0000 | 49c7 8700 | 0500 0000 | 0000 0049 | c787 0805 | 0000 0000 
  0x000002044a3202e8: 0000 4881 | c490 0000 

  0x000002044a3202f0: ;   {runtime_call unwind_exception Runtime1 stub}
  0x000002044a3202f0: 005d e989 | 3805 06f4 
[Stub Code]
  0x000002044a3202f8: ;   {no_reloc}
  0x000002044a3202f8: 0f1f 4400 

  0x000002044a3202fc: ;   {static_stub}
  0x000002044a3202fc: 0048 bb00 | 0000 0000 

  0x000002044a320304: ;   {runtime_call}
  0x000002044a320304: 0000 00e9 | fbff ffff 

  0x000002044a32030c: ;   {static_stub}
  0x000002044a32030c: 9048 bb00 | 0000 0000 

  0x000002044a320314: ;   {runtime_call}
  0x000002044a320314: 0000 00e9 | fbff ffff 

  0x000002044a32031c: ;   {static_stub}
  0x000002044a32031c: 9048 bb00 | 0000 0000 

  0x000002044a320324: ;   {runtime_call}
  0x000002044a320324: 0000 00e9 | fbff ffff 

  0x000002044a32032c: ;   {static_stub}
  0x000002044a32032c: 48bb 0000 | 0000 0000 

  0x000002044a320334: ;   {runtime_call}
  0x000002044a320334: 0000 e9fb 

  0x000002044a320338: ;   {runtime_call handle_exception_from_callee Runtime1 stub}
  0x000002044a320338: ffff ffe8 | 4065 0506 

  0x000002044a320340: ;   {external_word}
  0x000002044a320340: 48b9 50e0 | cded f87f | 0000 4883 

  0x000002044a32034c: ;   {runtime_call}
  0x000002044a32034c: e4f0 48b8 | 50ef 90ed | f87f 0000 

  0x000002044a320358: ;   {section_word}
  0x000002044a320358: ffd0 f449 | ba5b 0332 | 4a04 0200 

  0x000002044a320364: ;   {runtime_call DeoptimizationBlob}
  0x000002044a320364: 0041 52e9 | 3446 f905 | f4f4 f4f4 
[/MachCode]


Compiled method (c1) 2230181 33444       3       ui.frmwork.I::i (474 bytes)
 total in heap  [0x0000020449725590,0x000002044972c8d8] = 29512
 relocation     [0x00000204497256f0,0x0000020449725e00] = 1808
 main code      [0x0000020449725e00,0x000002044972ad28] = 20264
 stub code      [0x000002044972ad28,0x000002044972afe0] = 696
 oops           [0x000002044972afe0,0x000002044972b010] = 48
 metadata       [0x000002044972b010,0x000002044972b160] = 336
 scopes data    [0x000002044972b160,0x000002044972bd68] = 3080
 scopes pcs     [0x000002044972bd68,0x000002044972c7c8] = 2656
 dependencies   [0x000002044972c7c8,0x000002044972c7d0] = 8
 handler table  [0x000002044972c7d0,0x000002044972c7e8] = 24
 nul chk table  [0x000002044972c7e8,0x000002044972c8d8] = 240

[Constant Pool (empty)]

[MachCode]
[Entry Point]
  # {method} {0x00000204a3632ad0} 'i' '(JZ)V' in 'ui/frmwork/I'
  # this:     rdx:rdx   = 'ui/frmwork/I'
  # parm0:    r8:r8     = long
  # parm1:    r9        = boolean
  #           [sp+0x1d0]  (sp of caller)
  0x0000020449725e00: 448b 5208 | 49bb 0000 | 0062 0402 | 0000 4d03 | d34c 3bd0 

  0x0000020449725e14: ;   {runtime_call ic_miss_stub}
  0x0000020449725e14: 0f85 6689 | b806 660f | 1f44 0000 
[Verified Entry Point]
  0x0000020449725e20: 8984 2400 | 80ff ff55 | 4881 ecc0 | 0100 0090 | 4181 7f20 | 3400 0000 

  0x0000020449725e38: ;   {runtime_call StubRoutines (final stubs)}
  0x0000020449725e38: 7405 e821 | efb6 0648 | 8994 24d0 | 0000 004c | 8984 24e8 | 0000 0044 | 898c 24e0 

  0x0000020449725e54: ;   {metadata(method data for {method} {0x00000204a3632ad0} 'i' '(JZ)V' in 'ui/frmwork/I')}
  0x0000020449725e54: 0000 0048 | be60 a6a2 | ca04 0200 | 008b becc | 0000 0083 | c702 89be | cc00 0000 | 81e7 fe07 
  0x0000020449725e74: 0000 83ff | 000f 84bc 

  0x0000020449725e7c: ;   {metadata(method data for {method} {0x00000204a3632ad0} 'i' '(JZ)V' in 'ui/frmwork/I')}
  0x0000020449725e7c: 4400 0048 | be60 a6a2 | ca04 0200 | 0048 8386 | 1001 0000 

  0x0000020449725e90: ;   {metadata(method data for {method} {0x00000204a3495640} 'Dg' '(Z)V' in 'ui/utils/x')}
  0x0000020449725e90: 0148 be40 | d62f ca04 | 0200 008b | becc 0000 | 0083 c702 | 89be cc00 | 0000 81e7 | feff 1f00 
  0x0000020449725eb0: 83ff 000f | 84a3 4400 

  0x0000020449725eb8: ;   {oop(a 'java/lang/Class'{0x00000006806f2438} = 'ui/utils/x')}
  0x0000020449725eb8: 0048 be38 | 246f 8006 | 0000 00c6 | 86fa 0000 

  0x0000020449725ec8: ;   {metadata('ui/frmwork/a/v')}
  0x0000020449725ec8: 0001 48ba | b0d2 0c63 | 0402 0000 | 498b 87b8 | 0100 0048 | 8d78 1849 | 3bbf c801 | 0000 0f87 
  0x0000020449725ee8: 9144 0000 | 4989 bfb8 | 0100 0048 | c700 0100 | 0000 488b | ca49 ba00 | 0000 6204 | 0200 0049 
  0x0000020449725f08: 2bca 8948 | 0848 33c9 | 8948 0c48 | 33c9 4889 | 4810 4889 | 8424 d800 | 0000 488b 

  0x0000020449725f24: ;   {metadata(method data for {method} {0x00000204a3632ad0} 'i' '(JZ)V' in 'ui/frmwork/I')}
  0x0000020449725f24: d048 be60 | a6a2 ca04 | 0200 0048 | 8386 2001 

  0x0000020449725f34: ;   {metadata(method data for {method} {0x00000204a36d40a8} '<init>' '(J)V' in 'ui/frmwork/a/v')}
  0x0000020449725f34: 0000 0148 | ba98 9ef8 | c904 0200 | 008b b2cc | 0000 0083 | c602 89b2 | cc00 0000 | 81e6 feff 
  0x0000020449725f54: 1f00 83fe | 000f 842b | 4400 0048 

  0x0000020449725f60: ;   {metadata(method data for {method} {0x00000204a36d40a8} '<init>' '(J)V' in 'ui/frmwork/a/v')}
  0x0000020449725f60: 8bd0 48be | 989e f8c9 | 0402 0000 | 4883 8610 | 0100 0001 

  0x0000020449725f74: ;   {metadata(method data for {method} {0x0000020462479fd0} '<init>' '()V' in 'java/lang/Object')}
  0x0000020449725f74: 48ba 5075 | 00a3 0402 | 0000 8bb2 | cc00 0000 | 83c6 0289 | b2cc 0000 | 0081 e6fe | ff1f 0083 
  0x0000020449725f94: fe00 0f84 | 0f44 0000 | 4c89 4010 

  0x0000020449725fa0: ;   {metadata(method data for {method} {0x00000204a3632ad0} 'i' '(JZ)V' in 'ui/frmwork/I')}
  0x0000020449725fa0: 48ba 60a6 | a2ca 0402 | 0000 4883 | 8230 0100 | 0001 498b 

  0x0000020449725fb4: ;   {static_call}
  0x0000020449725fb4: d066 90e8 

  0x0000020449725fb8: ; ImmutableOopMap {[208]=Oop [216]=Oop }
                      ;*invokestatic GuiEventBase_getType {reexecute=0 rethrow=0 return_oop=0}
                      ; - ui.frmwork.I::i@15 (line 166)
  0x0000020449725fb8: 2476 d207 

  0x0000020449725fbc: ;   {other}
  0x0000020449725fbc: 0f1f 8400 | 2c0a 0000 | 488b 9424 | d000 0000 | 0fbe 720c 

  0x0000020449725fd0: ;   {metadata(method data for {method} {0x00000204a3632ad0} 'i' '(JZ)V' in 'ui/frmwork/I')}
  0x0000020449725fd0: 83fe 0048 | be60 a6a2 | ca04 0200 | 0048 bf40 | 0100 0000 | 0000 000f | 840a 0000 | 0048 bf50 
  0x0000020449725ff0: 0100 0000 | 0000 0048 | 8b1c 3e48 | 8d5b 0148 | 891c 3e0f | 8451 0700 | 008b 7220 | 48c1 e603 
  0x0000020449726010: ; implicit exception: dispatches to 0x000002044972a3cc
  0x0000020449726010: 483b 0648 

  0x0000020449726014: ;   {metadata(method data for {method} {0x00000204a3632ad0} 'i' '(JZ)V' in 'ui/frmwork/I')}
  0x0000020449726014: 8bfe 48bb | 60a6 a2ca | 0402 0000 | 8b7f 0849 | ba00 0000 | 6204 0200 | 0049 03fa | 483b bb70 
  0x0000020449726034: 0100 0075 | 0d48 8383 | 7801 0000 | 01e9 6000 | 0000 483b | bb80 0100 | 0075 0d48 | 8383 8801 
  0x0000020449726054: 0000 01e9 | 4a00 0000 | 4883 bb70 | 0100 0000 | 7517 4889 | bb70 0100 | 0048 c783 | 7801 0000 
  0x0000020449726074: 0100 0000 | e929 0000 | 0048 83bb | 8001 0000 | 0075 1748 | 89bb 8001 | 0000 48c7 | 8388 0100 
  0x0000020449726094: 0001 0000 | 00e9 0800 | 0000 4883 | 8360 0100 | 0001 488b | d60f 1f40 | 0048 b8ff | ffff ffff 
  0x00000204497260b4: ;   {virtual_call}
  0x00000204497260b4: ffff ffe8 

  0x00000204497260b8: ; ImmutableOopMap {[208]=Oop [216]=Oop }
                      ;*invokeinterface iterator {reexecute=0 rethrow=0 return_oop=0}
                      ; - ui.frmwork.I::i@31 (line 171)
  0x00000204497260b8: c48c b806 

  0x00000204497260bc: ;   {other}
  0x00000204497260bc: 0f1f 8400 | 2c0b 0001 | 4889 8424 | f000 0000 | 0f1f 4000 

  0x00000204497260d0: ; implicit exception: dispatches to 0x000002044972a3d1
  0x00000204497260d0: 483b 0048 

  0x00000204497260d4: ;   {metadata(method data for {method} {0x00000204a3632ad0} 'i' '(JZ)V' in 'ui/frmwork/I')}
  0x00000204497260d4: 8bf8 48bb | 60a6 a2ca | 0402 0000 | 8b7f 0849 | ba00 0000 | 6204 0200 | 0049 03fa | 483b bba8 
  0x00000204497260f4: 0100 0075 | 0d48 8383 | b001 0000 | 01e9 6000 | 0000 483b | bbb8 0100 | 0075 0d48 | 8383 c001 
  0x0000020449726114: 0000 01e9 | 4a00 0000 | 4883 bba8 | 0100 0000 | 7517 4889 | bba8 0100 | 0048 c783 | b001 0000 
  0x0000020449726134: 0100 0000 | e929 0000 | 0048 83bb | b801 0000 | 0075 1748 | 89bb b801 | 0000 48c7 | 83c0 0100 
  0x0000020449726154: 0001 0000 | 00e9 0800 | 0000 4883 | 8398 0100 | 0001 488b | d00f 1f40 | 0048 b8ff | ffff ffff 
  0x0000020449726174: ;   {virtual_call}
  0x0000020449726174: ffff ffe8 

  0x0000020449726178: ; ImmutableOopMap {[208]=Oop [216]=Oop [240]=Oop }
                      ;*invokeinterface hasNext {reexecute=0 rethrow=0 return_oop=0}
                      ; - ui.frmwork.I::i@40 (line 171)
  0x0000020449726178: 048c b806 

  0x000002044972617c: ;   {other}
  0x000002044972617c: 0f1f 8400 | ec0b 0002 

  0x0000020449726184: ;   {metadata(method data for {method} {0x00000204a3632ad0} 'i' '(JZ)V' in 'ui/frmwork/I')}
  0x0000020449726184: 83f8 0048 | ba60 a6a2 | ca04 0200 | 0048 bed0 | 0100 0000 | 0000 000f | 840a 0000 | 0048 bee0 
  0x00000204497261a4: 0100 0000 | 0000 0048 | 8b3c 3248 | 8d7f 0148 | 893c 320f | 8425 4000 | 0048 8b94 | 24f0 0000 
  0x00000204497261c4: ;   {metadata(method data for {method} {0x00000204a3632ad0} 'i' '(JZ)V' in 'ui/frmwork/I')}
  0x00000204497261c4: 0048 be60 | a6a2 ca04 | 0200 008b | 5208 49ba | 0000 0062 | 0402 0000 | 4903 d248 | 3b96 0002 
  0x00000204497261e4: 0000 750d | 4883 8608 | 0200 0001 | e960 0000 | 0048 3b96 | 1002 0000 | 750d 4883 | 8618 0200 
  0x0000020449726204: 0001 e94a | 0000 0048 | 83be 0002 | 0000 0075 | 1748 8996 | 0002 0000 | 48c7 8608 | 0200 0001 
  0x0000020449726224: 0000 00e9 | 2900 0000 | 4883 be10 | 0200 0000 | 7517 4889 | 9610 0200 | 0048 c786 | 1802 0000 
  0x0000020449726244: 0100 0000 | e908 0000 | 0048 8386 | f001 0000 | 0148 8b94 | 24f0 0000 | 0048 b8ff | ffff ffff 
  0x0000020449726264: ;   {virtual_call}
  0x0000020449726264: ffff ffe8 

  0x0000020449726268: ; ImmutableOopMap {[208]=Oop [216]=Oop [240]=Oop }
                      ;*invokeinterface next {reexecute=0 rethrow=0 return_oop=0}
                      ; - ui.frmwork.I::i@50 (line 171)
  0x0000020449726268: 148b b806 

  0x000002044972626c: ;   {other}
  0x000002044972626c: 0f1f 8400 | dc0c 0003 | 4883 f800 

  0x0000020449726278: ;   {metadata(method data for {method} {0x00000204a3632ad0} 'i' '(JZ)V' in 'ui/frmwork/I')}
  0x0000020449726278: 7516 48bf | 60a6 a2ca | 0402 0000 | 808f 2102 | 0000 01e9 | cd00 0000 

  0x0000020449726290: ;   {metadata('ui/utils/c/a/a')}
  0x0000020449726290: 48bb 5884 | 1863 0402 | 0000 8b78 | 0849 ba00 | 0000 6204 | 0200 0049 | 03fa 483b | 5f38 0f85 
  0x00000204497262b0: 8d00 0000 

  0x00000204497262b4: ;   {metadata(method data for {method} {0x00000204a3632ad0} 'i' '(JZ)V' in 'ui/frmwork/I')}
  0x00000204497262b4: 48bf 60a6 | a2ca 0402 | 0000 8b58 | 0849 ba00 | 0000 6204 | 0200 0049 | 03da 483b | 9f38 0200 
  0x00000204497262d4: 0075 0d48 | 8387 4002 | 0000 01e9 | 7900 0000 | 483b 9f48 | 0200 0075 | 0d48 8387 | 5002 0000 
  0x00000204497262f4: 01e9 6300 | 0000 4883 | bf38 0200 | 0000 7517 | 4889 9f38 | 0200 0048 | c787 4002 | 0000 0100 
  0x0000020449726314: 0000 e942 | 0000 0048 | 83bf 4802 | 0000 0075 | 1748 899f | 4802 0000 | 48c7 8750 | 0200 0001 
  0x0000020449726334: 0000 00e9 | 2100 0000 | e91c 0000 

  0x0000020449726340: ;   {metadata(method data for {method} {0x00000204a3632ad0} 'i' '(JZ)V' in 'ui/frmwork/I')}
  0x0000020449726340: 0048 bf60 | a6a2 ca04 | 0200 0048 | 83af 2802 | 0000 01e9 | 7e40 0000 | e900 0000 | 0048 8bf0 
  0x0000020449726360: 488b 8424 | d800 0000 

  0x0000020449726368: ;   {metadata(method data for {method} {0x00000204a3632ad0} 'i' '(JZ)V' in 'ui/frmwork/I')}
  0x0000020449726368: 48ba 60a6 | a2ca 0402 

  0x0000020449726370: ;   {metadata('ui/frmwork/a/v')}
  0x0000020449726370: 0000 49ba | b0d2 0c63 | 0402 0000 | 4c89 9270 | 0200 0048 | 8382 7802 

  0x0000020449726388: ;   {metadata(method data for {method} {0x00000204a36d4218} 'iSQ' '()Lui/frmwork/a/v$a;' in 'ui/frmwork/a/v')}
  0x0000020449726388: 0000 0148 | bae8 7cd8 | c904 0200 | 008b bacc | 0000 0083 | c702 89ba | cc00 0000 | 81e7 feff 
  0x00000204497263a8: 1f00 83ff | 000f 842c | 4000 0048 | 8b84 24d8 | 0000 0048 

  0x00000204497263bc: ;   {metadata(method data for {method} {0x00000204a36d4218} 'iSQ' '()Lui/frmwork/a/v$a;' in 'ui/frmwork/a/v')}
  0x00000204497263bc: 8b50 1048 | bfe8 7cd8 | c904 0200 | 0048 8387 | 1001 0000 | 0148 89b4 | 24f8 0000 | 0066 0f1f 
  0x00000204497263dc: ;   {static_call}
  0x00000204497263dc: 4400 00e8 

  0x00000204497263e0: ; ImmutableOopMap {[208]=Oop [216]=Oop [240]=Oop [248]=Oop }
                      ;*invokestatic GuiEventBase_getType {reexecute=0 rethrow=0 return_oop=0}
                      ; - ui.frmwork.a.v::iSQ@4 (line 36)
                      ; - ui.frmwork.I::i@62 (line 172)
  0x00000204497263e0: 9c8c b806 

  0x00000204497263e4: ;   {other}
  0x00000204497263e4: 0f1f 8400 | 540e 0004 

  0x00000204497263ec: ;   {metadata(method data for {method} {0x00000204a36d4218} 'iSQ' '()Lui/frmwork/a/v$a;' in 'ui/frmwork/a/v')}
  0x00000204497263ec: 48ba e87c | d8c9 0402 | 0000 4883 | 8220 0100 

  0x00000204497263fc: ;   {metadata(method data for {method} {0x00000204a36d4160} 'UR' '(I)Lui/frmwork/a/v$a;' in 'ui/frmwork/a/v')}
  0x00000204497263fc: 0001 48ba | f09d 14c9 | 0402 0000 | 8bb2 cc00 | 0000 83c6 | 0289 b2cc | 0000 0081 | e6fe ff1f 
  0x000002044972641c: 0083 fe00 | 0f84 da3f 

  0x0000020449726424: ;   {oop(a 'java/lang/Class'{0x000000068086a2a8} = 'ui/frmwork/a/v')}
  0x0000020449726424: 0000 48ba | a8a2 8680 | 0600 0000 | 8b72 7048 

  0x0000020449726434: ;   {metadata(method data for {method} {0x00000204a36d4160} 'UR' '(I)Lui/frmwork/a/v$a;' in 'ui/frmwork/a/v')}
  0x0000020449726434: c1e6 0348 | baf0 9d14 | c904 0200 | 0048 8382 | 1001 0000 | 0148 8bd0 | 8984 24e4 | 0000 0048 
  0x0000020449726454: 89b4 2400 | 0100 000f 

  0x000002044972645c: ;   {static_call}
  0x000002044972645c: 1f40 00e8 

  0x0000020449726460: ; ImmutableOopMap {[208]=Oop [216]=Oop [240]=Oop [248]=Oop [256]=Oop }
                      ;*invokestatic valueOf {reexecute=0 rethrow=0 return_oop=0}
                      ; - ui.frmwork.a.v::UR@4 (line 29)
                      ; - ui.frmwork.a.v::iSQ@7 (line 36)
                      ; - ui.frmwork.I::i@62 (line 172)
  0x0000020449726460: 1c8c b806 

  0x0000020449726464: ;   {other}
  0x0000020449726464: 0f1f 8400 | d40e 0005 | 488b b424 | 0001 0000 

  0x0000020449726474: ; implicit exception: dispatches to 0x000002044972a421
  0x0000020449726474: 483b 064c 

  0x0000020449726478: ;   {metadata(method data for {method} {0x00000204a36d4160} 'UR' '(I)Lui/frmwork/a/v$a;' in 'ui/frmwork/a/v')}
  0x0000020449726478: 8bc6 48ba | f09d 14c9 | 0402 0000 | 458b 4008 | 49ba 0000 | 0062 0402 | 0000 4d03 | c24c 3b82 
  0x0000020449726498: 3001 0000 | 750d 4883 | 8238 0100 | 0001 e960 | 0000 004c | 3b82 4001 | 0000 750d | 4883 8248 
  0x00000204497264b8: 0100 0001 | e94a 0000 | 0048 83ba | 3001 0000 | 0075 174c | 8982 3001 | 0000 48c7 | 8238 0100 
  0x00000204497264d8: 0001 0000 | 00e9 2900 | 0000 4883 | ba40 0100 | 0000 7517 | 4c89 8240 | 0100 0048 | c782 4801 
  0x00000204497264f8: 0000 0100 | 0000 e908 | 0000 0048 | 8382 2001 | 0000 014c | 8bc0 488b | d60f 1f40 | 0048 b8ff 
  0x0000020449726518: ffff ffff 

  0x000002044972651c: ;   {virtual_call}
  0x000002044972651c: ffff ffe8 

  0x0000020449726520: ; ImmutableOopMap {[208]=Oop [216]=Oop [240]=Oop [248]=Oop }
                      ;*invokevirtual get {reexecute=0 rethrow=0 return_oop=0}
                      ; - ui.frmwork.a.v::UR@7 (line 29)
                      ; - ui.frmwork.a.v::iSQ@7 (line 36)
                      ; - ui.frmwork.I::i@62 (line 172)
  0x0000020449726520: 5c88 b806 

  0x0000020449726524: ;   {other}
  0x0000020449726524: 0f1f 8400 | 940f 0006 | 4883 f800 

  0x0000020449726530: ;   {metadata(method data for {method} {0x00000204a36d4160} 'UR' '(I)Lui/frmwork/a/v$a;' in 'ui/frmwork/a/v')}
  0x0000020449726530: 7516 48bf | f09d 14c9 | 0402 0000 | 808f 5101 | 0000 01e9 | e800 0000 

  0x0000020449726548: ;   {metadata('ui/frmwork/a/v$a')}
  0x0000020449726548: 48bb 9094 | 0063 0402 | 0000 8b78 | 0849 ba00 | 0000 6204 | 0200 0049 | 03fa 483b | 5f20 0f84 
  0x0000020449726568: 1b00 0000 | 483b fb0f | 8412 0000 

  0x0000020449726574: ;   {runtime_call slow_subtype_check Runtime1 stub}
  0x0000020449726574: 0057 53e8 | 040f c506 | 5f5f 83ff | 000f 848d 

  0x0000020449726584: ;   {metadata(method data for {method} {0x00000204a36d4160} 'UR' '(I)Lui/frmwork/a/v$a;' in 'ui/frmwork/a/v')}
  0x0000020449726584: 0000 0048 | bff0 9d14 | c904 0200 | 008b 5808 | 49ba 0000 | 0062 0402 | 0000 4903 | da48 3b9f 
  0x00000204497265a4: 6801 0000 | 750d 4883 | 8770 0100 | 0001 e979 | 0000 0048 | 3b9f 7801 | 0000 750d | 4883 8780 
  0x00000204497265c4: 0100 0001 | e963 0000 | 0048 83bf | 6801 0000 | 0075 1748 | 899f 6801 | 0000 48c7 | 8770 0100 
  0x00000204497265e4: 0001 0000 | 00e9 4200 | 0000 4883 | bf78 0100 | 0000 7517 | 4889 9f78 | 0100 0048 | c787 8001 
  0x0000020449726604: 0000 0100 | 0000 e921 | 0000 00e9 | 1c00 0000 

  0x0000020449726614: ;   {metadata(method data for {method} {0x00000204a36d4160} 'UR' '(I)Lui/frmwork/a/v$a;' in 'ui/frmwork/a/v')}
  0x0000020449726614: 48bf f09d | 14c9 0402 | 0000 4883 | af58 0100 | 0001 e9fb | 3d00 00e9 | 0000 0000 | 488b d048 
  0x0000020449726634: ;   {metadata(method data for {method} {0x00000204a36d4160} 'UR' '(I)Lui/frmwork/a/v$a;' in 'ui/frmwork/a/v')}
  0x0000020449726634: 83fa 0048 | bef0 9d14 | c904 0200 | 0048 bf90 | 0100 0000 | 0000 000f | 850a 0000 | 0048 bfa0 
  0x0000020449726654: 0100 0000 | 0000 0048 | 8b1c 3e48 | 8d5b 0148 | 891c 3e0f | 8532 0000 | 008b 8424 | e400 0000 
  0x0000020449726674: ;   {metadata(method data for {method} {0x00000204a36d4160} 'UR' '(I)Lui/frmwork/a/v$a;' in 'ui/frmwork/a/v')}
  0x0000020449726674: 48ba f09d | 14c9 0402 | 0000 4883 | 82b0 0100 | 0001 4863 | c048 8bd0 

  0x000002044972668c: ;   {static_call}
  0x000002044972668c: 6666 90e8 

  0x0000020449726690: ; ImmutableOopMap {[208]=Oop [216]=Oop [240]=Oop [248]=Oop }
                      ;*invokestatic dU {reexecute=0 rethrow=0 return_oop=0}
                      ; - ui.frmwork.a.v::UR@20 (line 31)
                      ; - ui.frmwork.a.v::iSQ@7 (line 36)
                      ; - ui.frmwork.I::i@62 (line 172)
  0x0000020449726690: ec89 b806 

  0x0000020449726694: ;   {other}
  0x0000020449726694: 0f1f 8400 | 0411 0007 | 488b d048 | 8bb4 24f8 | 0000 0048 | 3b06 488b 

  0x00000204497266ac: ;   {metadata(method data for {method} {0x00000204a3632ad0} 'i' '(JZ)V' in 'ui/frmwork/I')}
  0x00000204497266ac: fe48 bb60 | a6a2 ca04 | 0200 0048 | 8383 9802 | 0000 018b | 7610 48c1 | e603 483b 

  0x00000204497266c8: ;   {metadata(method data for {method} {0x00000204a3632ad0} 'i' '(JZ)V' in 'ui/frmwork/I')}
  0x00000204497266c8: d648 ba60 | a6a2 ca04 | 0200 0048 | bed0 0200 | 0000 0000 | 000f 850a | 0000 0048 | bee0 0200 
  0x00000204497266e8: 0000 0000 | 0048 8b3c | 3248 8d7f | 0148 893c | 3248 8b94 | 24d0 0000 | 000f 8504 | 0000 00c6 
  0x0000020449726708: ;   {metadata(method data for {method} {0x00000204a3632ad0} 'i' '(JZ)V' in 'ui/frmwork/I')}
  0x0000020449726708: 420c 0048 | be60 a6a2 | ca04 0200 | 008b bed0 | 0000 0083 | c702 89be | d000 0000 | 81e7 fe3f 
  0x0000020449726728: 0000 83ff | 000f 8401 | 3d00 004d | 8b97 5804 

  0x0000020449726738: ; ImmutableOopMap {rdx=Oop [208]=Oop [216]=Oop [240]=Oop }
                      ;*goto {reexecute=1 rethrow=0 return_oop=0}
                      ; - (reexecute) ui.frmwork.I::i@78 (line 175)
                      ;   {poll}
  0x0000020449726738: 0000 4185 

  0x000002044972673c: ;   {metadata(method data for {method} {0x00000204a3632ad0} 'i' '(JZ)V' in 'ui/frmwork/I')}
  0x000002044972673c: 0248 be60 | a6a2 ca04 | 0200 00ff | 86f0 0200 | 0048 8b84 | 24f0 0000 | 00e9 76f9 | ffff 8984 
  0x000002044972675c: 2408 0100 | 008b 7220 | 48c1 e603 

  0x0000020449726768: ; implicit exception: dispatches to 0x000002044972a455
  0x0000020449726768: 483b 0648 

  0x000002044972676c: ;   {metadata(method data for {method} {0x00000204a3632ad0} 'i' '(JZ)V' in 'ui/frmwork/I')}
  0x000002044972676c: 8bfe 48bb | 60a6 a2ca | 0402 0000 | 8b7f 0849 | ba00 0000 | 6204 0200 | 0049 03fa | 483b bb28 
  0x000002044972678c: 0300 0075 | 0d48 8383 | 3003 0000 | 01e9 6000 | 0000 483b | bb38 0300 | 0075 0d48 | 8383 4003 
  0x00000204497267ac: 0000 01e9 | 4a00 0000 | 4883 bb28 | 0300 0000 | 7517 4889 | bb28 0300 | 0048 c783 | 3003 0000 
  0x00000204497267cc: 0100 0000 | e929 0000 | 0048 83bb | 3803 0000 | 0075 1748 | 89bb 3803 | 0000 48c7 | 8340 0300 
  0x00000204497267ec: 0001 0000 | 00e9 0800 | 0000 4883 | 8318 0300 | 0001 488b | d60f 1f40 | 0048 b848 | ad0b 6204 
  0x000002044972680c: ;   {virtual_call}
  0x000002044972680c: 0200 00e8 

  0x0000020449726810: ; ImmutableOopMap {[208]=Oop [216]=Oop }
                      ;*invokeinterface iterator {reexecute=0 rethrow=0 return_oop=0}
                      ; - ui.frmwork.I::i@90 (line 181)
  0x0000020449726810: 8cae 3707 

  0x0000020449726814: ;   {other}
  0x0000020449726814: 0f1f 8400 | 8412 0009 | 4889 8424 | 1001 0000 | 0f1f 4000 

  0x0000020449726828: ; implicit exception: dispatches to 0x000002044972a45a
  0x0000020449726828: 483b 0048 

  0x000002044972682c: ;   {metadata(method data for {method} {0x00000204a3632ad0} 'i' '(JZ)V' in 'ui/frmwork/I')}
  0x000002044972682c: 8bd0 48bf | 60a6 a2ca | 0402 0000 | 8b52 0849 | ba00 0000 | 6204 0200 | 0049 03d2 | 483b 9760 
  0x000002044972684c: 0300 0075 | 0d48 8387 | 6803 0000 | 01e9 6000 | 0000 483b | 9770 0300 | 0075 0d48 | 8387 7803 
  0x000002044972686c: 0000 01e9 | 4a00 0000 | 4883 bf60 | 0300 0000 | 7517 4889 | 9760 0300 | 0048 c787 | 6803 0000 
  0x000002044972688c: 0100 0000 | e929 0000 | 0048 83bf | 7003 0000 | 0075 1748 | 8997 7003 | 0000 48c7 | 8778 0300 
  0x00000204497268ac: 0001 0000 | 00e9 0800 | 0000 4883 | 8750 0300 | 0001 488b | d00f 1f40 | 0048 b8b8 | 8918 6204 
  0x00000204497268cc: ;   {virtual_call}
  0x00000204497268cc: 0200 00e8 

  0x00000204497268d0: ; ImmutableOopMap {[208]=Oop [216]=Oop [272]=Oop }
                      ;*invokeinterface hasNext {reexecute=0 rethrow=0 return_oop=0}
                      ; - ui.frmwork.I::i@99 (line 181)
  0x00000204497268d0: cc4d 3607 

  0x00000204497268d4: ;   {other}
  0x00000204497268d4: 0f1f 8400 | 4413 000a 

  0x00000204497268dc: ;   {metadata(method data for {method} {0x00000204a3632ad0} 'i' '(JZ)V' in 'ui/frmwork/I')}
  0x00000204497268dc: 83f8 0048 | ba60 a6a2 | ca04 0200 | 0048 be88 | 0300 0000 | 0000 000f | 840a 0000 | 0048 be98 
  0x00000204497268fc: 0300 0000 | 0000 0048 | 8b3c 3248 | 8d7f 0148 | 893c 320f | 84ec 0500 | 0048 8b94 | 2410 0100 
  0x000002044972691c: ;   {metadata(method data for {method} {0x00000204a3632ad0} 'i' '(JZ)V' in 'ui/frmwork/I')}
  0x000002044972691c: 0048 be60 | a6a2 ca04 | 0200 008b | 5208 49ba | 0000 0062 | 0402 0000 | 4903 d248 | 3b96 b803 
  0x000002044972693c: 0000 750d | 4883 86c0 | 0300 0001 | e960 0000 | 0048 3b96 | c803 0000 | 750d 4883 | 86d0 0300 
  0x000002044972695c: 0001 e94a | 0000 0048 | 83be b803 | 0000 0075 | 1748 8996 | b803 0000 | 48c7 86c0 | 0300 0001 
  0x000002044972697c: 0000 00e9 | 2900 0000 | 4883 bec8 | 0300 0000 | 7517 4889 | 96c8 0300 | 0048 c786 | d003 0000 
  0x000002044972699c: 0100 0000 | e908 0000 | 0048 8386 | a803 0000 | 0148 8b94 | 2410 0100 | 0048 b8ff | ffff ffff 
  0x00000204497269bc: ;   {virtual_call}
  0x00000204497269bc: ffff ffe8 

  0x00000204497269c0: ; ImmutableOopMap {[208]=Oop [216]=Oop [272]=Oop }
                      ;*invokeinterface next {reexecute=0 rethrow=0 return_oop=0}
                      ; - ui.frmwork.I::i@109 (line 181)
  0x00000204497269c0: bc83 b806 

  0x00000204497269c4: ;   {other}
  0x00000204497269c4: 0f1f 8400 | 3414 000b | 4883 f800 

  0x00000204497269d0: ;   {metadata(method data for {method} {0x00000204a3632ad0} 'i' '(JZ)V' in 'ui/frmwork/I')}
  0x00000204497269d0: 7516 48bf | 60a6 a2ca | 0402 0000 | 808f d903 | 0000 01e9 | cd00 0000 

  0x00000204497269e8: ;   {metadata('ui/utils/c/a/a')}
  0x00000204497269e8: 48bb 5884 | 1863 0402 | 0000 8b78 | 0849 ba00 | 0000 6204 | 0200 0049 | 03fa 483b | 5f38 0f85 
  0x0000020449726a08: 8d00 0000 

  0x0000020449726a0c: ;   {metadata(method data for {method} {0x00000204a3632ad0} 'i' '(JZ)V' in 'ui/frmwork/I')}
  0x0000020449726a0c: 48bf 60a6 | a2ca 0402 | 0000 8b58 | 0849 ba00 | 0000 6204 | 0200 0049 | 03da 483b | 9ff0 0300 
  0x0000020449726a2c: 0075 0d48 | 8387 f803 | 0000 01e9 | 7900 0000 | 483b 9f00 | 0400 0075 | 0d48 8387 | 0804 0000 
  0x0000020449726a4c: 01e9 6300 | 0000 4883 | bff0 0300 | 0000 7517 | 4889 9ff0 | 0300 0048 | c787 f803 | 0000 0100 
  0x0000020449726a6c: 0000 e942 | 0000 0048 | 83bf 0004 | 0000 0075 | 1748 899f | 0004 0000 | 48c7 8708 | 0400 0001 
  0x0000020449726a8c: 0000 00e9 | 2100 0000 | e91c 0000 

  0x0000020449726a98: ;   {metadata(method data for {method} {0x00000204a3632ad0} 'i' '(JZ)V' in 'ui/frmwork/I')}
  0x0000020449726a98: 0048 bf60 | a6a2 ca04 | 0200 0048 | 83af e003 | 0000 01e9 | af39 0000 | e900 0000 | 0048 8bf0 
  0x0000020449726ab8: 488b 8424 | d800 0000 

  0x0000020449726ac0: ;   {metadata(method data for {method} {0x00000204a3632ad0} 'i' '(JZ)V' in 'ui/frmwork/I')}
  0x0000020449726ac0: 48ba 60a6 | a2ca 0402 

  0x0000020449726ac8: ;   {metadata('ui/frmwork/a/v')}
  0x0000020449726ac8: 0000 49ba | b0d2 0c63 | 0402 0000 | 4c89 9228 | 0400 0048 | 8382 3004 

  0x0000020449726ae0: ;   {metadata(method data for {method} {0x00000204a36d4218} 'iSQ' '()Lui/frmwork/a/v$a;' in 'ui/frmwork/a/v')}
  0x0000020449726ae0: 0000 0148 | bae8 7cd8 | c904 0200 | 008b bacc | 0000 0083 | c702 89ba | cc00 0000 | 81e7 feff 
  0x0000020449726b00: 1f00 83ff | 000f 845d | 3900 0048 | 8b84 24d8 | 0000 0048 

  0x0000020449726b14: ;   {metadata(method data for {method} {0x00000204a36d4218} 'iSQ' '()Lui/frmwork/a/v$a;' in 'ui/frmwork/a/v')}
  0x0000020449726b14: 8b50 1048 | bfe8 7cd8 | c904 0200 | 0048 8387 | 1001 0000 | 0148 89b4 | 2418 0100 | 0066 0f1f 
  0x0000020449726b34: ;   {static_call}
  0x0000020449726b34: 4400 00e8 

  0x0000020449726b38: ; ImmutableOopMap {[208]=Oop [216]=Oop [272]=Oop [280]=Oop }
                      ;*invokestatic GuiEventBase_getType {reexecute=0 rethrow=0 return_oop=0}
                      ; - ui.frmwork.a.v::iSQ@4 (line 36)
                      ; - ui.frmwork.I::i@121 (line 183)
  0x0000020449726b38: 4485 b806 

  0x0000020449726b3c: ;   {other}
  0x0000020449726b3c: 0f1f 8400 | ac15 000c 

  0x0000020449726b44: ;   {metadata(method data for {method} {0x00000204a36d4218} 'iSQ' '()Lui/frmwork/a/v$a;' in 'ui/frmwork/a/v')}
  0x0000020449726b44: 48ba e87c | d8c9 0402 | 0000 4883 | 8220 0100 

  0x0000020449726b54: ;   {metadata(method data for {method} {0x00000204a36d4160} 'UR' '(I)Lui/frmwork/a/v$a;' in 'ui/frmwork/a/v')}
  0x0000020449726b54: 0001 48ba | f09d 14c9 | 0402 0000 | 8bb2 cc00 | 0000 83c6 | 0289 b2cc | 0000 0081 | e6fe ff1f 
  0x0000020449726b74: 0083 fe00 | 0f84 0b39 

  0x0000020449726b7c: ;   {oop(a 'java/lang/Class'{0x000000068086a2a8} = 'ui/frmwork/a/v')}
  0x0000020449726b7c: 0000 48ba | a8a2 8680 | 0600 0000 | 8b72 7048 

  0x0000020449726b8c: ;   {metadata(method data for {method} {0x00000204a36d4160} 'UR' '(I)Lui/frmwork/a/v$a;' in 'ui/frmwork/a/v')}
  0x0000020449726b8c: c1e6 0348 | baf0 9d14 | c904 0200 | 0048 8382 | 1001 0000 | 0148 8bd0 | 8984 240c | 0100 0048 
  0x0000020449726bac: 89b4 2420 | 0100 000f 

  0x0000020449726bb4: ;   {static_call}
  0x0000020449726bb4: 1f40 00e8 

  0x0000020449726bb8: ; ImmutableOopMap {[208]=Oop [216]=Oop [272]=Oop [280]=Oop [288]=Oop }
                      ;*invokestatic valueOf {reexecute=0 rethrow=0 return_oop=0}
                      ; - ui.frmwork.a.v::UR@4 (line 29)
                      ; - ui.frmwork.a.v::iSQ@7 (line 36)
                      ; - ui.frmwork.I::i@121 (line 183)
  0x0000020449726bb8: c484 b806 

  0x0000020449726bbc: ;   {other}
  0x0000020449726bbc: 0f1f 8400 | 2c16 000d | 488b b424 | 2001 0000 

  0x0000020449726bcc: ; implicit exception: dispatches to 0x000002044972a4aa
  0x0000020449726bcc: 483b 064c 

  0x0000020449726bd0: ;   {metadata(method data for {method} {0x00000204a36d4160} 'UR' '(I)Lui/frmwork/a/v$a;' in 'ui/frmwork/a/v')}
  0x0000020449726bd0: 8bc6 48ba | f09d 14c9 | 0402 0000 | 458b 4008 | 49ba 0000 | 0062 0402 | 0000 4d03 | c24c 3b82 
  0x0000020449726bf0: 3001 0000 | 750d 4883 | 8238 0100 | 0001 e960 | 0000 004c | 3b82 4001 | 0000 750d | 4883 8248 
  0x0000020449726c10: 0100 0001 | e94a 0000 | 0048 83ba | 3001 0000 | 0075 174c | 8982 3001 | 0000 48c7 | 8238 0100 
  0x0000020449726c30: 0001 0000 | 00e9 2900 | 0000 4883 | ba40 0100 | 0000 7517 | 4c89 8240 | 0100 0048 | c782 4801 
  0x0000020449726c50: 0000 0100 | 0000 e908 | 0000 0048 | 8382 2001 | 0000 014c | 8bc0 488b | d60f 1f40 | 0048 b8ff 
  0x0000020449726c70: ffff ffff 

  0x0000020449726c74: ;   {virtual_call}
  0x0000020449726c74: ffff ffe8 

  0x0000020449726c78: ; ImmutableOopMap {[208]=Oop [216]=Oop [272]=Oop [280]=Oop }
                      ;*invokevirtual get {reexecute=0 rethrow=0 return_oop=0}
                      ; - ui.frmwork.a.v::UR@7 (line 29)
                      ; - ui.frmwork.a.v::iSQ@7 (line 36)
                      ; - ui.frmwork.I::i@121 (line 183)
  0x0000020449726c78: 0481 b806 

  0x0000020449726c7c: ;   {other}
  0x0000020449726c7c: 0f1f 8400 | ec16 000e | 4883 f800 

  0x0000020449726c88: ;   {metadata(method data for {method} {0x00000204a36d4160} 'UR' '(I)Lui/frmwork/a/v$a;' in 'ui/frmwork/a/v')}
  0x0000020449726c88: 7516 48bf | f09d 14c9 | 0402 0000 | 808f 5101 | 0000 01e9 | e800 0000 

  0x0000020449726ca0: ;   {metadata('ui/frmwork/a/v$a')}
  0x0000020449726ca0: 48bb 9094 | 0063 0402 | 0000 8b78 | 0849 ba00 | 0000 6204 | 0200 0049 | 03fa 483b | 5f20 0f84 
  0x0000020449726cc0: 1b00 0000 | 483b fb0f | 8412 0000 

  0x0000020449726ccc: ;   {runtime_call slow_subtype_check Runtime1 stub}
  0x0000020449726ccc: 0057 53e8 | ac07 c506 | 5f5f 83ff | 000f 848d 

  0x0000020449726cdc: ;   {metadata(method data for {method} {0x00000204a36d4160} 'UR' '(I)Lui/frmwork/a/v$a;' in 'ui/frmwork/a/v')}
  0x0000020449726cdc: 0000 0048 | bff0 9d14 | c904 0200 | 008b 5808 | 49ba 0000 | 0062 0402 | 0000 4903 | da48 3b9f 
  0x0000020449726cfc: 6801 0000 | 750d 4883 | 8770 0100 | 0001 e979 | 0000 0048 | 3b9f 7801 | 0000 750d | 4883 8780 
  0x0000020449726d1c: 0100 0001 | e963 0000 | 0048 83bf | 6801 0000 | 0075 1748 | 899f 6801 | 0000 48c7 | 8770 0100 
  0x0000020449726d3c: 0001 0000 | 00e9 4200 | 0000 4883 | bf78 0100 | 0000 7517 | 4889 9f78 | 0100 0048 | c787 8001 
  0x0000020449726d5c: 0000 0100 | 0000 e921 | 0000 00e9 | 1c00 0000 

  0x0000020449726d6c: ;   {metadata(method data for {method} {0x00000204a36d4160} 'UR' '(I)Lui/frmwork/a/v$a;' in 'ui/frmwork/a/v')}
  0x0000020449726d6c: 48bf f09d | 14c9 0402 | 0000 4883 | af58 0100 | 0001 e92c | 3700 00e9 | 0000 0000 | 488b d048 
  0x0000020449726d8c: ;   {metadata(method data for {method} {0x00000204a36d4160} 'UR' '(I)Lui/frmwork/a/v$a;' in 'ui/frmwork/a/v')}
  0x0000020449726d8c: 83fa 0048 | bef0 9d14 | c904 0200 | 0048 bf90 | 0100 0000 | 0000 000f | 850a 0000 | 0048 bfa0 
  0x0000020449726dac: 0100 0000 | 0000 0048 | 8b1c 3e48 | 8d5b 0148 | 891c 3e0f | 8532 0000 | 008b 8424 | 0c01 0000 
  0x0000020449726dcc: ;   {metadata(method data for {method} {0x00000204a36d4160} 'UR' '(I)Lui/frmwork/a/v$a;' in 'ui/frmwork/a/v')}
  0x0000020449726dcc: 48ba f09d | 14c9 0402 | 0000 4883 | 82b0 0100 | 0001 4863 | c048 8bd0 

  0x0000020449726de4: ;   {static_call}
  0x0000020449726de4: 6666 90e8 

  0x0000020449726de8: ; ImmutableOopMap {[208]=Oop [216]=Oop [272]=Oop [280]=Oop }
                      ;*invokestatic dU {reexecute=0 rethrow=0 return_oop=0}
                      ; - ui.frmwork.a.v::UR@20 (line 31)
                      ; - ui.frmwork.a.v::iSQ@7 (line 36)
                      ; - ui.frmwork.I::i@121 (line 183)
  0x0000020449726de8: 9482 b806 

  0x0000020449726dec: ;   {other}
  0x0000020449726dec: 0f1f 8400 | 5c18 000f | 488b d048 | 8bb4 2418 | 0100 0048 | 3b06 488b 

  0x0000020449726e04: ;   {metadata(method data for {method} {0x00000204a3632ad0} 'i' '(JZ)V' in 'ui/frmwork/I')}
  0x0000020449726e04: fe48 bb60 | a6a2 ca04 | 0200 0048 | 8383 5004 | 0000 018b | 7e0c 48c1 | e703 483b 

  0x0000020449726e20: ;   {metadata(method data for {method} {0x00000204a3632ad0} 'i' '(JZ)V' in 'ui/frmwork/I')}
  0x0000020449726e20: d748 ba60 | a6a2 ca04 | 0200 0048 | bf98 0400 | 0000 0000 | 000f 840a | 0000 0048 | bf88 0400 
  0x0000020449726e40: 0000 0000 | 0048 8b1c | 3a48 8d5b | 0148 891c | 3a0f 844f 

  0x0000020449726e54: ;   {metadata(method data for {method} {0x00000204a3632ad0} 'i' '(JZ)V' in 'ui/frmwork/I')}
  0x0000020449726e54: 0000 0048 | ba60 a6a2 | ca04 0200 | 008b b2d0 | 0000 0083 | c602 89b2 | d000 0000 | 81e6 fe3f 
  0x0000020449726e74: 0000 83fe | 000f 843e | 3600 004d | 8b97 5804 

  0x0000020449726e84: ; ImmutableOopMap {[208]=Oop [216]=Oop [272]=Oop }
                      ;*goto {reexecute=1 rethrow=0 return_oop=0}
                      ; - (reexecute) ui.frmwork.I::i@150 (line 190)
                      ;   {poll}
  0x0000020449726e84: 0000 4185 

  0x0000020449726e88: ;   {metadata(method data for {method} {0x00000204a3632ad0} 'i' '(JZ)V' in 'ui/frmwork/I')}
  0x0000020449726e88: 0248 ba60 | a6a2 ca04 | 0200 00ff | 8210 0500 | 0048 8b84 | 2410 0100 | 00e9 82f9 | ffff 488b 
  0x0000020449726ea8: ;   {metadata(method data for {method} {0x00000204a3632ad0} 'i' '(JZ)V' in 'ui/frmwork/I')}
  0x0000020449726ea8: d648 bf60 | a6a2 ca04 | 0200 0048 | 8387 a804 | 0000 018b | 5610 48c1 | e203 4883 

  0x0000020449726ec4: ;   {metadata(method data for {method} {0x00000204a3632ad0} 'i' '(JZ)V' in 'ui/frmwork/I')}
  0x0000020449726ec4: fa00 48ba | 60a6 a2ca | 0402 0000 | 48be e004 | 0000 0000 | 0000 0f84 | 0a00 0000 | 48be f004 
  0x0000020449726ee4: 0000 0000 | 0000 488b | 3c32 488d | 7f01 4889 | 3c32 0f84 | 8532 0000 | e974 3200 

  0x0000020449726f00: ;   {metadata(method data for {method} {0x00000204a3632ad0} 'i' '(JZ)V' in 'ui/frmwork/I')}
  0x0000020449726f00: 0048 ba60 | a6a2 ca04 | 0200 0048 | 8382 2805 

  0x0000020449726f10: ;   {metadata(method data for {method} {0x00000204a36d4160} 'UR' '(I)Lui/frmwork/a/v$a;' in 'ui/frmwork/a/v')}
  0x0000020449726f10: 0000 0148 | baf0 9d14 | c904 0200 | 008b b2cc | 0000 0083 | c602 89b2 | cc00 0000 | 81e6 feff 
  0x0000020449726f30: 1f00 83fe | 000f 84a3 

  0x0000020449726f38: ;   {oop(a 'java/lang/Class'{0x000000068086a2a8} = 'ui/frmwork/a/v')}
  0x0000020449726f38: 3500 0048 | baa8 a286 | 8006 0000 | 008b 7270 | 48c1 e603 

  0x0000020449726f4c: ;   {metadata(method data for {method} {0x00000204a36d4160} 'UR' '(I)Lui/frmwork/a/v$a;' in 'ui/frmwork/a/v')}
  0x0000020449726f4c: 48ba f09d | 14c9 0402 | 0000 4883 | 8210 0100 | 0001 8b94 | 2408 0100 | 0048 89b4 | 2428 0100 
  0x0000020449726f6c: ;   {static_call}
  0x0000020449726f6c: 0066 90e8 

  0x0000020449726f70: ; ImmutableOopMap {[208]=Oop [216]=Oop [296]=Oop }
                      ;*invokestatic valueOf {reexecute=0 rethrow=0 return_oop=0}
                      ; - ui.frmwork.a.v::UR@4 (line 29)
                      ; - ui.frmwork.I::i@155 (line 192)
  0x0000020449726f70: ac91 4b07 

  0x0000020449726f74: ;   {other}
  0x0000020449726f74: 0f1f 8400 | e419 0011 | 488b b424 | 2801 0000 

  0x0000020449726f84: ; implicit exception: dispatches to 0x000002044972a4ff
  0x0000020449726f84: 483b 064c 

  0x0000020449726f88: ;   {metadata(method data for {method} {0x00000204a36d4160} 'UR' '(I)Lui/frmwork/a/v$a;' in 'ui/frmwork/a/v')}
  0x0000020449726f88: 8bc6 48ba | f09d 14c9 | 0402 0000 | 458b 4008 | 49ba 0000 | 0062 0402 | 0000 4d03 | c24c 3b82 
  0x0000020449726fa8: 3001 0000 | 750d 4883 | 8238 0100 | 0001 e960 | 0000 004c | 3b82 4001 | 0000 750d | 4883 8248 
  0x0000020449726fc8: 0100 0001 | e94a 0000 | 0048 83ba | 3001 0000 | 0075 174c | 8982 3001 | 0000 48c7 | 8238 0100 
  0x0000020449726fe8: 0001 0000 | 00e9 2900 | 0000 4883 | ba40 0100 | 0000 7517 | 4c89 8240 | 0100 0048 | c782 4801 
  0x0000020449727008: 0000 0100 | 0000 e908 | 0000 0048 | 8382 2001 | 0000 014c | 8bc0 488b | d60f 1f40 | 0048 b8b0 
  0x0000020449727028: cb08 6204 

  0x000002044972702c: ;   {virtual_call}
  0x000002044972702c: 0200 00e8 

  0x0000020449727030: ; ImmutableOopMap {[208]=Oop [216]=Oop }
                      ;*invokevirtual get {reexecute=0 rethrow=0 return_oop=0}
                      ; - ui.frmwork.a.v::UR@7 (line 29)
                      ; - ui.frmwork.I::i@155 (line 192)
  0x0000020449727030: 8cee 7f08 

  0x0000020449727034: ;   {other}
  0x0000020449727034: 0f1f 8400 | a41a 0012 | 4883 f800 

  0x0000020449727040: ;   {metadata(method data for {method} {0x00000204a36d4160} 'UR' '(I)Lui/frmwork/a/v$a;' in 'ui/frmwork/a/v')}
  0x0000020449727040: 7516 48bf | f09d 14c9 | 0402 0000 | 808f 5101 | 0000 01e9 | e800 0000 

  0x0000020449727058: ;   {metadata('ui/frmwork/a/v$a')}
  0x0000020449727058: 48bb 9094 | 0063 0402 | 0000 8b78 | 0849 ba00 | 0000 6204 | 0200 0049 | 03fa 483b | 5f20 0f84 
  0x0000020449727078: 1b00 0000 | 483b fb0f | 8412 0000 

  0x0000020449727084: ;   {runtime_call slow_subtype_check Runtime1 stub}
  0x0000020449727084: 0057 53e8 | f403 c506 | 5f5f 83ff | 000f 848d 

  0x0000020449727094: ;   {metadata(method data for {method} {0x00000204a36d4160} 'UR' '(I)Lui/frmwork/a/v$a;' in 'ui/frmwork/a/v')}
  0x0000020449727094: 0000 0048 | bff0 9d14 | c904 0200 | 008b 5808 | 49ba 0000 | 0062 0402 | 0000 4903 | da48 3b9f 
  0x00000204497270b4: 6801 0000 | 750d 4883 | 8770 0100 | 0001 e979 | 0000 0048 | 3b9f 7801 | 0000 750d | 4883 8780 
  0x00000204497270d4: 0100 0001 | e963 0000 | 0048 83bf | 6801 0000 | 0075 1748 | 899f 6801 | 0000 48c7 | 8770 0100 
  0x00000204497270f4: 0001 0000 | 00e9 4200 | 0000 4883 | bf78 0100 | 0000 7517 | 4889 9f78 | 0100 0048 | c787 8001 
  0x0000020449727114: 0000 0100 | 0000 e921 | 0000 00e9 | 1c00 0000 

  0x0000020449727124: ;   {metadata(method data for {method} {0x00000204a36d4160} 'UR' '(I)Lui/frmwork/a/v$a;' in 'ui/frmwork/a/v')}
  0x0000020449727124: 48bf f09d | 14c9 0402 | 0000 4883 | af58 0100 | 0001 e9c9 | 3300 00e9 | 0000 0000 | 488b d048 
  0x0000020449727144: ;   {metadata(method data for {method} {0x00000204a36d4160} 'UR' '(I)Lui/frmwork/a/v$a;' in 'ui/frmwork/a/v')}
  0x0000020449727144: 83fa 0048 | bef0 9d14 | c904 0200 | 0048 bf90 | 0100 0000 | 0000 000f | 850a 0000 | 0048 bfa0 
  0x0000020449727164: 0100 0000 | 0000 0048 | 8b1c 3e48 | 8d5b 0148 | 891c 3e0f | 8532 0000 | 008b 8424 | 0801 0000 
  0x0000020449727184: ;   {metadata(method data for {method} {0x00000204a36d4160} 'UR' '(I)Lui/frmwork/a/v$a;' in 'ui/frmwork/a/v')}
  0x0000020449727184: 48ba f09d | 14c9 0402 | 0000 4883 | 82b0 0100 | 0001 4863 | c048 8bd0 

  0x000002044972719c: ;   {static_call}
  0x000002044972719c: 6666 90e8 

  0x00000204497271a0: ; ImmutableOopMap {[208]=Oop [216]=Oop }
                      ;*invokestatic dU {reexecute=0 rethrow=0 return_oop=0}
                      ; - ui.frmwork.a.v::UR@20 (line 31)
                      ; - ui.frmwork.I::i@155 (line 192)
  0x00000204497271a0: 723d 0000 

  0x00000204497271a4: ;   {other}
  0x00000204497271a4: 0f1f 8400 | 141c 0013 | 488b d048 

  0x00000204497271b0: ;   {metadata(method data for {method} {0x00000204a3632ad0} 'i' '(JZ)V' in 'ui/frmwork/I')}
  0x00000204497271b0: 83fa 0048 | be60 a6a2 | ca04 0200 | 0048 bf48 | 0500 0000 | 0000 000f | 850a 0000 | 0048 bf38 
  0x00000204497271d0: 0500 0000 | 0000 0048 | 8b1c 3e48 | 8d5b 0148 | 891c 3e0f | 850d 0000 | 0048 8994 | 2430 0100 
  0x00000204497271f0: 00e9 f219 | 0000 4883 | fa00 7516 

  0x00000204497271fc: ;   {metadata(method data for {method} {0x00000204a3632ad0} 'i' '(JZ)V' in 'ui/frmwork/I')}
  0x00000204497271fc: 48bb 60a6 | a2ca 0402 | 0000 808b | 5105 0000 | 01e9 cc00 

  0x0000020449727210: ;   {metadata('ui/frmwork/a/y')}
  0x0000020449727210: 0000 48b8 | 1863 0c63 | 0402 0000 | 8b7a 0849 | ba00 0000 | 6204 0200 | 0049 03fa | 483b c70f 
  0x0000020449727230: 858d 0000 

  0x0000020449727234: ;   {metadata(method data for {method} {0x00000204a3632ad0} 'i' '(JZ)V' in 'ui/frmwork/I')}
  0x0000020449727234: 0048 bb60 | a6a2 ca04 | 0200 008b | 4208 49ba | 0000 0062 | 0402 0000 | 4903 c248 | 3b83 6805 
  0x0000020449727254: 0000 750d | 4883 8370 | 0500 0001 | e97e 0000 | 0048 3b83 | 7805 0000 | 750d 4883 | 8380 0500 
  0x0000020449727274: 0001 e968 | 0000 0048 | 83bb 6805 | 0000 0075 | 1748 8983 | 6805 0000 | 48c7 8370 | 0500 0001 
  0x0000020449727294: 0000 00e9 | 4700 0000 | 4883 bb78 | 0500 0000 | 7517 4889 | 8378 0500 | 0048 c783 | 8005 0000 
  0x00000204497272b4: 0100 0000 | e926 0000 | 00e9 2100 

  0x00000204497272c0: ;   {metadata(method data for {method} {0x00000204a3632ad0} 'i' '(JZ)V' in 'ui/frmwork/I')}
  0x00000204497272c0: 0000 48bb | 60a6 a2ca | 0402 0000 | 4883 ab58 | 0500 0001 | e905 0000 | 00e9 0500 | 0000 4833 
  0x00000204497272e0: f6eb 0a48 | be01 0000 | 0000 0000 | 0083 fe00 

  0x00000204497272f0: ;   {metadata(method data for {method} {0x00000204a3632ad0} 'i' '(JZ)V' in 'ui/frmwork/I')}
  0x00000204497272f0: 48be 60a6 | a2ca 0402 | 0000 48bf | a005 0000 | 0000 0000 | 0f85 0a00 | 0000 48bf | 9005 0000 
  0x0000020449727310: 0000 0000 | 488b 1c3e | 488d 5b01 | 4889 1c3e | 0f85 0d00 | 0000 4889 | 9424 3001 | 0000 e9b5 
  0x0000020449727330: ;   {metadata(method data for {method} {0x00000204a3632ad0} 'i' '(JZ)V' in 'ui/frmwork/I')}
  0x0000020449727330: 1800 0048 | be60 a6a2 | ca04 0200 | 0048 8386 | b005 0000 

  0x0000020449727344: ;   {metadata(method data for {method} {0x000002046245a3f0} 'valueOf' '(Ljava/lang/Object;)Ljava/lang/String;' in 'java/lang/String')}
  0x0000020449727344: 0148 be58 | 420f a304 | 0200 008b | becc 0000 | 0083 c702 | 89be cc00 | 0000 81e7 | feff 1f00 
  0x0000020449727364: 83ff 000f | 84a0 3100 | 0048 83fa 

  0x0000020449727370: ;   {metadata(method data for {method} {0x000002046245a3f0} 'valueOf' '(Ljava/lang/Object;)Ljava/lang/String;' in 'java/lang/String')}
  0x0000020449727370: 0048 be58 | 420f a304 | 0200 0048 | bf10 0100 | 0000 0000 | 000f 850a | 0000 0048 | bf20 0100 
  0x0000020449727390: 0000 0000 | 0048 8b1c | 3e48 8d5b | 0148 891c | 3e0f 8527 

  0x00000204497273a4: ;   {metadata(method data for {method} {0x000002046245a3f0} 'valueOf' '(Ljava/lang/Object;)Ljava/lang/String;' in 'java/lang/String')}
  0x00000204497273a4: 0000 0048 | be58 420f | a304 0200 | 00ff 8630 

  0x00000204497273b4: ;   {oop("null"{0x00000006806e87c0})}
  0x00000204497273b4: 0100 0048 | bec0 876e | 8006 0000 | 0048 8994 | 2430 0100 | 00e9 c100 | 0000 483b | 0248 8bf2 
  0x00000204497273d4: ;   {metadata(method data for {method} {0x000002046245a3f0} 'valueOf' '(Ljava/lang/Object;)Ljava/lang/String;' in 'java/lang/String')}
  0x00000204497273d4: 48bf 5842 | 0fa3 0402 | 0000 8b76 | 0849 ba00 | 0000 6204 | 0200 0049 | 03f2 483b | b758 0100 
  0x00000204497273f4: 0075 0d48 | 8387 6001 | 0000 01e9 | 6000 0000 | 483b b768 | 0100 0075 | 0d48 8387 | 7001 0000 
  0x0000020449727414: 01e9 4a00 | 0000 4883 | bf58 0100 | 0000 7517 | 4889 b758 | 0100 0048 | c787 6001 | 0000 0100 
  0x0000020449727434: 0000 e929 | 0000 0048 | 83bf 6801 | 0000 0075 | 1748 89b7 | 6801 0000 | 48c7 8770 | 0100 0001 
  0x0000020449727454: 0000 00e9 | 0800 0000 | 4883 8748 | 0100 0001 | 488b f248 | 8bd6 4889 | b424 3001 | 0000 6666 
  0x0000020449727474: 9048 b818 | 630c 6304 

  0x000002044972747c: ;   {virtual_call}
  0x000002044972747c: 0200 00e8 

  0x0000020449727480: ; ImmutableOopMap {[208]=Oop [216]=Oop [304]=Oop }
                      ;*invokevirtual toString {reexecute=0 rethrow=0 return_oop=0}
                      ; - java.lang.String::valueOf@11 (line 4461)
                      ; - ui.frmwork.I::i@175 (line 194)
  0x0000020449727480: 9c9a 3407 

  0x0000020449727484: ;   {other}
  0x0000020449727484: 0f1f 8400 | f41e 0014 

  0x000002044972748c: ;   {metadata(method data for {method} {0x00000204a3632ad0} 'i' '(JZ)V' in 'ui/frmwork/I')}
  0x000002044972748c: 488b f048 | ba60 a6a2 | ca04 0200 | 0048 8d92 | d005 0000 | 488b fe48 | 85ff 7505 | 4883 4a08 
  0x00000204497274ac: ;   {metadata(method data for {method} {0x00000204620b0170} 'linkToTargetMethod' '(Ljava/lang/Object;Ljava/lang/Object;)Ljava/lang/Object;' in 'java/lang/invoke/Invokers$Holder')}
  0x00000204497274ac: 0148 ba98 | a0a4 a304 | 0200 0048 | 8d92 0002 

  0x00000204497274bc: ;   {oop(a 'java/lang/invoke/BoundMethodHandle$Species_LL'{0x000000068358cc00})}
  0x00000204497274bc: 0000 48bf | 00cc 5883 | 0600 0000 | 488b df48 | 85db 7505 | 4883 4a10 

  0x00000204497274d4: ;   {metadata(method data for {method} {0x00000204a3632ad0} 'i' '(JZ)V' in 'ui/frmwork/I')}
  0x00000204497274d4: 0148 ba60 | a6a2 ca04 | 0200 0048 | 8382 c005 

  0x00000204497274e4: ;   {metadata(method data for {method} {0x00000204620b0170} 'linkToTargetMethod' '(Ljava/lang/Object;Ljava/lang/Object;)Ljava/lang/Object;' in 'java/lang/invoke/Invokers$Holder')}
  0x00000204497274e4: 0000 0148 | ba98 a0a4 | a304 0200 | 008b 9acc | 0000 0083 | c302 899a | cc00 0000 | 81e3 feff 
  0x0000020449727504: 1f00 83fb | 000f 8424 

  0x000002044972750c: ;   {metadata(method data for {method} {0x00000204a34a1290} 'invoke' '(Ljava/lang/Object;Ljava/lang/Object;)Ljava/lang/Object;' in 'java/lang/invoke/LambdaForm$MH+0x00000204630c0000')}
  0x000002044972750c: 3000 0048 | baf0 144a | a304 0200 | 0048 8d92 | 4802 0000 | 4885 ff75 | 0448 830a 

  0x0000020449727528: ;   {metadata(method data for {method} {0x00000204620b0170} 'linkToTargetMethod' '(Ljava/lang/Object;Ljava/lang/Object;)Ljava/lang/Object;' in 'java/lang/invoke/Invokers$Holder')}
  0x0000020449727528: 0148 ba98 | a0a4 a304 | 0200 0048 | 8382 4801 

  0x0000020449727538: ;   {metadata(method data for {method} {0x00000204a34a1290} 'invoke' '(Ljava/lang/Object;Ljava/lang/Object;)Ljava/lang/Object;' in 'java/lang/invoke/LambdaForm$MH+0x00000204630c0000')}
  0x0000020449727538: 0000 0148 | baf0 144a | a304 0200 | 008b bacc | 0000 0083 | c702 89ba | cc00 0000 | 81e7 feff 
  0x0000020449727558: 1f00 83ff | 000f 84f1 

  0x0000020449727560: ;   {metadata(method data for {method} {0x00000204a34a1290} 'invoke' '(Ljava/lang/Object;Ljava/lang/Object;)Ljava/lang/Object;' in 'java/lang/invoke/LambdaForm$MH+0x00000204630c0000')}
  0x0000020449727560: 2f00 0048 | baf0 144a | a304 0200 | 0048 8d92 | b801 0000 

  0x0000020449727574: ;   {oop("TclEventType: "{0x000000068358cc28})}
  0x0000020449727574: 48bf 28cc | 5883 0600 | 0000 4885 | ff75 0548 | 834a 0801 

  0x0000020449727588: ;   {metadata(method data for {method} {0x00000204620b4b78} 'invokeStatic' '(Ljava/lang/Object;Ljava/lang/Object;Ljava/lang/Object;)Ljava/lang/Object;' in 'java/lang/invoke/DirectMethodHandle$Holder')}
  0x0000020449727588: 48ba 6038 | 79a3 0402 | 0000 488d | 9220 0200 

  0x0000020449727598: ;   {oop(a 'java/lang/invoke/DirectMethodHandle'{0x0000000680c42a78})}
  0x0000020449727598: 0048 bf78 | 2ac4 8006 | 0000 0048 | 8bdf 4885 | db75 0448 

  0x00000204497275ac: ;   {metadata(method data for {method} {0x00000204a34a1290} 'invoke' '(Ljava/lang/Object;Ljava/lang/Object;)Ljava/lang/Object;' in 'java/lang/invoke/LambdaForm$MH+0x00000204630c0000')}
  0x00000204497275ac: 830a 0148 | baf0 144a | a304 0200 | 0048 8382 | 8001 0000 

  0x00000204497275c0: ;   {metadata(method data for {method} {0x00000204620b4b78} 'invokeStatic' '(Ljava/lang/Object;Ljava/lang/Object;Ljava/lang/Object;)Ljava/lang/Object;' in 'java/lang/invoke/DirectMethodHandle$Holder')}
  0x00000204497275c0: 0148 ba60 | 3879 a304 | 0200 008b | 9acc 0000 | 0083 c302 | 899a cc00 | 0000 81e3 | feff 1f00 
  0x00000204497275e0: 83fb 000f | 848c 2f00 

  0x00000204497275e8: ;   {metadata(method data for {method} {0x00000204620b4b78} 'invokeStatic' '(Ljava/lang/Object;Ljava/lang/Object;Ljava/lang/Object;)Ljava/lang/Object;' in 'java/lang/invoke/DirectMethodHandle$Holder')}
  0x00000204497275e8: 0048 ba60 | 3879 a304 | 0200 0048 | 8d92 2001 | 0000 4885 | ff75 0548 | 834a 0801 

  0x0000020449727604: ;   {metadata(method data for {method} {0x00000204620b4b78} 'invokeStatic' '(Ljava/lang/Object;Ljava/lang/Object;Ljava/lang/Object;)Ljava/lang/Object;' in 'java/lang/invoke/DirectMethodHandle$Holder')}
  0x0000020449727604: 48ba 6038 | 79a3 0402 | 0000 4883 | 8210 0100 

  0x0000020449727614: ;   {metadata(method data for {method} {0x00000204620a3038} 'internalMemberName' '(Ljava/lang/Object;)Ljava/lang/Object;' in 'java/lang/invoke/DirectMethodHandle')}
  0x0000020449727614: 0001 48ba | 5043 24a3 | 0402 0000 | 8bba cc00 | 0000 83c7 | 0289 bacc | 0000 0081 | e7fe ff1f 
  0x0000020449727634: 0083 ff00 | 0f84 582f 

  0x000002044972763c: ;   {metadata(method data for {method} {0x00000204620b4b78} 'invokeStatic' '(Ljava/lang/Object;Ljava/lang/Object;Ljava/lang/Object;)Ljava/lang/Object;' in 'java/lang/invoke/DirectMethodHandle$Holder')}
  0x000002044972763c: 0000 48ba | 6038 79a3 | 0402 0000 | 488d 9230 

  0x000002044972764c: ;   {oop(a 'java/lang/invoke/MemberName'{0x0000000680c42aa0} = {method} {0x0000020462425058} 'simpleConcat' '(Ljava/lang/Object;Ljava/lang/Object;)Ljava/lang/String;' in 'java/lang/StringConcatHelper')}
  0x000002044972764c: 0100 0048 | bfa0 2ac4 | 8006 0000 | 0048 85ff | 7504 4883 

  0x0000020449727660: ;   {metadata(method data for {method} {0x00000204620b4b78} 'invokeStatic' '(Ljava/lang/Object;Ljava/lang/Object;Ljava/lang/Object;)Ljava/lang/Object;' in 'java/lang/invoke/DirectMethodHandle$Holder')}
  0x0000020449727660: 0a01 48ba | 6038 79a3 | 0402 0000 | 488d 9288 | 0100 0048 | 8bfe 4885 | ff75 0748 | 834a 1801 
  0x0000020449727680: eb28 8b7f | 0849 ba00 | 0000 6204 | 0200 0049 | 03fa 4833 | 7a18 48f7 | c7fc ffff | ff74 0b40 
  0x00000204497276a0: f6c7 0275 | 0548 834a 

  0x00000204497276a8: ;   {metadata(method data for {method} {0x00000204620b4b78} 'invokeStatic' '(Ljava/lang/Object;Ljava/lang/Object;Ljava/lang/Object;)Ljava/lang/Object;' in 'java/lang/invoke/DirectMethodHandle$Holder')}
  0x00000204497276a8: 1802 48ba | 6038 79a3 | 0402 0000 | 4883 8278 | 0100 0001 

  0x00000204497276bc: ;   {metadata(method data for {method} {0x0000020462425058} 'simpleConcat' '(Ljava/lang/Object;Ljava/lang/Object;)Ljava/lang/String;' in 'java/lang/StringConcatHelper')}
  0x00000204497276bc: 48ba a8fa | 4fa3 0402 | 0000 8bba | cc00 0000 | 83c7 0289 | bacc 0000 | 0081 e7fe | ff1f 0083 
  0x00000204497276dc: ff00 0f84 | d32e 0000 

  0x00000204497276e4: ;   {metadata(method data for {method} {0x0000020462425058} 'simpleConcat' '(Ljava/lang/Object;Ljava/lang/Object;)Ljava/lang/String;' in 'java/lang/StringConcatHelper')}
  0x00000204497276e4: 48ba a8fa | 4fa3 0402 | 0000 4883 | 8210 0100 

  0x00000204497276f4: ;   {metadata(method data for {method} {0x00000204624248c8} 'stringOf' '(Ljava/lang/Object;)Ljava/lang/String;' in 'java/lang/StringConcatHelper')}
  0x00000204497276f4: 0001 48ba | 38cd 06a3 | 0402 0000 | 8bba cc00 | 0000 83c7 | 0289 bacc | 0000 0081 | e7fe ff1f 
  0x0000020449727714: 0083 ff00 | 0f84 ba2e 

  0x000002044972771c: ;   {metadata(method data for {method} {0x00000204624248c8} 'stringOf' '(Ljava/lang/Object;)Ljava/lang/String;' in 'java/lang/StringConcatHelper')}
  0x000002044972771c: 0000 48ba | 38cd 06a3 | 0402 0000 | ff82 2001 

  0x000002044972772c: ;   {oop("TclEventType: "{0x000000068358cc28})}
  0x000002044972772c: 0000 48ba | 28cc 5883 | 0600 0000 

  0x0000020449727738: ;   {metadata(method data for {method} {0x00000204624248c8} 'stringOf' '(Ljava/lang/Object;)Ljava/lang/String;' in 'java/lang/StringConcatHelper')}
  0x0000020449727738: 48bf 38cd | 06a3 0402 | 0000 4883 | 8730 0100 

  0x0000020449727748: ;   {metadata(method data for {method} {0x000002046200ebd0} 'toString' '()Ljava/lang/String;' in 'java/lang/String')}
  0x0000020449727748: 0001 48ba | 08cc 06a3 | 0402 0000 | 8bba cc00 | 0000 83c7 | 0289 bacc | 0000 0081 | e7fe ff1f 
  0x0000020449727768: 0083 ff00 | 0f84 872e 

  0x0000020449727770: ;   {metadata(method data for {method} {0x00000204624248c8} 'stringOf' '(Ljava/lang/Object;)Ljava/lang/String;' in 'java/lang/StringConcatHelper')}
  0x0000020449727770: 0000 48ba | 38cd 06a3 | 0402 0000 | ff82 6801 

  0x0000020449727780: ;   {metadata(method data for {method} {0x0000020462425058} 'simpleConcat' '(Ljava/lang/Object;Ljava/lang/Object;)Ljava/lang/String;' in 'java/lang/StringConcatHelper')}
  0x0000020449727780: 0000 48ba | a8fa 4fa3 | 0402 0000 | 4883 8220 | 0100 0001 

  0x0000020449727794: ;   {metadata(method data for {method} {0x00000204624248c8} 'stringOf' '(Ljava/lang/Object;)Ljava/lang/String;' in 'java/lang/StringConcatHelper')}
  0x0000020449727794: 48ba 38cd | 06a3 0402 | 0000 8bba | cc00 0000 | 83c7 0289 | bacc 0000 | 0081 e7fe | ff1f 0083 
  0x00000204497277b4: ff00 0f84 | 5e2e 0000 | 4883 fe00 

  0x00000204497277c0: ;   {metadata(method data for {method} {0x00000204624248c8} 'stringOf' '(Ljava/lang/Object;)Ljava/lang/String;' in 'java/lang/StringConcatHelper')}
  0x00000204497277c0: 48ba 38cd | 06a3 0402 | 0000 48bf | 1001 0000 | 0000 0000 | 0f84 0a00 | 0000 48bf | 2001 0000 
  0x00000204497277e0: 0000 0000 | 488b 1c3a | 488d 5b01 | 4889 1c3a | 0f84 f000 | 0000 483b | 0648 8bd6 

  0x00000204497277fc: ;   {metadata(method data for {method} {0x00000204624248c8} 'stringOf' '(Ljava/lang/Object;)Ljava/lang/String;' in 'java/lang/StringConcatHelper')}
  0x00000204497277fc: 48bf 38cd | 06a3 0402 | 0000 8b52 | 0849 ba00 | 0000 6204 | 0200 0049 | 03d2 483b | 9740 0100 
  0x000002044972781c: 0075 0d48 | 8387 4801 | 0000 01e9 | 6000 0000 | 483b 9750 | 0100 0075 | 0d48 8387 | 5801 0000 
  0x000002044972783c: 01e9 4a00 | 0000 4883 | bf40 0100 | 0000 7517 | 4889 9740 | 0100 0048 | c787 4801 | 0000 0100 
  0x000002044972785c: 0000 e929 | 0000 0048 | 83bf 5001 | 0000 0075 | 1748 8997 | 5001 0000 | 48c7 8758 | 0100 0001 
  0x000002044972787c: 0000 00e9 | 0800 0000 | 4883 8730 | 0100 0001 | 488b d666 | 0f1f 4400 | 0048 b8d8 | e800 6204 
  0x000002044972789c: ;   {virtual_call}
  0x000002044972789c: 0200 00e8 

  0x00000204497278a0: ; ImmutableOopMap {[208]=Oop [216]=Oop [304]=Oop }
                      ;*invokevirtual toString {reexecute=0 rethrow=0 return_oop=0}
                      ; - java.lang.StringConcatHelper::stringOf@5 (line 467)
                      ; - java.lang.StringConcatHelper::simpleConcat@6 (line 422)
                      ; - java.lang.invoke.DirectMethodHandle$Holder::invokeStatic@11
                      ; - java.lang.invoke.LambdaForm$MH/0x00000204630c0000::invoke@21
                      ; - java.lang.invoke.Invokers$Holder::linkToTargetMethod@5
                      ; - ui.frmwork.I::i@178 (line 194)
  0x00000204497278a0: fce1 2f07 

  0x00000204497278a4: ;   {other}
  0x00000204497278a4: 0f1f 8400 | 1423 0015 | 4883 f800 

  0x00000204497278b0: ;   {metadata(method data for {method} {0x00000204624248c8} 'stringOf' '(Ljava/lang/Object;)Ljava/lang/String;' in 'java/lang/StringConcatHelper')}
  0x00000204497278b0: 48ba 38cd | 06a3 0402 | 0000 48be | 6801 0000 | 0000 0000 | 0f85 0a00 | 0000 48be | 7801 0000 
  0x00000204497278d0: 0000 0000 | 488b 3c32 | 488d 7f01 | 4889 3c32 | 0f85 1a00 

  0x00000204497278e4: ;   {metadata(method data for {method} {0x00000204624248c8} 'stringOf' '(Ljava/lang/Object;)Ljava/lang/String;' in 'java/lang/StringConcatHelper')}
  0x00000204497278e4: 0000 48ba | 38cd 06a3 | 0402 0000 | ff82 8801 

  0x00000204497278f4: ;   {oop("null"{0x00000006806e87c0})}
  0x00000204497278f4: 0000 48b8 | c087 6e80 | 0600 0000 

  0x0000020449727900: ;   {oop("TclEventType: "{0x000000068358cc28})}
  0x0000020449727900: 48ba 28cc | 5883 0600 

  0x0000020449727908: ;   {metadata(method data for {method} {0x0000020462425058} 'simpleConcat' '(Ljava/lang/Object;Ljava/lang/Object;)Ljava/lang/String;' in 'java/lang/StringConcatHelper')}
  0x0000020449727908: 0000 48be | a8fa 4fa3 | 0402 0000 | 4883 8630 | 0100 0001 

  0x000002044972791c: ;   {metadata(method data for {method} {0x000002046200ef90} 'isEmpty' '()Z' in 'java/lang/String')}
  0x000002044972791c: 48ba f03c | 01a3 0402 | 0000 8bb2 | cc00 0000 | 83c6 0289 | b2cc 0000 | 0081 e6fe | ff1f 0083 
  0x000002044972793c: fe00 0f84 | fc2c 0000 

  0x0000020449727944: ;   {metadata(method data for {method} {0x000002046200ef90} 'isEmpty' '()Z' in 'java/lang/String')}
  0x0000020449727944: 48ba f03c | 01a3 0402 | 0000 ff82 | 1001 0000 

  0x0000020449727954: ;   {metadata(method data for {method} {0x0000020462425058} 'simpleConcat' '(Ljava/lang/Object;Ljava/lang/Object;)Ljava/lang/String;' in 'java/lang/StringConcatHelper')}
  0x0000020449727954: 48ba a8fa | 4fa3 0402 | 0000 ff82 | 6801 0000 

  0x0000020449727964: ; implicit exception: dispatches to 0x000002044972a661
  0x0000020449727964: 483b 0048 

  0x0000020449727968: ;   {metadata(method data for {method} {0x0000020462425058} 'simpleConcat' '(Ljava/lang/Object;Ljava/lang/Object;)Ljava/lang/String;' in 'java/lang/StringConcatHelper')}
  0x0000020449727968: 8bd0 48be | a8fa 4fa3 | 0402 0000 | 4883 8698 | 0100 0001 

  0x000002044972797c: ;   {metadata(method data for {method} {0x000002046200ef90} 'isEmpty' '()Z' in 'java/lang/String')}
  0x000002044972797c: 48ba f03c | 01a3 0402 | 0000 8bb2 | cc00 0000 | 83c6 0289 | b2cc 0000 | 0081 e6fe | ff1f 0083 
  0x000002044972799c: fe00 0f84 | c22c 0000 | 8b50 1448 | c1e2 038b | 520c 83fa 

  0x00000204497279b0: ;   {metadata(method data for {method} {0x000002046200ef90} 'isEmpty' '()Z' in 'java/lang/String')}
  0x00000204497279b0: 0048 baf0 | 3c01 a304 | 0200 0048 | be10 0100 | 0000 0000 | 000f 850a | 0000 0048 | be20 0100 
  0x00000204497279d0: 0000 0000 | 0048 8b3c | 3248 8d7f | 0148 893c | 320f 851a 

  0x00000204497279e4: ;   {metadata(method data for {method} {0x000002046200ef90} 'isEmpty' '()Z' in 'java/lang/String')}
  0x00000204497279e4: 0000 0048 | baf0 3c01 | a304 0200 | 00ff 8230 | 0100 00ba | 0100 0000 | e905 0000 | 00ba 0000 
  0x0000020449727a04: 0000 83e2 | 0183 fa00 

  0x0000020449727a0c: ;   {metadata(method data for {method} {0x0000020462425058} 'simpleConcat' '(Ljava/lang/Object;Ljava/lang/Object;)Ljava/lang/String;' in 'java/lang/StringConcatHelper')}
  0x0000020449727a0c: 48ba a8fa | 4fa3 0402 | 0000 48be | d001 0000 | 0000 0000 | 0f84 0a00 | 0000 48be | e001 0000 
  0x0000020449727a2c: 0000 0000 | 488b 3c32 | 488d 7f01 | 4889 3c32 | 0f84 9700 

  0x0000020449727a40: ;   {metadata('java/lang/String')}
  0x0000020449727a40: 0000 48ba | d8e8 0062 | 0402 0000 | 498b 87b8 | 0100 0048 | 8d78 1849 | 3bbf c801 | 0000 0f87 
  0x0000020449727a60: 282c 0000 | 4989 bfb8 | 0100 0048 | c700 0100 | 0000 488b | ca49 ba00 | 0000 6204 | 0200 0049 
  0x0000020449727a80: 2bca 8948 | 0848 33c9 | 8948 0c48 | 33c9 4889 | 4810 4c8b 

  0x0000020449727a94: ;   {metadata(method data for {method} {0x0000020462425058} 'simpleConcat' '(Ljava/lang/Object;Ljava/lang/Object;)Ljava/lang/String;' in 'java/lang/StringConcatHelper')}
  0x0000020449727a94: c048 baa8 | fa4f a304 | 0200 0048 | 8382 f001 

  0x0000020449727aa4: ;   {oop("TclEventType: "{0x000000068358cc28})}
  0x0000020449727aa4: 0000 0149 | b828 cc58 | 8306 0000 | 0048 8bd0 | 4889 8424 | 3801 0000 

  0x0000020449727abc: ;   {optimized virtual_call}
  0x0000020449727abc: 6666 90e8 

  0x0000020449727ac0: ; ImmutableOopMap {[208]=Oop [216]=Oop [304]=Oop [312]=Oop }
                      ;*invokespecial <init> {reexecute=0 rethrow=0 return_oop=0}
                      ; - java.lang.StringConcatHelper::simpleConcat@38 (line 429)
                      ; - java.lang.invoke.DirectMethodHandle$Holder::invokeStatic@11
                      ; - java.lang.invoke.LambdaForm$MH/0x00000204630c0000::invoke@21
                      ; - java.lang.invoke.Invokers$Holder::linkToTargetMethod@5
                      ; - ui.frmwork.I::i@178 (line 194)
  0x0000020449727ac0: bc6f b806 

  0x0000020449727ac4: ;   {other}
  0x0000020449727ac4: 0f1f 8400 | 3425 0016 | 488b 8424 | 3801 0000 | e958 0300 

  0x0000020449727ad8: ;   {metadata(method data for {method} {0x0000020462425058} 'simpleConcat' '(Ljava/lang/Object;Ljava/lang/Object;)Ljava/lang/String;' in 'java/lang/StringConcatHelper')}
  0x0000020449727ad8: 0048 baa8 | fa4f a304 | 0200 0048 | 8382 0002 

  0x0000020449727ae8: ;   {metadata(method data for {method} {0x0000020462424978} 'initialCoder' '()J' in 'java/lang/StringConcatHelper')}
  0x0000020449727ae8: 0000 0148 | ba60 fd4f | a304 0200 | 0044 8b82 | cc00 0000 | 4183 c002 | 4489 82cc | 0000 0041 
  0x0000020449727b08: 81e0 feff | 1f00 4183 | f800 0f84 | 812b 0000 

  0x0000020449727b18: ;   {metadata(method data for {method} {0x0000020462424978} 'initialCoder' '()J' in 'java/lang/StringConcatHelper')}
  0x0000020449727b18: 48ba 60fd | 4fa3 0402 | 0000 ff82 | 2001 0000 

  0x0000020449727b28: ;   {metadata(method data for {method} {0x0000020462424978} 'initialCoder' '()J' in 'java/lang/StringConcatHelper')}
  0x0000020449727b28: 48ba 60fd | 4fa3 0402 | 0000 ff82 | 3001 0000 | 4889 8424 | 4001 0000 

  0x0000020449727b40: ;   {metadata(method data for {method} {0x0000020462425058} 'simpleConcat' '(Ljava/lang/Object;Ljava/lang/Object;)Ljava/lang/String;' in 'java/lang/StringConcatHelper')}
  0x0000020449727b40: 48ba a8fa | 4fa3 0402 | 0000 4883 | 8210 0200 | 0001 48ba | 0000 0000 | 0000 0000 

  0x0000020449727b5c: ;   {oop("TclEventType: "{0x000000068358cc28})}
  0x0000020449727b5c: 49b8 28cc | 5883 0600 

  0x0000020449727b64: ;   {static_call}
  0x0000020449727b64: 0000 90e8 

  0x0000020449727b68: ; ImmutableOopMap {[208]=Oop [216]=Oop [304]=Oop [320]=Oop }
                      ;*invokestatic mix {reexecute=0 rethrow=0 return_oop=0}
                      ; - java.lang.StringConcatHelper::simpleConcat@46 (line 433)
                      ; - java.lang.invoke.DirectMethodHandle$Holder::invokeStatic@11
                      ; - java.lang.invoke.LambdaForm$MH/0x00000204630c0000::invoke@21
                      ; - java.lang.invoke.Invokers$Holder::linkToTargetMethod@5
                      ; - ui.frmwork.I::i@178 (line 194)
  0x0000020449727b68: b49f 4407 

  0x0000020449727b6c: ;   {other}
  0x0000020449727b6c: 0f1f 8400 | dc25 0017 

  0x0000020449727b74: ;   {metadata(method data for {method} {0x0000020462425058} 'simpleConcat' '(Ljava/lang/Object;Ljava/lang/Object;)Ljava/lang/String;' in 'java/lang/StringConcatHelper')}
  0x0000020449727b74: 48ba a8fa | 4fa3 0402 | 0000 4883 | 8220 0200 | 0001 488b | d04c 8b84 | 2440 0100 | 0066 0f1f 
  0x0000020449727b94: ;   {static_call}
  0x0000020449727b94: 4400 00e8 

  0x0000020449727b98: ; ImmutableOopMap {[208]=Oop [216]=Oop [304]=Oop [320]=Oop }
                      ;*invokestatic mix {reexecute=0 rethrow=0 return_oop=0}
                      ; - java.lang.StringConcatHelper::simpleConcat@54 (line 434)
                      ; - java.lang.invoke.DirectMethodHandle$Holder::invokeStatic@11
                      ; - java.lang.invoke.LambdaForm$MH/0x00000204630c0000::invoke@21
                      ; - java.lang.invoke.Invokers$Holder::linkToTargetMethod@5
                      ; - ui.frmwork.I::i@178 (line 194)
  0x0000020449727b98: 849f 4407 

  0x0000020449727b9c: ;   {other}
  0x0000020449727b9c: 0f1f 8400 | 0c26 0018 | 4889 8424 | 4801 0000 

  0x0000020449727bac: ;   {metadata(method data for {method} {0x0000020462425058} 'simpleConcat' '(Ljava/lang/Object;Ljava/lang/Object;)Ljava/lang/String;' in 'java/lang/StringConcatHelper')}
  0x0000020449727bac: 48b9 a8fa | 4fa3 0402 | 0000 4883 | 8130 0200 

  0x0000020449727bbc: ;   {metadata(method data for {method} {0x0000020462425160} 'newArray' '(J)[B' in 'java/lang/StringConcatHelper')}
  0x0000020449727bbc: 0001 48b9 | 9806 05a3 | 0402 0000 | 448b 81cc | 0000 0041 | 83c0 0244 | 8981 cc00 | 0000 4181 
  0x0000020449727bdc: e0fe ff1f | 0041 83f8 | 000f 84cf | 2a00 00b9 | 2000 0000 | 4c8b c049 | d3f8 458b | c045 0fbe 
  0x0000020449727bfc: c044 8bc8 | 498b c841 | d3e1 4183 

  0x0000020449727c08: ;   {metadata(method data for {method} {0x0000020462425160} 'newArray' '(J)[B' in 'java/lang/StringConcatHelper')}
  0x0000020449727c08: f900 49b8 | 9806 05a3 | 0402 0000 | 48ba 2001 | 0000 0000 | 0000 0f8c | 0a00 0000 | 48ba 1001 
  0x0000020449727c28: 0000 0000 | 0000 498b | 3410 488d | 7601 4989 | 3410 0f8c | 0326 0000 

  0x0000020449727c40: ;   {oop(a 'jdk/internal/misc/Unsafe'{0x00000006806adda8})}
  0x0000020449727c40: 48ba a8dd | 6a80 0600 | 0000 4c8b 

  0x0000020449727c4c: ;   {metadata(method data for {method} {0x0000020462425160} 'newArray' '(J)[B' in 'java/lang/StringConcatHelper')}
  0x0000020449727c4c: c248 be98 | 0605 a304 | 0200 0048 | 8386 4001 

  0x0000020449727c5c: ;   {oop(a 'java/lang/Class'{0x00000006806e8600} = byte)}
  0x0000020449727c5c: 0000 0149 | b800 866e | 8006 0000 | 0066 0f1f 

  0x0000020449727c6c: ;   {optimized virtual_call}
  0x0000020449727c6c: 4400 00e8 

  0x0000020449727c70: ; ImmutableOopMap {[208]=Oop [216]=Oop [304]=Oop [320]=Oop }
                      ;*invokevirtual allocateUninitializedArray {reexecute=0 rethrow=0 return_oop=0}
                      ; - java.lang.StringConcatHelper::newArray@33 (line 511)
                      ; - java.lang.StringConcatHelper::simpleConcat@61 (line 435)
                      ; - java.lang.invoke.DirectMethodHandle$Holder::invokeStatic@11
                      ; - java.lang.invoke.LambdaForm$MH/0x00000204630c0000::invoke@21
                      ; - java.lang.invoke.Invokers$Holder::linkToTargetMethod@5
                      ; - ui.frmwork.I::i@178 (line 194)
  0x0000020449727c70: 4cd2 3407 

  0x0000020449727c74: ;   {other}
  0x0000020449727c74: 0f1f 8400 | e426 0019 | 4883 f800 

  0x0000020449727c80: ;   {metadata(method data for {method} {0x0000020462425160} 'newArray' '(J)[B' in 'java/lang/StringConcatHelper')}
  0x0000020449727c80: 7517 49b8 | 9806 05a3 | 0402 0000 | 4180 8871 | 0100 0001 | e9cf 0000 

  0x0000020449727c98: ;   {metadata({type array byte})}
  0x0000020449727c98: 0049 b9c0 | 2200 6204 | 0200 0044 | 8b40 0849 | ba00 0000 | 6204 0200 | 004d 03c2 | 4d3b 4838 
  0x0000020449727cb8: 0f85 8e00 

  0x0000020449727cbc: ;   {metadata(method data for {method} {0x0000020462425160} 'newArray' '(J)[B' in 'java/lang/StringConcatHelper')}
  0x0000020449727cbc: 0000 49b8 | 9806 05a3 | 0402 0000 | 448b 4808 | 49ba 0000 | 0062 0402 | 0000 4d03 | ca4d 3b88 
  0x0000020449727cdc: 8801 0000 | 750d 4983 | 8090 0100 | 0001 e979 | 0000 004d | 3b88 9801 | 0000 750d | 4983 80a0 
  0x0000020449727cfc: 0100 0001 | e963 0000 | 0049 83b8 | 8801 0000 | 0075 174d | 8988 8801 | 0000 49c7 | 8090 0100 
  0x0000020449727d1c: 0001 0000 | 00e9 4200 | 0000 4983 | b898 0100 | 0000 7517 | 4d89 8898 | 0100 0049 | c780 a001 
  0x0000020449727d3c: 0000 0100 | 0000 e921 | 0000 00e9 | 1c00 0000 

  0x0000020449727d4c: ;   {metadata(method data for {method} {0x0000020462425160} 'newArray' '(J)[B' in 'java/lang/StringConcatHelper')}
  0x0000020449727d4c: 49b8 9806 | 05a3 0402 | 0000 4983 | a878 0100 | 0001 e978 | 2900 00e9 | 0000 0000 

  0x0000020449727d68: ;   {metadata(method data for {method} {0x0000020462425058} 'simpleConcat' '(Ljava/lang/Object;Ljava/lang/Object;)Ljava/lang/String;' in 'java/lang/StringConcatHelper')}
  0x0000020449727d68: 488b f048 | baa8 fa4f | a304 0200 | 0048 8382 | 4002 0000 | 0148 8b94 | 2448 0100 | 004c 8bc6 
  0x0000020449727d88: 4c8b 8c24 | 4001 0000 | 4889 b424 | 5001 0000 | 0f1f 8000 

  0x0000020449727d9c: ;   {static_call}
  0x0000020449727d9c: 0000 00e8 

  0x0000020449727da0: ; ImmutableOopMap {[208]=Oop [216]=Oop [304]=Oop [336]=Oop }
                      ;*invokestatic prepend {reexecute=0 rethrow=0 return_oop=0}
                      ; - java.lang.StringConcatHelper::simpleConcat@71 (line 438)
                      ; - java.lang.invoke.DirectMethodHandle$Holder::invokeStatic@11
                      ; - java.lang.invoke.LambdaForm$MH/0x00000204630c0000::invoke@21
                      ; - java.lang.invoke.Invokers$Holder::linkToTargetMethod@5
                      ; - ui.frmwork.I::i@178 (line 194)
  0x0000020449727da0: 9c97 4407 

  0x0000020449727da4: ;   {other}
  0x0000020449727da4: 0f1f 8400 | 1428 001a 

  0x0000020449727dac: ;   {metadata(method data for {method} {0x0000020462425058} 'simpleConcat' '(Ljava/lang/Object;Ljava/lang/Object;)Ljava/lang/String;' in 'java/lang/StringConcatHelper')}
  0x0000020449727dac: 48ba a8fa | 4fa3 0402 | 0000 4883 | 8250 0200 

  0x0000020449727dbc: ;   {oop("TclEventType: "{0x000000068358cc28})}
  0x0000020449727dbc: 0001 49b9 | 28cc 5883 | 0600 0000 | 488b d04c | 8b84 2450 | 0100 000f 

  0x0000020449727dd4: ;   {static_call}
  0x0000020449727dd4: 1f40 00e8 

  0x0000020449727dd8: ; ImmutableOopMap {[208]=Oop [216]=Oop [304]=Oop [336]=Oop }
                      ;*invokestatic prepend {reexecute=0 rethrow=0 return_oop=0}
                      ; - java.lang.StringConcatHelper::simpleConcat@81 (line 439)
                      ; - java.lang.invoke.DirectMethodHandle$Holder::invokeStatic@11
                      ; - java.lang.invoke.LambdaForm$MH/0x00000204630c0000::invoke@21
                      ; - java.lang.invoke.Invokers$Holder::linkToTargetMethod@5
                      ; - ui.frmwork.I::i@178 (line 194)
  0x0000020449727dd8: 6497 4407 

  0x0000020449727ddc: ;   {other}
  0x0000020449727ddc: 0f1f 8400 | 4c28 001b 

  0x0000020449727de4: ;   {metadata(method data for {method} {0x0000020462425058} 'simpleConcat' '(Ljava/lang/Object;Ljava/lang/Object;)Ljava/lang/String;' in 'java/lang/StringConcatHelper')}
  0x0000020449727de4: 48ba a8fa | 4fa3 0402 | 0000 4883 | 8260 0200 | 0001 488b | 9424 5001 | 0000 4c8b | c066 0f1f 
  0x0000020449727e04: ;   {static_call}
  0x0000020449727e04: 4400 00e8 

  0x0000020449727e08: ; ImmutableOopMap {[208]=Oop [216]=Oop [304]=Oop }
                      ;*invokestatic newString {reexecute=0 rethrow=0 return_oop=0}
                      ; - java.lang.StringConcatHelper::simpleConcat@90 (line 440)
                      ; - java.lang.invoke.DirectMethodHandle$Holder::invokeStatic@11
                      ; - java.lang.invoke.LambdaForm$MH/0x00000204630c0000::invoke@21
                      ; - java.lang.invoke.Invokers$Holder::linkToTargetMethod@5
                      ; - ui.frmwork.I::i@178 (line 194)
  0x0000020449727e08: 1498 9807 

  0x0000020449727e0c: ;   {other}
  0x0000020449727e0c: 0f1f 8400 | 7c28 001c 

  0x0000020449727e14: ;   {metadata(method data for {method} {0x00000204620b4b78} 'invokeStatic' '(Ljava/lang/Object;Ljava/lang/Object;Ljava/lang/Object;)Ljava/lang/Object;' in 'java/lang/invoke/DirectMethodHandle$Holder')}
  0x0000020449727e14: 48b9 6038 | 79a3 0402 | 0000 488d | 89a8 0100 | 0048 8bd0 | 4885 d275 | 0448 8309 

  0x0000020449727e30: ;   {metadata(method data for {method} {0x00000204620b0170} 'linkToTargetMethod' '(Ljava/lang/Object;Ljava/lang/Object;)Ljava/lang/Object;' in 'java/lang/invoke/Invokers$Holder')}
  0x0000020449727e30: 0148 b998 | a0a4 a304 | 0200 0048 | 8d89 9001 | 0000 488b | d048 85d2 | 7504 4883 

  0x0000020449727e4c: ;   {metadata(method data for {method} {0x00000204a3632ad0} 'i' '(JZ)V' in 'ui/frmwork/I')}
  0x0000020449727e4c: 0901 48b9 | 60a6 a2ca | 0402 0000 | 488d 89e0 | 0500 0048 | 8bd0 4885 | d275 0448 | 8309 0148 
  0x0000020449727e6c: 8b94 2430 

  0x0000020449727e70: ;   {metadata(method data for {method} {0x00000204a3632ad0} 'i' '(JZ)V' in 'ui/frmwork/I')}
  0x0000020449727e70: 0100 0048 | b960 a6a2 | ca04 0200 | 0048 8381 | f005 0000 

  0x0000020449727e84: ;   {metadata(method data for {method} {0x00000204a3f5b888} 'iYw' '()Ljava/lang/String;' in 'ui/frmwork/str/robot/m')}
  0x0000020449727e84: 0148 b958 | b4a2 ca04 | 0200 008b | b1cc 0000 | 0083 c602 | 89b1 cc00 | 0000 81e6 | feff 1f00 
  0x0000020449727ea4: 83fe 000f | 8437 2800 

  0x0000020449727eac: ;   {oop(a 'java/lang/Class'{0x00000006821fce00} = 'ui/frmwork/str/robot/m')}
  0x0000020449727eac: 0048 b900 | ce1f 8206 | 0000 008b | 7174 48c1 | e603 4889 | b424 6001 

  0x0000020449727ec4: ;   {oop(a 'ui/frmwork/a/y'{0x00000006821807d8})}
  0x0000020449727ec4: 0000 49ba | d807 1882 | 0600 0000 

  0x0000020449727ed0: ;   {metadata(method data for {method} {0x00000204a3632ad0} 'i' '(JZ)V' in 'ui/frmwork/I')}
  0x0000020449727ed0: 493b d248 | b960 a6a2 | ca04 0200 | 0048 bf10 | 0600 0000 | 0000 000f | 850a 0000 | 0048 bf00 
  0x0000020449727ef0: 0600 0000 | 0000 0048 | 8b1c 3948 | 8d5b 0148 | 891c 390f | 850d 0000 | 0048 8994 | 2430 0100 
  0x0000020449727f10: 00e9 d20c 

  0x0000020449727f14: ;   {metadata(method data for {method} {0x00000204a3632ad0} 'i' '(JZ)V' in 'ui/frmwork/I')}
  0x0000020449727f14: 0000 48b9 | 60a6 a2ca | 0402 0000 | 4883 8120 | 0600 0001 

  0x0000020449727f28: ;   {metadata(method data for {method} {0x00000204a36136b0} 'kT' '(Ljava/lang/String;)Z' in 'ui/utils/ar')}
  0x0000020449727f28: 48b9 f8ad | bca3 0402 | 0000 8bb9 | cc00 0000 | 83c7 0289 | b9cc 0000 | 0081 e7fe | ff1f 0083 
  0x0000020449727f48: ff00 0f84 | b527 0000 | 4883 fe00 

  0x0000020449727f54: ;   {metadata(method data for {method} {0x00000204a36136b0} 'kT' '(Ljava/lang/String;)Z' in 'ui/utils/ar')}
  0x0000020449727f54: 48b9 f8ad | bca3 0402 | 0000 48bf | 2001 0000 | 0000 0000 | 0f85 0a00 | 0000 48bf | 1001 0000 
  0x0000020449727f74: 0000 0000 | 488b 1c39 | 488d 5b01 | 4889 1c39 | 0f85 1500 | 0000 4889 | 8424 6801 | 0000 4889 
  0x0000020449727f94: 9424 3001 | 0000 e9d5 | 0800 0048 | 3b06 488b 

  0x0000020449727fa4: ;   {metadata(method data for {method} {0x00000204a36136b0} 'kT' '(Ljava/lang/String;)Z' in 'ui/utils/ar')}
  0x0000020449727fa4: ce48 bff8 | adbc a304 | 0200 0048 | 8387 3001 

  0x0000020449727fb4: ;   {metadata(method data for {method} {0x000002046200ef90} 'isEmpty' '()Z' in 'java/lang/String')}
  0x0000020449727fb4: 0000 0148 | b9f0 3c01 | a304 0200 | 008b b9cc | 0000 0083 | c702 89b9 | cc00 0000 | 81e7 feff 
  0x0000020449727fd4: 1f00 83ff | 000f 844c | 2700 008b | 4e14 48c1 | e103 8b49 | 0c83 f900 

  0x0000020449727fec: ;   {metadata(method data for {method} {0x000002046200ef90} 'isEmpty' '()Z' in 'java/lang/String')}
  0x0000020449727fec: 48b9 f03c | 01a3 0402 | 0000 48bf | 1001 0000 | 0000 0000 | 0f85 0a00 | 0000 48bf | 2001 0000 
  0x000002044972800c: 0000 0000 | 488b 1c39 | 488d 5b01 | 4889 1c39 | 0f85 1a00 

  0x0000020449728020: ;   {metadata(method data for {method} {0x000002046200ef90} 'isEmpty' '()Z' in 'java/lang/String')}
  0x0000020449728020: 0000 48b9 | f03c 01a3 | 0402 0000 | ff81 3001 | 0000 b901 | 0000 00e9 | 0500 0000 | b900 0000 
  0x0000020449728040: 0083 e101 

  0x0000020449728044: ;   {metadata(method data for {method} {0x00000204a36136b0} 'kT' '(Ljava/lang/String;)Z' in 'ui/utils/ar')}
  0x0000020449728044: 83f9 0048 | b9f8 adbc | a304 0200 | 0048 bf78 | 0100 0000 | 0000 000f | 840a 0000 | 0048 bf68 
  0x0000020449728064: 0100 0000 | 0000 0048 | 8b1c 3948 | 8d5b 0148 | 891c 390f | 8415 0000 | 0048 8984 | 2468 0100 
  0x0000020449728084: 0048 8994 | 2430 0100 | 00e9 e207 

  0x0000020449728090: ;   {metadata(method data for {method} {0x00000204a36136b0} 'kT' '(Ljava/lang/String;)Z' in 'ui/utils/ar')}
  0x0000020449728090: 0000 48b9 | f8ad bca3 | 0402 0000 | 4883 8188 | 0100 0001 

  0x00000204497280a4: ;   {metadata(method data for {method} {0x00000204a3613e90} 'ako' '(Ljava/lang/String;)Z' in 'ui/utils/ar')}
  0x00000204497280a4: 48b9 08b0 | bca3 0402 | 0000 8bb9 | cc00 0000 | 83c7 0289 | b9cc 0000 | 0081 e7fe | ff1f 0083 
  0x00000204497280c4: ff00 0f84 | 8526 0000 | bf00 0000 | 0048 8984 | 2468 0100 | 0048 8994 | 2430 0100 | 000f 1f80 
  0x00000204497280e4: 0000 0000 

  0x00000204497280e8: ;   {metadata(method data for {method} {0x00000204a3613e90} 'ako' '(Ljava/lang/String;)Z' in 'ui/utils/ar')}
  0x00000204497280e8: 488b ce48 | bb08 b0bc | a304 0200 | 0048 8383 | 1001 0000 

  0x00000204497280fc: ;   {metadata(method data for {method} {0x000002046200eee0} 'length' '()I' in 'java/lang/String')}
  0x00000204497280fc: 0148 b9b8 | f700 a304 | 0200 008b | 99cc 0000 | 0083 c302 | 8999 cc00 | 0000 81e3 | feff 1f00 
  0x000002044972811c: 83fb 000f | 844d 2600 | 008b 5e14 | 48c1 e303 

  0x000002044972812c: ; implicit exception: dispatches to 0x000002044972a793
  0x000002044972812c: 448b 430c 

  0x0000020449728130: ;   {metadata(method data for {method} {0x000002046200eee0} 'length' '()I' in 'java/lang/String')}
  0x0000020449728130: 488b ce49 | b9b8 f700 | a304 0200 | 0049 8381 | 1001 0000 

  0x0000020449728144: ;   {metadata(method data for {method} {0x000002046245a188} 'coder' '()B' in 'java/lang/String')}
  0x0000020449728144: 0148 b9b8 | e400 a304 | 0200 0044 | 8b89 cc00 | 0000 4183 | c102 4489 | 89cc 0000 | 0041 81e1 
  0x0000020449728164: feff 1f00 | 4183 f900 | 0f84 2626 

  0x0000020449728170: ;   {metadata(method data for {method} {0x000002046245a188} 'coder' '()B' in 'java/lang/String')}
  0x0000020449728170: 0000 48b9 | b8e4 00a3 | 0402 0000 | ff81 2001 | 0000 440f 

  0x0000020449728184: ;   {metadata(method data for {method} {0x000002046245a188} 'coder' '()B' in 'java/lang/String')}
  0x0000020449728184: be4e 1048 | b9b8 e400 | a304 0200 | 00ff 8130 | 0100 0049 | 8bc9 c1e1 | 18c1 f918 | 4d8b d841 
  0x00000204497281a4: d3fb 413b 

  0x00000204497281a8: ;   {metadata(method data for {method} {0x00000204a3613e90} 'ako' '(Ljava/lang/String;)Z' in 'ui/utils/ar')}
  0x00000204497281a8: fb48 b908 | b0bc a304 | 0200 0049 | bb48 0100 | 0000 0000 | 000f 8d0a | 0000 0049 | bb58 0100 
  0x00000204497281c8: 0000 0000 | 004e 8b2c | 194d 8d6d | 014e 892c | 190f 8d55 | 0600 0048 

  0x00000204497281e0: ;   {metadata(method data for {method} {0x00000204a3613e90} 'ako' '(Ljava/lang/String;)Z' in 'ui/utils/ar')}
  0x00000204497281e0: 8bce 49bb | 08b0 bca3 | 0402 0000 | 4983 8368 | 0100 0001 

  0x00000204497281f4: ;   {metadata(method data for {method} {0x000002046200ef38} 'charAt' '(I)C' in 'java/lang/String')}
  0x00000204497281f4: 48b9 b0ff | 00a3 0402 | 0000 448b | 99cc 0000 | 0041 83c3 | 0244 8999 | cc00 0000 | 4181 e3fe 
  0x0000020449728214: ff1f 0041 | 83fb 000f | 8498 2500 | 0048 8bce 

  0x0000020449728224: ;   {metadata(method data for {method} {0x000002046200ef38} 'charAt' '(I)C' in 'java/lang/String')}
  0x0000020449728224: 49bb b0ff | 00a3 0402 | 0000 4983 | 8310 0100 

  0x0000020449728234: ;   {metadata(method data for {method} {0x0000020462459580} 'isLatin1' '()Z' in 'java/lang/String')}
  0x0000020449728234: 0001 48b9 | 68a4 00a3 | 0402 0000 | 448b 99cc | 0000 0041 | 83c3 0244 | 8999 cc00 | 0000 4181 
  0x0000020449728254: e3fe ff1f | 0041 83fb | 000f 8477 

  0x0000020449728260: ;   {metadata(method data for {method} {0x0000020462459580} 'isLatin1' '()Z' in 'java/lang/String')}
  0x0000020449728260: 2500 0048 | b968 a400 | a304 0200 | 00ff 8120 | 0100 0041 

  0x0000020449728274: ;   {metadata(method data for {method} {0x0000020462459580} 'isLatin1' '()Z' in 'java/lang/String')}
  0x0000020449728274: 83f9 0048 | b968 a400 | a304 0200 | 0049 b930 | 0100 0000 | 0000 000f | 850a 0000 | 0049 b940 
  0x0000020449728294: 0100 0000 | 0000 004e | 8b1c 094d | 8d5b 014e | 891c 090f | 851a 0000 

  0x00000204497282ac: ;   {metadata(method data for {method} {0x0000020462459580} 'isLatin1' '()Z' in 'java/lang/String')}
  0x00000204497282ac: 0048 b968 | a400 a304 | 0200 00ff | 8150 0100 | 00b9 0100 | 0000 e905 | 0000 00b9 | 0000 0000 
  0x00000204497282cc: 83e1 0183 

  0x00000204497282d0: ;   {metadata(method data for {method} {0x000002046200ef38} 'charAt' '(I)C' in 'java/lang/String')}
  0x00000204497282d0: f900 48b9 | b0ff 00a3 | 0402 0000 | 49b9 4801 | 0000 0000 | 0000 0f84 | 0a00 0000 | 49b9 5801 
  0x00000204497282f0: 0000 0000 | 0000 4e8b | 1c09 4d8d | 5b01 4e89 | 1c09 0f84 | db00 0000 

  0x0000020449728308: ;   {metadata(method data for {method} {0x000002046200ef38} 'charAt' '(I)C' in 'java/lang/String')}
  0x0000020449728308: 48b9 b0ff | 00a3 0402 | 0000 4883 | 8168 0100 

  0x0000020449728318: ;   {metadata(method data for {method} {0x0000020462024030} 'charAt' '([BI)C' in 'java/lang/StringLatin1')}
  0x0000020449728318: 0001 48b9 | 48fe 00a3 | 0402 0000 | 448b 89cc | 0000 0041 | 83c1 0244 | 8989 cc00 | 0000 4181 
  0x0000020449728338: e1fe ff1f | 0041 83f9 | 000f 84b4 

  0x0000020449728344: ;   {metadata(method data for {method} {0x0000020462024030} 'charAt' '([BI)C' in 'java/lang/StringLatin1')}
  0x0000020449728344: 2400 0048 | b948 fe00 | a304 0200 | 0048 8381 | 1001 0000 

  0x0000020449728358: ;   {metadata(method data for {method} {0x000002046245a810} 'checkIndex' '(II)V' in 'java/lang/String')}
  0x0000020449728358: 0148 b980 | 0101 a304 | 0200 0044 | 8b89 cc00 | 0000 4183 | c102 4489 | 89cc 0000 | 0041 81e1 
  0x0000020449728378: feff 1f00 | 4183 f900 | 0f84 9624 

  0x0000020449728384: ;   {metadata(method data for {method} {0x000002046245a810} 'checkIndex' '(II)V' in 'java/lang/String')}
  0x0000020449728384: 0000 48b9 | 8001 01a3 | 0402 0000 | 4883 8110 | 0100 0001 

  0x0000020449728398: ;   {oop(a 'jdk/internal/util/Preconditions$4'{0x00000006824f7b28})}
  0x0000020449728398: 48b9 287b | 4f82 0600 | 0000 b900 | 0000 003b | f90f 8c8e | 2400 0041 | 3bf8 0f8d | 9224 0000 
  0x00000204497283b8: 488b cf44 | 3bc7 0f86 | 9324 0000 | 4863 cf0f | be5c 0b10 | 81e3 ff00 | 0000 81e3 | ffff 0000 
  0x00000204497283d8: 81e3 ffff | 0000 e948 

  0x00000204497283e0: ;   {metadata(method data for {method} {0x000002046200ef38} 'charAt' '(I)C' in 'java/lang/String')}
  0x00000204497283e0: 0100 0048 | b9b0 ff00 | a304 0200 | 0048 8381 | 7801 0000 

  0x00000204497283f4: ;   {metadata(method data for {method} {0x0000020462027370} 'charAt' '([BI)C' in 'java/lang/StringUTF16')}
  0x00000204497283f4: 0148 b998 | 0401 a304 | 0200 0044 | 8b89 cc00 | 0000 4183 | c102 4489 | 89cc 0000 | 0041 81e1 
  0x0000020449728414: feff 1f00 | 4183 f900 | 0f84 4324 

  0x0000020449728420: ;   {metadata(method data for {method} {0x0000020462027370} 'charAt' '([BI)C' in 'java/lang/StringUTF16')}
  0x0000020449728420: 0000 48b9 | 9804 01a3 | 0402 0000 | 4883 8110 | 0100 0001 

  0x0000020449728434: ;   {metadata(method data for {method} {0x00000204620268c8} 'checkIndex' '(I[B)V' in 'java/lang/StringUTF16')}
  0x0000020449728434: 48b9 1006 | 01a3 0402 | 0000 448b | 89cc 0000 | 0041 83c1 | 0244 8989 | cc00 0000 | 4181 e1fe 
  0x0000020449728454: ff1f 0041 | 83f9 000f | 8425 2400 

  0x0000020449728460: ;   {metadata(method data for {method} {0x00000204620268c8} 'checkIndex' '(I[B)V' in 'java/lang/StringUTF16')}
  0x0000020449728460: 0048 b910 | 0601 a304 | 0200 0048 | 8381 1001 

  0x0000020449728470: ;   {metadata(method data for {method} {0x0000020462026870} 'length' '([B)I' in 'java/lang/StringUTF16')}
  0x0000020449728470: 0000 0148 | b9b8 0701 | a304 0200 | 0044 8b89 | cc00 0000 | 4183 c102 | 4489 89cc | 0000 0041 
  0x0000020449728490: 81e1 feff | 1f00 4183 | f900 0f84 | 0724 0000 

  0x00000204497284a0: ;   {metadata(method data for {method} {0x00000204620268c8} 'checkIndex' '(I[B)V' in 'java/lang/StringUTF16')}
  0x00000204497284a0: 48b9 1006 | 01a3 0402 | 0000 4883 | 8120 0100 | 0001 41d1 

  0x00000204497284b4: ;   {metadata(method data for {method} {0x000002046245a810} 'checkIndex' '(II)V' in 'java/lang/String')}
  0x00000204497284b4: f848 b980 | 0101 a304 | 0200 0044 | 8b89 cc00 | 0000 4183 | c102 4489 | 89cc 0000 | 0041 81e1 
  0x00000204497284d4: feff 1f00 | 4183 f900 | 0f84 e623 

  0x00000204497284e0: ;   {metadata(method data for {method} {0x000002046245a810} 'checkIndex' '(II)V' in 'java/lang/String')}
  0x00000204497284e0: 0000 48b9 | 8001 01a3 | 0402 0000 | 4883 8110 | 0100 0001 

  0x00000204497284f4: ;   {oop(a 'jdk/internal/util/Preconditions$4'{0x00000006824f7b28})}
  0x00000204497284f4: 48b9 287b | 4f82 0600 | 0000 b900 | 0000 003b | f90f 8cde | 2300 0041 | 3bf8 0f8d | e223 0000 
  0x0000020449728514: 488b cf48 | 63cf 0fb7 | 5c4b 1081 | e3ff ff00 | 0081 e3ff | ff00 0089 | bc24 5c01 

  0x0000020449728530: ;   {metadata(method data for {method} {0x00000204a3613e90} 'ako' '(Ljava/lang/String;)Z' in 'ui/utils/ar')}
  0x0000020449728530: 0000 48b9 | 08b0 bca3 | 0402 0000 | 4883 81a0 | 0100 0001 

  0x0000020449728544: ;   {metadata(method data for {method} {0x00000204a3613dd0} 't' '(C)Z' in 'ui/utils/ar')}
  0x0000020449728544: 48b9 30b2 | bca3 0402 | 0000 448b | 81cc 0000 | 0041 83c0 | 0244 8981 | cc00 0000 | 4181 e0fe 
  0x0000020449728564: ff1f 0041 | 83f8 000f | 8492 2300 

  0x0000020449728570: ;   {metadata(method data for {method} {0x00000204a3613dd0} 't' '(C)Z' in 'ui/utils/ar')}
  0x0000020449728570: 0048 b930 | b2bc a304 | 0200 0048 | 8381 1001 

  0x0000020449728580: ;   {metadata(method data for {method} {0x00000204624260f0} 'isSpaceChar' '(C)Z' in 'java/lang/Character')}
  0x0000020449728580: 0000 0148 | b968 7ca5 | a304 0200 | 0044 8b81 | cc00 0000 | 4183 c002 | 4489 81cc | 0000 0041 
  0x00000204497285a0: 81e0 feff | 1f00 4183 | f800 0f84 | 7423 0000 

  0x00000204497285b0: ;   {metadata(method data for {method} {0x00000204624260f0} 'isSpaceChar' '(C)Z' in 'java/lang/Character')}
  0x00000204497285b0: 48b9 687c | a5a3 0402 | 0000 4883 | 8110 0100 

  0x00000204497285c0: ;   {metadata(method data for {method} {0x0000020462426098} 'isSpaceChar' '(I)Z' in 'java/lang/Character')}
  0x00000204497285c0: 0001 48b9 | c87d a5a3 | 0402 0000 | 448b 81cc | 0000 0041 | 83c0 0244 | 8981 cc00 | 0000 4181 
  0x00000204497285e0: e0fe ff1f | 0041 83f8 | 000f 8456 

  0x00000204497285ec: ;   {metadata(method data for {method} {0x0000020462426098} 'isSpaceChar' '(I)Z' in 'java/lang/Character')}
  0x00000204497285ec: 2300 0048 | b9c8 7da5 | a304 0200 | 0048 8381 | 1001 0000 

  0x0000020449728600: ;   {metadata(method data for {method} {0x0000020462426ca0} 'getType' '(I)I' in 'java/lang/Character')}
  0x0000020449728600: 0148 b9d0 | 1e4c a304 | 0200 0044 | 8b81 cc00 | 0000 4183 | c002 4489 | 81cc 0000 | 0041 81e0 
  0x0000020449728620: feff 1f00 | 4183 f800 | 0f84 3823 

  0x000002044972862c: ;   {metadata(method data for {method} {0x0000020462426ca0} 'getType' '(I)I' in 'java/lang/Character')}
  0x000002044972862c: 0000 48b9 | d01e 4ca3 | 0402 0000 | 4883 8110 | 0100 0001 | 488b d389 | 9c24 5801 | 0000 0f1f 
  0x000002044972864c: ;   {static_call}
  0x000002044972864c: 4400 00e8 

  0x0000020449728650: ; ImmutableOopMap {[208]=Oop [216]=Oop [304]=Oop [352]=Oop [360]=Oop }
                      ;*invokestatic of {reexecute=0 rethrow=0 return_oop=0}
                      ; - java.lang.Character::getType@1 (line 11557)
                      ; - java.lang.Character::isSpaceChar@4 (line 11355)
                      ; - java.lang.Character::isSpaceChar@1 (line 11330)
                      ; - ui.utils.ar::t@1 (line 3047)
                      ; - ui.utils.ar::ako@15 (line 3053)
                      ; - ui.utils.ar::kT@12 (line 2973)
                      ; - ui.frmwork.I::i@200 (line 196)
  0x0000020449728650: ccd4 3607 

  0x0000020449728654: ;   {other}
  0x0000020449728654: 0f1f 8400 | c430 001d 

  0x000002044972865c: ; implicit exception: dispatches to 0x000002044972a987
  0x000002044972865c: 483b 004c 

  0x0000020449728660: ;   {metadata(method data for {method} {0x0000020462426ca0} 'getType' '(I)I' in 'java/lang/Character')}
  0x0000020449728660: 8bc0 48ba | d01e 4ca3 | 0402 0000 | 458b 4008 | 49ba 0000 | 0062 0402 | 0000 4d03 | c24c 3b82 
  0x0000020449728680: 3001 0000 | 750d 4883 | 8238 0100 | 0001 e960 | 0000 004c | 3b82 4001 | 0000 750d | 4883 8248 
  0x00000204497286a0: 0100 0001 | e94a 0000 | 0048 83ba | 3001 0000 | 0075 174c | 8982 3001 | 0000 48c7 | 8238 0100 
  0x00000204497286c0: 0001 0000 | 00e9 2900 | 0000 4883 | ba40 0100 | 0000 7517 | 4c89 8240 | 0100 0048 | c782 4801 
  0x00000204497286e0: 0000 0100 | 0000 e908 | 0000 0048 | 8382 2001 | 0000 0144 | 8b84 2458 | 0100 0048 | 8bd0 0f1f 
  0x0000020449728700: 8000 0000 | 0048 b860 | f002 6204 

  0x000002044972870c: ;   {virtual_call}
  0x000002044972870c: 0200 00e8 

  0x0000020449728710: ; ImmutableOopMap {[208]=Oop [216]=Oop [304]=Oop [352]=Oop [360]=Oop }
                      ;*invokevirtual getType {reexecute=0 rethrow=0 return_oop=0}
                      ; - java.lang.Character::getType@5 (line 11557)
                      ; - java.lang.Character::isSpaceChar@4 (line 11355)
                      ; - java.lang.Character::isSpaceChar@1 (line 11330)
                      ; - ui.utils.ar::t@1 (line 3047)
                      ; - ui.utils.ar::ako@15 (line 3053)
                      ; - ui.utils.ar::kT@12 (line 2973)
                      ; - ui.frmwork.I::i@200 (line 196)
  0x0000020449728710: 8cb3 3507 

  0x0000020449728714: ;   {other}
  0x0000020449728714: 0f1f 8400 | 8431 001e | 488b c841 | b800 7000 | 0041 d3f8 | 4183 e001 | 4183 f800 

  0x0000020449728730: ;   {metadata(method data for {method} {0x0000020462426098} 'isSpaceChar' '(I)Z' in 'java/lang/Character')}
  0x0000020449728730: 49b8 c87d | a5a3 0402 | 0000 48ba | 2001 0000 | 0000 0000 | 0f84 0a00 | 0000 48ba | 3001 0000 
  0x0000020449728750: 0000 0000 | 498b 3410 | 488d 7601 | 4989 3410 | 0f84 1c00 

  0x0000020449728764: ;   {metadata(method data for {method} {0x0000020462426098} 'isSpaceChar' '(I)Z' in 'java/lang/Character')}
  0x0000020449728764: 0000 49b8 | c87d a5a3 | 0402 0000 | 41ff 8040 | 0100 0041 | b801 0000 | 00e9 0600 | 0000 41b8 
  0x0000020449728784: 0000 0000 | 4183 e001 | 4183 e001 | 4183 e001 | 4183 f800 

  0x0000020449728798: ;   {metadata(method data for {method} {0x00000204a3613e90} 'ako' '(Ljava/lang/String;)Z' in 'ui/utils/ar')}
  0x0000020449728798: 49b8 08b0 | bca3 0402 | 0000 48ba | c001 0000 | 0000 0000 | 0f84 0a00 | 0000 48ba | b001 0000 
  0x00000204497287b8: 0000 0000 | 498b 3410 | 488d 7601 | 4989 3410 | 0f84 5b00 | 0000 8bbc | 245c 0100 

  0x00000204497287d4: ;   {metadata(method data for {method} {0x00000204a3613e90} 'ako' '(Ljava/lang/String;)Z' in 'ui/utils/ar')}
  0x00000204497287d4: 00ff c749 | b808 b0bc | a304 0200 | 0041 8b90 | d000 0000 | 83c2 0241 | 8990 d000 | 0000 81e2 
  0x00000204497287f4: fe3f 0000 | 83fa 000f | 848b 2100 | 004d 8b97 

  0x0000020449728804: ; ImmutableOopMap {[208]=Oop [216]=Oop [304]=Oop [352]=Oop [360]=Oop }
                      ;*goto {reexecute=1 rethrow=0 return_oop=0}
                      ; - (reexecute) ui.utils.ar::ako@26 (line 3052)
                      ; - ui.utils.ar::kT@12 (line 2973)
                      ; - ui.frmwork.I::i@200 (line 196)
  0x0000020449728804: 5804 0000 

  0x0000020449728808: ;   {poll}
  0x0000020449728808: 4185 0249 | b808 b0bc | a304 0200 | 0041 ff80 | d001 0000 | 488b b424 | 6001 0000 | e9bf f8ff 
  0x0000020449728828: ff41 b800 | 0000 00e9 | 0600 0000 | 41b8 0100 | 0000 4183 

  0x000002044972883c: ;   {metadata(method data for {method} {0x00000204a36136b0} 'kT' '(Ljava/lang/String;)Z' in 'ui/utils/ar')}
  0x000002044972883c: f800 49b8 | f8ad bca3 | 0402 0000 | 48ba a801 | 0000 0000 | 0000 0f84 | 0a00 0000 | 48ba 9801 
  0x000002044972885c: 0000 0000 | 0000 498b | 3410 488d | 7601 4989 | 3410 0f84 | 0b00 0000 | 41b8 0000 | 0000 e917 
  0x000002044972887c: ;   {metadata(method data for {method} {0x00000204a36136b0} 'kT' '(Ljava/lang/String;)Z' in 'ui/utils/ar')}
  0x000002044972887c: 0000 0049 | b8f8 adbc | a304 0200 | 0041 ff80 | b801 0000 | 41b8 0100 | 0000 4183 | e001 4183 
  0x000002044972889c: ;   {metadata(method data for {method} {0x00000204a3632ad0} 'i' '(JZ)V' in 'ui/frmwork/I')}
  0x000002044972889c: f800 49b8 | 60a6 a2ca | 0402 0000 | 48ba 3006 | 0000 0000 | 0000 0f84 | 0a00 0000 | 48ba 4006 
  0x00000204497288bc: 0000 0000 | 0000 498b | 3410 488d | 7601 4989 | 3410 0f84 | 8100 0000 | 488b b424 | 6001 0000 
  0x00000204497288dc: 488b 8424 | 6801 0000 

  0x00000204497288e4: ; implicit exception: dispatches to 0x000002044972a9ad
  0x00000204497288e4: 483b 004c 

  0x00000204497288e8: ;   {metadata(method data for {method} {0x00000204a3632ad0} 'i' '(JZ)V' in 'ui/frmwork/I')}
  0x00000204497288e8: 8bc0 48ba | 60a6 a2ca | 0402 0000 | 4883 8250 | 0600 0001 | 4c8b c648 | 8bd0 4889 | 8424 6801 
  0x0000020449728908: 0000 0f1f 

  0x000002044972890c: ;   {optimized virtual_call}
  0x000002044972890c: 4400 00e8 

  0x0000020449728910: ; ImmutableOopMap {[208]=Oop [216]=Oop [304]=Oop [360]=Oop }
                      ;*invokevirtual equals {reexecute=0 rethrow=0 return_oop=0}
                      ; - ui.frmwork.I::i@210 (line 196)
  0x0000020449728910: 2ce2 4e07 

  0x0000020449728914: ;   {other}
  0x0000020449728914: 0f1f 8400 | 8433 0020 

  0x000002044972891c: ;   {metadata(method data for {method} {0x00000204a3632ad0} 'i' '(JZ)V' in 'ui/frmwork/I')}
  0x000002044972891c: 83f8 0048 | ba60 a6a2 | ca04 0200 | 0049 b888 | 0600 0000 | 0000 000f | 850a 0000 | 0049 b898 
  0x000002044972893c: 0600 0000 | 0000 004a | 8b34 0248 | 8d76 014a | 8934 020f | 8593 0200 | 0048 8b84 | 2468 0100 
  0x000002044972895c: ;   {metadata(method data for {method} {0x00000204a3632ad0} 'i' '(JZ)V' in 'ui/frmwork/I')}
  0x000002044972895c: 0048 ba60 | a6a2 ca04 | 0200 0048 | 8382 a806 

  0x000002044972896c: ;   {metadata(method data for {method} {0x00000204a3493140} 'log' '(Ljava/lang/String;)V' in 'ui/utils/x')}
  0x000002044972896c: 0000 0148 | ba30 a5ee | a504 0200 | 0044 8b82 | cc00 0000 | 4183 c002 | 4489 82cc | 0000 0041 
  0x000002044972898c: 81e0 feff | 1f00 4183 | f800 0f84 | 1620 0000 

  0x000002044972899c: ;   {metadata(method data for {method} {0x00000204a3493140} 'log' '(Ljava/lang/String;)V' in 'ui/utils/x')}
  0x000002044972899c: 48ba 30a5 | eea5 0402 | 0000 4883 | 8210 0100 

  0x00000204497289ac: ;   {metadata(method data for {method} {0x00000204a3f550d0} 'acU' '(Ljava/lang/String;)Ljava/lang/StringBuilder;' in 'ui/frmwork/str/robot/m')}
  0x00000204497289ac: 0001 48ba | a0a6 eea5 | 0402 0000 | 448b 82cc | 0000 0041 | 83c0 0244 | 8982 cc00 | 0000 4181 
  0x00000204497289cc: e0fe ff1f | 0041 83f8 | 000f 84f8 

  0x00000204497289d8: ;   {metadata(method data for {method} {0x00000204a3f550d0} 'acU' '(Ljava/lang/String;)Ljava/lang/StringBuilder;' in 'ui/frmwork/str/robot/m')}
  0x00000204497289d8: 1f00 0048 | baa0 a6ee | a504 0200 | 0048 8382 | 4801 0000 

  0x00000204497289ec: ;   {oop(nullptr)}
  0x00000204497289ec: 0148 ba00 | 0000 0000 | 0000 004c | 8bc0 0f1f 

  0x00000204497289fc: ;   {static_call}
  0x00000204497289fc: 4400 00e8 

  0x0000020449728a00: ; ImmutableOopMap {[208]=Oop [216]=Oop [304]=Oop }
                      ;*invokestatic ee {reexecute=0 rethrow=0 return_oop=0}
                      ; - ui.frmwork.str.robot.m::acU@5 (line 278)
                      ; - ui.utils.x::log@1 (line 2111)
                      ; - ui.frmwork.I::i@218 (line 197)
  0x0000020449728a00: fc88 e2ff 

  0x0000020449728a04: ;   {other}
  0x0000020449728a04: 0f1f 8400 | 7434 0021 

  0x0000020449728a0c: ;   {metadata(method data for {method} {0x00000204a3493140} 'log' '(Ljava/lang/String;)V' in 'ui/utils/x')}
  0x0000020449728a0c: 488b d048 | b830 a5ee | a504 0200 | 0048 8380 | 2001 0000 

  0x0000020449728a20: ;   {oop(a 'java/lang/Class'{0x00000006821ffaa8} = 'ui/frmwork/str/a')}
  0x0000020449728a20: 0149 b8a8 | fa1f 8206 | 0000 0048 | 8db4 24a0 | 0100 004c | 8946 0849 | 8b00 4883 | c801 4889 
  0x0000020449728a40: 06f0 490f | b130 0f84 | 1200 0000 | 482b c448 | 2507 f0ff | ff48 8906 | 0f85 9b1f | 0000 49ff 
  0x0000020449728a60: 8750 0500 

  0x0000020449728a64: ;   {metadata(method data for {method} {0x00000204a4039480} 'l' '(Ljava/lang/StringBuilder;)V' in 'ui/frmwork/str/a')}
  0x0000020449728a64: 0048 b850 | afee a504 | 0200 0044 | 8b80 cc00 | 0000 4183 | c002 4489 | 80cc 0000 | 0041 81e0 
  0x0000020449728a84: feff 1f00 | 4183 f800 | 0f84 7a1f | 0000 4883 

  0x0000020449728a94: ;   {metadata(method data for {method} {0x00000204a4039480} 'l' '(Ljava/lang/StringBuilder;)V' in 'ui/frmwork/str/a')}
  0x0000020449728a94: fa00 48b8 | 50af eea5 | 0402 0000 | 49b8 1001 | 0000 0000 | 0000 0f85 | 0a00 0000 | 49b8 2001 
  0x0000020449728ab4: 0000 0000 | 0000 4a8b | 3400 488d | 7601 4a89 | 3400 0f85 | 3900 0000 

  0x0000020449728acc: ;   {oop(a 'java/lang/Class'{0x00000006821ffaa8} = 'ui/frmwork/str/a')}
  0x0000020449728acc: 48b8 a8fa | 1f82 0600 | 0000 488d | 8424 a001 | 0000 488b | 1048 85d2 | 0f84 0f00 | 0000 4c8b 
  0x0000020449728aec: 4008 f049 | 0fb1 100f | 8534 1f00 | 0049 ff8f | 5005 0000 | e9e3 0000 

  0x0000020449728b04: ;   {metadata(method data for {method} {0x00000204a4039480} 'l' '(Ljava/lang/StringBuilder;)V' in 'ui/frmwork/str/a')}
  0x0000020449728b04: 0049 b850 | afee a504 | 0200 0049 | 8380 3001 

  0x0000020449728b14: ;   {metadata(method data for {method} {0x00000204a4039e20} 'm' '(Ljava/lang/StringBuilder;)V' in 'ui/frmwork/str/a')}
  0x0000020449728b14: 0000 0149 | b8d0 b0ee | a504 0200 | 0041 8bb0 | cc00 0000 | 83c6 0241 | 89b0 cc00 | 0000 81e6 
  0x0000020449728b34: feff 1f00 | 83fe 000f | 8402 1f00 

  0x0000020449728b40: ;   {metadata(method data for {method} {0x00000204a4039e20} 'm' '(Ljava/lang/StringBuilder;)V' in 'ui/frmwork/str/a')}
  0x0000020449728b40: 0049 b8d0 | b0ee a504 | 0200 0049 | 8380 1001 

  0x0000020449728b50: ;   {metadata(method data for {method} {0x00000204a3490148} 'jPn' '()Z' in 'ui/utils/x')}
  0x0000020449728b50: 0000 0149 | b840 b2ee | a504 0200 | 0041 8bb0 | cc00 0000 | 83c6 0241 | 89b0 cc00 | 0000 81e6 
  0x0000020449728b70: feff 1f00 | 83fe 000f | 84e7 1e00 

  0x0000020449728b7c: ;   {oop(a 'java/lang/Class'{0x00000006806f2438} = 'ui/utils/x')}
  0x0000020449728b7c: 0049 b838 | 246f 8006 | 0000 0045 | 0fbe 80f9 

  0x0000020449728b8c: ;   {metadata(method data for {method} {0x00000204a4039e20} 'm' '(Ljava/lang/StringBuilder;)V' in 'ui/frmwork/str/a')}
  0x0000020449728b8c: 0000 0048 | bed0 b0ee | a504 0200 | 0048 8386 | 2001 0000 | 0141 83e0 

  0x0000020449728ba4: ;   {static_call}
  0x0000020449728ba4: 0166 90e8 

  0x0000020449728ba8: ; ImmutableOopMap {[208]=Oop [216]=Oop [304]=Oop [424]=Oop }
                      ;*invokestatic b {reexecute=0 rethrow=0 return_oop=0}
                      ; - ui.frmwork.str.a::m@4 (line 545)
                      ; - ui.frmwork.str.a::l@6 (line 393)
                      ; - ui.utils.x::log@4 (line 2111)
                      ; - ui.frmwork.I::i@218 (line 197)
  0x0000020449728ba8: 949a d100 

  0x0000020449728bac: ;   {other}
  0x0000020449728bac: 0f1f 8400 | 1c36 0022 

  0x0000020449728bb4: ;   {oop(a 'java/lang/Class'{0x00000006821ffaa8} = 'ui/frmwork/str/a')}
  0x0000020449728bb4: 48b8 a8fa | 1f82 0600 | 0000 488d | 8424 a001 | 0000 4c8b | 004d 85c0 | 0f84 0f00 | 0000 488b 
  0x0000020449728bd4: 5008 f04c | 0fb1 020f | 85a4 1e00 | 0049 ff8f | 5005 0000 | 448b 8c24 | e000 0000 | 4183 f900 
  0x0000020449728bf4: ;   {metadata(method data for {method} {0x00000204a3632ad0} 'i' '(JZ)V' in 'ui/frmwork/I')}
  0x0000020449728bf4: 49b8 60a6 | a2ca 0402 | 0000 48ba | b806 0000 | 0000 0000 | 0f84 0a00 | 0000 48ba | c806 0000 
  0x0000020449728c14: 0000 0000 | 498b 3410 | 488d 7601 | 4989 3410 | 488b 9424 | d000 0000 | 0f84 4100 | 0000 8b72 
  0x0000020449728c34: 1c48 c1e6 | 0348 83fe 

  0x0000020449728c3c: ;   {metadata(method data for {method} {0x00000204a3632ad0} 'i' '(JZ)V' in 'ui/frmwork/I')}
  0x0000020449728c3c: 0049 b860 | a6a2 ca04 | 0200 0048 | bfe8 0600 | 0000 0000 | 000f 850a | 0000 0048 | bfd8 0600 
  0x0000020449728c5c: 0000 0000 | 0049 8b1c | 3848 8d5b | 0149 891c | 380f 8566 | 1200 0041 

  0x0000020449728c74: ;   {metadata(method data for {method} {0x00000204a3632ad0} 'i' '(JZ)V' in 'ui/frmwork/I')}
  0x0000020449728c74: 83f9 0049 | b860 a6a2 | ca04 0200 | 0048 beb0 | 0700 0000 | 0000 000f | 840a 0000 | 0048 bec0 
  0x0000020449728c94: 0700 0000 | 0000 0049 | 8b3c 3048 | 8d7f 0149 | 893c 300f | 841d 0000 | 0044 8b42 | 2449 c1e0 
  0x0000020449728cb4: ;   {metadata(method data for {method} {0x00000204a3632ad0} 'i' '(JZ)V' in 'ui/frmwork/I')}
  0x0000020449728cb4: 0348 be60 | a6a2 ca04 | 0200 00ff | 86d0 0700 | 00e9 0800 | 0000 448b | 4228 49c1 | e003 498b 
  0x0000020449728cd4: f041 83f9 

  0x0000020449728cd8: ;   {metadata(method data for {method} {0x00000204a3632ad0} 'i' '(JZ)V' in 'ui/frmwork/I')}
  0x0000020449728cd8: 0049 b860 | a6a2 ca04 | 0200 0048 | bfe8 0700 | 0000 0000 | 000f 840a | 0000 0048 | bff8 0700 
  0x0000020449728cf8: 0000 0000 | 0049 8b1c | 3848 8d5b | 0149 891c | 380f 841d | 0000 0044 | 8b42 1449 

  0x0000020449728d14: ;   {metadata(method data for {method} {0x00000204a3632ad0} 'i' '(JZ)V' in 'ui/frmwork/I')}
  0x0000020449728d14: c1e0 0348 | ba60 a6a2 | ca04 0200 | 00ff 8208 | 0800 00e9 | 0800 0000 | 448b 4218 | 49c1 e003 
  0x0000020449728d34: 4c89 8424 | 7001 0000 

  0x0000020449728d3c: ; implicit exception: dispatches to 0x000002044972aa9b
  0x0000020449728d3c: 483b 0648 

  0x0000020449728d40: ;   {metadata(method data for {method} {0x00000204a3632ad0} 'i' '(JZ)V' in 'ui/frmwork/I')}
  0x0000020449728d40: 8bd6 48bf | 60a6 a2ca | 0402 0000 | 8b52 0849 | ba00 0000 | 6204 0200 | 0049 03d2 | 483b 9730 
  0x0000020449728d60: 0800 0075 | 0d48 8387 | 3808 0000 | 01e9 6000 | 0000 483b | 9740 0800 | 0075 0d48 | 8387 4808 
  0x0000020449728d80: 0000 01e9 | 4a00 0000 | 4883 bf30 | 0800 0000 | 7517 4889 | 9730 0800 | 0048 c787 | 3808 0000 
  0x0000020449728da0: 0100 0000 | e929 0000 | 0048 83bf | 4008 0000 | 0075 1748 | 8997 4008 | 0000 48c7 | 8748 0800 
  0x0000020449728dc0: 0001 0000 | 00e9 0800 | 0000 4883 | 8720 0800 | 0001 4c8b | 8424 3001 | 0000 488b | d648 b8b0 
  0x0000020449728de0: cb08 6204 

  0x0000020449728de4: ;   {virtual_call}
  0x0000020449728de4: 0200 00e8 

  0x0000020449728de8: ; ImmutableOopMap {[216]=Oop [368]=Oop }
                      ;*invokevirtual get {reexecute=0 rethrow=0 return_oop=0}
                      ; - ui.frmwork.I::i@304 (line 211)
  0x0000020449728de8: d4d0 7f08 

  0x0000020449728dec: ;   {other}
  0x0000020449728dec: 0f1f 8400 | 5c38 0023 | 4883 f800 

  0x0000020449728df8: ;   {metadata(method data for {method} {0x00000204a3632ad0} 'i' '(JZ)V' in 'ui/frmwork/I')}
  0x0000020449728df8: 7516 48bf | 60a6 a2ca | 0402 0000 | 808f 5108 | 0000 01e9 | cd00 0000 

  0x0000020449728e10: ;   {metadata('java/util/HashMap')}
  0x0000020449728e10: 48bb b0cb | 0862 0402 | 0000 8b78 | 0849 ba00 | 0000 6204 | 0200 0049 | 03fa 483b | 5f40 0f85 
  0x0000020449728e30: 8d00 0000 

  0x0000020449728e34: ;   {metadata(method data for {method} {0x00000204a3632ad0} 'i' '(JZ)V' in 'ui/frmwork/I')}
  0x0000020449728e34: 48bf 60a6 | a2ca 0402 | 0000 8b58 | 0849 ba00 | 0000 6204 | 0200 0049 | 03da 483b | 9f68 0800 
  0x0000020449728e54: 0075 0d48 | 8387 7008 | 0000 01e9 | 7900 0000 | 483b 9f78 | 0800 0075 | 0d48 8387 | 8008 0000 
  0x0000020449728e74: 01e9 6300 | 0000 4883 | bf68 0800 | 0000 7517 | 4889 9f68 | 0800 0048 | c787 7008 | 0000 0100 
  0x0000020449728e94: 0000 e942 | 0000 0048 | 83bf 7808 | 0000 0075 | 1748 899f | 7808 0000 | 48c7 8780 | 0800 0001 
  0x0000020449728eb4: 0000 00e9 | 2100 0000 | e91c 0000 

  0x0000020449728ec0: ;   {metadata(method data for {method} {0x00000204a3632ad0} 'i' '(JZ)V' in 'ui/frmwork/I')}
  0x0000020449728ec0: 0048 bf60 | a6a2 ca04 | 0200 0048 | 83af 5808 | 0000 01e9 | c81b 0000 | e900 0000 | 0048 8bf0 
  0x0000020449728ee0: 4889 b424 | 7801 0000 | 4883 fe00 

  0x0000020449728eec: ;   {metadata(method data for {method} {0x00000204a3632ad0} 'i' '(JZ)V' in 'ui/frmwork/I')}
  0x0000020449728eec: 48ba 60a6 | a2ca 0402 | 0000 48bf | 9008 0000 | 0000 0000 | 0f84 0a00 | 0000 48bf | a008 0000 
  0x0000020449728f0c: 0000 0000 | 488b 1c3a | 488d 5b01 | 4889 1c3a | 0f84 530f 

  0x0000020449728f20: ;   {metadata(method data for {method} {0x00000204a3632ad0} 'i' '(JZ)V' in 'ui/frmwork/I')}
  0x0000020449728f20: 0000 48ba | 60a6 a2ca | 0402 0000 | 4883 82b0 | 0800 0001 | 488b 9424 | e800 0000 

  0x0000020449728f3c: ;   {static_call}
  0x0000020449728f3c: 6666 90e8 

  0x0000020449728f40: ; ImmutableOopMap {[216]=Oop [368]=Oop [376]=Oop }
                      ;*invokestatic GuiEventBase_getKey {reexecute=0 rethrow=0 return_oop=0}
                      ; - ui.frmwork.I::i@318 (line 213)
  0x0000020449728f40: 1c04 9607 

  0x0000020449728f44: ;   {other}
  0x0000020449728f44: 0f1f 8400 | b439 0024 

  0x0000020449728f4c: ;   {metadata(method data for {method} {0x00000204a3632ad0} 'i' '(JZ)V' in 'ui/frmwork/I')}
  0x0000020449728f4c: 48ba 60a6 | a2ca 0402 | 0000 4883 | 82c0 0800 | 0001 488b | d048 8984 | 2480 0100 | 0066 0f1f 
  0x0000020449728f6c: ;   {static_call}
  0x0000020449728f6c: 4400 00e8 

  0x0000020449728f70: ; ImmutableOopMap {[216]=Oop [368]=Oop [376]=Oop }
                      ;*invokestatic valueOf {reexecute=0 rethrow=0 return_oop=0}
                      ; - ui.frmwork.I::i@327 (line 214)
  0x0000020449728f70: ac71 7708 

  0x0000020449728f74: ;   {other}
  0x0000020449728f74: 0f1f 8400 | e439 0025 | 488b b424 | 7801 0000 

  0x0000020449728f84: ; implicit exception: dispatches to 0x000002044972aaa9
  0x0000020449728f84: 483b 064c 

  0x0000020449728f88: ;   {metadata(method data for {method} {0x00000204a3632ad0} 'i' '(JZ)V' in 'ui/frmwork/I')}
  0x0000020449728f88: 8bc6 48ba | 60a6 a2ca | 0402 0000 | 458b 4008 | 49ba 0000 | 0062 0402 | 0000 4d03 | c24c 3b82 
  0x0000020449728fa8: e008 0000 | 750d 4883 | 82e8 0800 | 0001 e960 | 0000 004c | 3b82 f008 | 0000 750d | 4883 82f8 
  0x0000020449728fc8: 0800 0001 | e94a 0000 | 0048 83ba | e008 0000 | 0075 174c | 8982 e008 | 0000 48c7 | 82e8 0800 
  0x0000020449728fe8: 0001 0000 | 00e9 2900 | 0000 4883 | baf0 0800 | 0000 7517 | 4c89 82f0 | 0800 0048 | c782 f808 
  0x0000020449729008: 0000 0100 | 0000 e908 | 0000 0048 | 8382 d008 | 0000 014c | 8bc0 488b | d60f 1f40 | 0048 b8b0 
  0x0000020449729028: cb08 6204 

  0x000002044972902c: ;   {virtual_call}
  0x000002044972902c: 0200 00e8 

  0x0000020449729030: ; ImmutableOopMap {[216]=Oop [368]=Oop [376]=Oop }
                      ;*invokevirtual get {reexecute=0 rethrow=0 return_oop=0}
                      ; - ui.frmwork.I::i@330 (line 214)
  0x0000020449729030: 8cce 7f08 

  0x0000020449729034: ;   {other}
  0x0000020449729034: 0f1f 8400 | a43a 0026 | 4883 f800 

  0x0000020449729040: ;   {metadata(method data for {method} {0x00000204a3632ad0} 'i' '(JZ)V' in 'ui/frmwork/I')}
  0x0000020449729040: 7516 48be | 60a6 a2ca | 0402 0000 | 808e 0109 | 0000 01e9 | cd00 0000 

  0x0000020449729058: ;   {metadata('ui/frmwork/a/x')}
  0x0000020449729058: 48bf e060 | 0c63 0402 | 0000 448b | 4008 49ba | 0000 0062 | 0402 0000 | 4d03 c249 | 3bf8 0f85 
  0x0000020449729078: 8d00 0000 

  0x000002044972907c: ;   {metadata(method data for {method} {0x00000204a3632ad0} 'i' '(JZ)V' in 'ui/frmwork/I')}
  0x000002044972907c: 48be 60a6 | a2ca 0402 | 0000 8b78 | 0849 ba00 | 0000 6204 | 0200 0049 | 03fa 483b | be18 0900 
  0x000002044972909c: 0075 0d48 | 8386 2009 | 0000 01e9 | 7900 0000 | 483b be28 | 0900 0075 | 0d48 8386 | 3009 0000 
  0x00000204497290bc: 01e9 6300 | 0000 4883 | be18 0900 | 0000 7517 | 4889 be18 | 0900 0048 | c786 2009 | 0000 0100 
  0x00000204497290dc: 0000 e942 | 0000 0048 | 83be 2809 | 0000 0075 | 1748 89be | 2809 0000 | 48c7 8630 | 0900 0001 
  0x00000204497290fc: 0000 00e9 | 2100 0000 | e91c 0000 

  0x0000020449729108: ;   {metadata(method data for {method} {0x00000204a3632ad0} 'i' '(JZ)V' in 'ui/frmwork/I')}
  0x0000020449729108: 0048 be60 | a6a2 ca04 | 0200 0048 | 83ae 0809 | 0000 01e9 | 8e19 0000 | e900 0000 | 0048 8bd0 
  0x0000020449729128: 4883 fa00 

  0x000002044972912c: ;   {metadata(method data for {method} {0x00000204a3632ad0} 'i' '(JZ)V' in 'ui/frmwork/I')}
  0x000002044972912c: 49b8 60a6 | a2ca 0402 | 0000 48be | 4009 0000 | 0000 0000 | 0f84 0a00 | 0000 48be | 5009 0000 
  0x000002044972914c: 0000 0000 | 498b 3c30 | 488d 7f01 | 4989 3c30 | 0f84 4200 | 0000 483b | 024c 8bc2 

  0x0000020449729168: ;   {metadata(method data for {method} {0x00000204a3632ad0} 'i' '(JZ)V' in 'ui/frmwork/I')}
  0x0000020449729168: 48be 60a6 | a2ca 0402 

  0x0000020449729170: ;   {metadata('ui/frmwork/a/x')}
  0x0000020449729170: 0000 49ba | e060 0c63 | 0402 0000 | 4c89 9670 | 0900 0048 | 8386 7809 | 0000 014c | 8b84 24d8 
  0x0000020449729190: 0000 000f 

  0x0000020449729194: ;   {optimized virtual_call}
  0x0000020449729194: 1f40 00e8 

  0x0000020449729198: ; ImmutableOopMap {[216]=Oop [368]=Oop [376]=Oop }
                      ;*invokevirtual d {reexecute=0 rethrow=0 return_oop=0}
                      ; - ui.frmwork.I::i@347 (line 216)
  0x0000020449729198: e465 bf00 

  0x000002044972919c: ;   {other}
  0x000002044972919c: 0f1f 8400 | 0c3c 0027 | 488b 8424 | 8001 0000 | 48ba 0000 | 0000 0000 | 0000 483b 

  0x00000204497291b8: ;   {metadata(method data for {method} {0x00000204a3632ad0} 'i' '(JZ)V' in 'ui/frmwork/I')}
  0x00000204497291b8: c248 ba60 | a6a2 ca04 | 0200 0048 | be98 0900 | 0000 0000 | 000f 840a | 0000 0048 | bea8 0900 
  0x00000204497291d8: 0000 0000 | 0048 8b3c | 3248 8d7f | 0148 893c | 320f 848b 

  0x00000204497291ec: ;   {metadata(method data for {method} {0x00000204a3632ad0} 'i' '(JZ)V' in 'ui/frmwork/I')}
  0x00000204497291ec: 0b00 0048 | ba60 a6a2 | ca04 0200 | 0048 8382 | b809 0000 | 0148 ba00 | 0000 0000 | 0000 000f 
  0x000002044972920c: ;   {static_call}
  0x000002044972920c: 1f40 00e8 

  0x0000020449729210: ; ImmutableOopMap {[216]=Oop [368]=Oop [376]=Oop }
                      ;*invokestatic valueOf {reexecute=0 rethrow=0 return_oop=0}
                      ; - ui.frmwork.I::i@360 (line 221)
  0x0000020449729210: 0c6f 7708 

  0x0000020449729214: ;   {other}
  0x0000020449729214: 0f1f 8400 | 843c 0028 | 488b b424 | 7801 0000 

  0x0000020449729224: ;   {metadata(method data for {method} {0x00000204a3632ad0} 'i' '(JZ)V' in 'ui/frmwork/I')}
  0x0000020449729224: 49b8 60a6 | a2ca 0402 | 0000 8b76 | 0849 ba00 | 0000 6204 | 0200 0049 | 03f2 493b | b0d8 0900 
  0x0000020449729244: 0075 0d49 | 8380 e009 | 0000 01e9 | 6000 0000 | 493b b0e8 | 0900 0075 | 0d49 8380 | f009 0000 
  0x0000020449729264: 01e9 4a00 | 0000 4983 | b8d8 0900 | 0000 7517 | 4989 b0d8 | 0900 0049 | c780 e009 | 0000 0100 
  0x0000020449729284: 0000 e929 | 0000 0049 | 83b8 e809 | 0000 0075 | 1749 89b0 | e809 0000 | 49c7 80f0 | 0900 0001 
  0x00000204497292a4: 0000 00e9 | 0800 0000 | 4983 80c8 | 0900 0001 | 4c8b c048 | 8b94 2478 | 0100 0066 | 0f1f 4400 
  0x00000204497292c4: 0048 b8b0 | cb08 6204 

  0x00000204497292cc: ;   {virtual_call}
  0x00000204497292cc: 0200 00e8 

  0x00000204497292d0: ; ImmutableOopMap {[216]=Oop [368]=Oop }
                      ;*invokevirtual get {reexecute=0 rethrow=0 return_oop=0}
                      ; - ui.frmwork.I::i@363 (line 221)
  0x00000204497292d0: eccb 7f08 

  0x00000204497292d4: ;   {other}
  0x00000204497292d4: 0f1f 8400 | 443d 0029 | 4883 f800 

  0x00000204497292e0: ;   {metadata(method data for {method} {0x00000204a3632ad0} 'i' '(JZ)V' in 'ui/frmwork/I')}
  0x00000204497292e0: 7516 48be | 60a6 a2ca | 0402 0000 | 808e f909 | 0000 01e9 | cd00 0000 

  0x00000204497292f8: ;   {metadata('ui/frmwork/a/x')}
  0x00000204497292f8: 48bf e060 | 0c63 0402 | 0000 448b | 4008 49ba | 0000 0062 | 0402 0000 | 4d03 c249 | 3bf8 0f85 
  0x0000020449729318: 8d00 0000 

  0x000002044972931c: ;   {metadata(method data for {method} {0x00000204a3632ad0} 'i' '(JZ)V' in 'ui/frmwork/I')}
  0x000002044972931c: 48be 60a6 | a2ca 0402 | 0000 8b78 | 0849 ba00 | 0000 6204 | 0200 0049 | 03fa 483b | be10 0a00 
  0x000002044972933c: 0075 0d48 | 8386 180a | 0000 01e9 | 7900 0000 | 483b be20 | 0a00 0075 | 0d48 8386 | 280a 0000 
  0x000002044972935c: 01e9 6300 | 0000 4883 | be10 0a00 | 0000 7517 | 4889 be10 | 0a00 0048 | c786 180a | 0000 0100 
  0x000002044972937c: 0000 e942 | 0000 0048 | 83be 200a | 0000 0075 | 1748 89be | 200a 0000 | 48c7 8628 | 0a00 0001 
  0x000002044972939c: 0000 00e9 | 2100 0000 | e91c 0000 

  0x00000204497293a8: ;   {metadata(method data for {method} {0x00000204a3632ad0} 'i' '(JZ)V' in 'ui/frmwork/I')}
  0x00000204497293a8: 0048 be60 | a6a2 ca04 | 0200 0048 | 83ae 000a | 0000 01e9 | fc16 0000 | e900 0000 | 0048 8bd0 
  0x00000204497293c8: 4883 fa00 

  0x00000204497293cc: ;   {metadata(method data for {method} {0x00000204a3632ad0} 'i' '(JZ)V' in 'ui/frmwork/I')}
  0x00000204497293cc: 49b8 60a6 | a2ca 0402 | 0000 48be | 380a 0000 | 0000 0000 | 0f84 0a00 | 0000 48be | 480a 0000 
  0x00000204497293ec: 0000 0000 | 498b 3c30 | 488d 7f01 | 4989 3c30 | 0f84 7809 | 0000 483b | 024c 8bc2 

  0x0000020449729408: ;   {metadata(method data for {method} {0x00000204a3632ad0} 'i' '(JZ)V' in 'ui/frmwork/I')}
  0x0000020449729408: 48be 60a6 | a2ca 0402 

  0x0000020449729410: ;   {metadata('ui/frmwork/a/x')}
  0x0000020449729410: 0000 49ba | e060 0c63 | 0402 0000 | 4c89 9668 | 0a00 0048 | 8386 700a | 0000 014c | 8b84 24d8 
  0x0000020449729430: 0000 000f 

  0x0000020449729434: ;   {optimized virtual_call}
  0x0000020449729434: 1f40 00e8 

  0x0000020449729438: ; ImmutableOopMap {[368]=Oop }
                      ;*invokevirtual d {reexecute=0 rethrow=0 return_oop=0}
                      ; - ui.frmwork.I::i@380 (line 223)
  0x0000020449729438: 4463 bf00 

  0x000002044972943c: ;   {other}
  0x000002044972943c: 0f1f 8400 | ac3e 002a | e931 0900 | 000f 1f80 | 0000 0000 

  0x0000020449729450: ;   {metadata('java/util/ArrayList')}
  0x0000020449729450: 48ba 48ad | 0b62 0402 | 0000 498b | 87b8 0100 | 0048 8d78 | 1849 3bbf | c801 0000 | 0f87 5816 
  0x0000020449729470: 0000 4989 | bfb8 0100 | 0048 c700 | 0100 0000 | 488b ca49 | ba00 0000 | 6204 0200 | 0049 2bca 
  0x0000020449729490: 8948 0848 | 33c9 8948 | 0c48 33c9 | 4889 4810 

  0x00000204497294a0: ;   {metadata(method data for {method} {0x00000204a3632ad0} 'i' '(JZ)V' in 'ui/frmwork/I')}
  0x00000204497294a0: 4c8b c048 | ba60 a6a2 | ca04 0200 | 0048 8382 | e80a 0000 | 014c 8b84 | 2470 0100 | 0048 8bd0 
  0x00000204497294c0: 4889 8424 | 8801 0000 | 0f1f 8000 

  0x00000204497294cc: ;   {optimized virtual_call}
  0x00000204497294cc: 0000 00e8 

  0x00000204497294d0: ; ImmutableOopMap {[368]=Oop [392]=Oop }
                      ;*invokespecial <init> {reexecute=0 rethrow=0 return_oop=0}
                      ; - ui.frmwork.I::i@399 (line 227)
  0x00000204497294d0: 0ccb 7807 

  0x00000204497294d4: ;   {other}
  0x00000204497294d4: 0f1f 8400 | 443f 002b | 4c8b 8424 | 7001 0000 

  0x00000204497294e4: ;   {metadata(method data for {method} {0x00000204a3632ad0} 'i' '(JZ)V' in 'ui/frmwork/I')}
  0x00000204497294e4: 48ba 60a6 | a2ca 0402 | 0000 458b | 4008 49ba | 0000 0062 | 0402 0000 | 4d03 c24c | 3b82 080b 
  0x0000020449729504: 0000 750d | 4883 8210 | 0b00 0001 | e960 0000 | 004c 3b82 | 180b 0000 | 750d 4883 | 8220 0b00 
  0x0000020449729524: 0001 e94a | 0000 0048 | 83ba 080b | 0000 0075 | 174c 8982 | 080b 0000 | 48c7 8210 | 0b00 0001 
  0x0000020449729544: 0000 00e9 | 2900 0000 | 4883 ba18 | 0b00 0000 | 7517 4c89 | 8218 0b00 | 0048 c782 | 200b 0000 
  0x0000020449729564: 0100 0000 | e908 0000 | 0048 8382 | f80a 0000 | 0148 8b94 | 2470 0100 | 0048 b848 | ad0b 6204 
  0x0000020449729584: ;   {virtual_call}
  0x0000020449729584: 0200 00e8 

  0x0000020449729588: ; ImmutableOopMap {[368]=Oop [392]=Oop }
                      ;*invokeinterface clear {reexecute=0 rethrow=0 return_oop=0}
                      ; - ui.frmwork.I::i@406 (line 228)
  0x0000020449729588: 1494 5807 

  0x000002044972958c: ;   {other}
  0x000002044972958c: 0f1f 8400 | fc3f 002c | 488b 8424 | 8801 0000 

  0x000002044972959c: ;   {metadata(method data for {method} {0x00000204a3632ad0} 'i' '(JZ)V' in 'ui/frmwork/I')}
  0x000002044972959c: 48ba 60a6 | a2ca 0402 | 0000 8b40 | 0849 ba00 | 0000 6204 | 0200 0049 | 03c2 483b | 8240 0b00 
  0x00000204497295bc: 0075 0d48 | 8382 480b | 0000 01e9 | 6000 0000 | 483b 8250 | 0b00 0075 | 0d48 8382 | 580b 0000 
  0x00000204497295dc: 01e9 4a00 | 0000 4883 | ba40 0b00 | 0000 7517 | 4889 8240 | 0b00 0048 | c782 480b | 0000 0100 
  0x00000204497295fc: 0000 e929 | 0000 0048 | 83ba 500b | 0000 0075 | 1748 8982 | 500b 0000 | 48c7 8258 | 0b00 0001 
  0x000002044972961c: 0000 00e9 | 0800 0000 | 4883 8230 | 0b00 0001 

  0x000002044972962c: ;   {metadata(method data for {method} {0x00000204620bc680} 'iterator' '()Ljava/util/Iterator;' in 'java/util/ArrayList')}
  0x000002044972962c: 48ba 0865 | 5ea3 0402 | 0000 8bb2 | cc00 0000 | 83c6 0289 | b2cc 0000 | 0081 e6fe | ff1f 0083 
  0x000002044972964c: fe00 0f84 | 8314 0000 

  0x0000020449729654: ;   {metadata('java/util/ArrayList$Itr')}
  0x0000020449729654: 48ba b889 | 1862 0402 | 0000 498b | 87b8 0100 | 0048 8d78 | 2049 3bbf | c801 0000 | 0f87 8214 
  0x0000020449729674: 0000 4989 | bfb8 0100 | 0048 c700 | 0100 0000 | 488b ca49 | ba00 0000 | 6204 0200 | 0049 2bca 
  0x0000020449729694: 8948 0848 | 33c9 8948 | 0c48 33c9 | 4889 4810 | 4889 4818 | 4889 8424 | 9001 0000 

  0x00000204497296b0: ;   {metadata(method data for {method} {0x00000204620bc680} 'iterator' '()Ljava/util/Iterator;' in 'java/util/ArrayList')}
  0x00000204497296b0: 488b d048 | be08 655e | a304 0200 | 0048 8386 | 1001 0000 

  0x00000204497296c4: ;   {metadata(method data for {method} {0x0000020462189080} '<init>' '(Ljava/util/ArrayList;)V' in 'java/util/ArrayList$Itr')}
  0x00000204497296c4: 0148 ba50 | 665e a304 | 0200 008b | b2cc 0000 | 0083 c602 | 89b2 cc00 | 0000 81e6 | feff 1f00 
  0x00000204497296e4: 83fe 000f | 8418 1400 | 0041 0fbe | 5740 83fa | 000f 852b | 1400 0048 | 8b94 2488 | 0100 004c 
  0x0000020449729704: 8bd2 49c1 | ea03 4489 | 5018 488b | f048 33f2 | 48c1 ee16 | 4883 fe00 | 0f85 2314 | 0000 488b 
  0x0000020449729724: ;   {metadata(method data for {method} {0x0000020462189080} '<init>' '(Ljava/util/ArrayList;)V' in 'java/util/ArrayList$Itr')}
  0x0000020449729724: f048 bf50 | 665e a304 | 0200 0048 | 8387 1001 

  0x0000020449729734: ;   {metadata(method data for {method} {0x0000020462479fd0} '<init>' '()V' in 'java/lang/Object')}
  0x0000020449729734: 0000 0148 | be50 7500 | a304 0200 | 008b becc | 0000 0083 | c702 89be | cc00 0000 | 81e7 feff 
  0x0000020449729754: 1f00 83ff | 000f 84fe | 1300 00c7 | 4010 ffff | ffff 8b52 | 0c89 5014 | e9d8 0400 | 000f 1f80 
  0x0000020449729774: 0000 0000 | 488b 8424 | 9001 0000 

  0x0000020449729780: ;   {metadata(method data for {method} {0x00000204a3632ad0} 'i' '(JZ)V' in 'ui/frmwork/I')}
  0x0000020449729780: 48ba 60a6 | a2ca 0402 | 0000 8b40 | 0849 ba00 | 0000 6204 | 0200 0049 | 03c2 483b | 82d0 0b00 
  0x00000204497297a0: 0075 0d48 | 8382 d80b | 0000 01e9 | 6000 0000 | 483b 82e0 | 0b00 0075 | 0d48 8382 | e80b 0000 
  0x00000204497297c0: 01e9 4a00 | 0000 4883 | bad0 0b00 | 0000 7517 | 4889 82d0 | 0b00 0048 | c782 d80b | 0000 0100 
  0x00000204497297e0: 0000 e929 | 0000 0048 | 83ba e00b | 0000 0075 | 1748 8982 | e00b 0000 | 48c7 82e8 | 0b00 0001 
  0x0000020449729800: 0000 00e9 | 0800 0000 | 4883 82c0 | 0b00 0001 | 488b 9424 | 9001 0000 | 0f1f 4400 | 0048 b8b8 
  0x0000020449729820: 8918 6204 

  0x0000020449729824: ;   {virtual_call}
  0x0000020449729824: 0200 00e8 

  0x0000020449729828: ; ImmutableOopMap {[368]=Oop [400]=Oop }
                      ;*invokeinterface next {reexecute=0 rethrow=0 return_oop=0}
                      ; - ui.frmwork.I::i@432 (line 230)
  0x0000020449729828: f446 3607 

  0x000002044972982c: ;   {other}
  0x000002044972982c: 0f1f 8400 | 9c42 002d | 4883 f800 

  0x0000020449729838: ;   {metadata(method data for {method} {0x00000204a3632ad0} 'i' '(JZ)V' in 'ui/frmwork/I')}
  0x0000020449729838: 7516 48be | 60a6 a2ca | 0402 0000 | 808e f10b | 0000 01e9 | cd00 0000 

  0x0000020449729850: ;   {metadata('ui/utils/c/a/a')}
  0x0000020449729850: 48bf 5884 | 1863 0402 | 0000 8b70 | 0849 ba00 | 0000 6204 | 0200 0049 | 03f2 483b | 7e38 0f85 
  0x0000020449729870: 8d00 0000 

  0x0000020449729874: ;   {metadata(method data for {method} {0x00000204a3632ad0} 'i' '(JZ)V' in 'ui/frmwork/I')}
  0x0000020449729874: 48be 60a6 | a2ca 0402 | 0000 8b78 | 0849 ba00 | 0000 6204 | 0200 0049 | 03fa 483b | be08 0c00 
  0x0000020449729894: 0075 0d48 | 8386 100c | 0000 01e9 | 7900 0000 | 483b be18 | 0c00 0075 | 0d48 8386 | 200c 0000 
  0x00000204497298b4: 01e9 6300 | 0000 4883 | be08 0c00 | 0000 7517 | 4889 be08 | 0c00 0048 | c786 100c | 0000 0100 
  0x00000204497298d4: 0000 e942 | 0000 0048 | 83be 180c | 0000 0075 | 1748 89be | 180c 0000 | 48c7 8620 | 0c00 0001 
  0x00000204497298f4: 0000 00e9 | 2100 0000 | e91c 0000 

  0x0000020449729900: ;   {metadata(method data for {method} {0x00000204a3632ad0} 'i' '(JZ)V' in 'ui/frmwork/I')}
  0x0000020449729900: 0048 be60 | a6a2 ca04 | 0200 0048 | 83ae f80b | 0000 01e9 | 6612 0000 | e900 0000 | 004c 8bc0 
  0x0000020449729920: ; implicit exception: dispatches to 0x000002044972ab87
  0x0000020449729920: 493b 0049 

  0x0000020449729924: ;   {metadata(method data for {method} {0x00000204a3632ad0} 'i' '(JZ)V' in 'ui/frmwork/I')}
  0x0000020449729924: 8bd0 48be | 60a6 a2ca | 0402 0000 | 4883 8630 | 0c00 0001 | 418b 500c | 48c1 e203 | 4883 fa00 
  0x0000020449729944: ;   {metadata(method data for {method} {0x00000204a3632ad0} 'i' '(JZ)V' in 'ui/frmwork/I')}
  0x0000020449729944: 7516 48bf | 60a6 a2ca | 0402 0000 | 808f 610c | 0000 01e9 | e800 0000 

  0x000002044972995c: ;   {metadata('ui/frmwork/a/w')}
  0x000002044972995c: 48bb f809 | 0063 0402 | 0000 8b7a | 0849 ba00 | 0000 6204 | 0200 0049 | 03fa 483b | 5f20 0f84 
  0x000002044972997c: 1b00 0000 | 483b fb0f | 8412 0000 

  0x0000020449729988: ;   {runtime_call slow_subtype_check Runtime1 stub}
  0x0000020449729988: 0057 53e8 | f0da c406 | 5f5f 83ff | 000f 848d 

  0x0000020449729998: ;   {metadata(method data for {method} {0x00000204a3632ad0} 'i' '(JZ)V' in 'ui/frmwork/I')}
  0x0000020449729998: 0000 0048 | bf60 a6a2 | ca04 0200 | 008b 5a08 | 49ba 0000 | 0062 0402 | 0000 4903 | da48 3b9f 
  0x00000204497299b8: 780c 0000 | 750d 4883 | 8780 0c00 | 0001 e979 | 0000 0048 | 3b9f 880c | 0000 750d | 4883 8790 
  0x00000204497299d8: 0c00 0001 | e963 0000 | 0048 83bf | 780c 0000 | 0075 1748 | 899f 780c | 0000 48c7 | 8780 0c00 
  0x00000204497299f8: 0001 0000 | 00e9 4200 | 0000 4883 | bf88 0c00 | 0000 7517 | 4889 9f88 | 0c00 0048 | c787 900c 
  0x0000020449729a18: 0000 0100 | 0000 e921 | 0000 00e9 | 1c00 0000 

  0x0000020449729a28: ;   {metadata(method data for {method} {0x00000204a3632ad0} 'i' '(JZ)V' in 'ui/frmwork/I')}
  0x0000020449729a28: 48bf 60a6 | a2ca 0402 | 0000 4883 | af68 0c00 | 0001 e94d | 1100 00e9 | 0000 0000 

  0x0000020449729a44: ;   {metadata(method data for {method} {0x00000204a3632ad0} 'i' '(JZ)V' in 'ui/frmwork/I')}
  0x0000020449729a44: 498b f048 | bf60 a6a2 | ca04 0200 | 0048 8387 | a00c 0000 | 0145 8b40 | 1049 c1e0 | 0349 83f8 
  0x0000020449729a64: ;   {metadata(method data for {method} {0x00000204a3632ad0} 'i' '(JZ)V' in 'ui/frmwork/I')}
  0x0000020449729a64: 0075 1648 | bf60 a6a2 | ca04 0200 | 0080 8fd1 | 0c00 0001 | e9ce 0000 

  0x0000020449729a7c: ;   {metadata('ui/frmwork/a/v')}
  0x0000020449729a7c: 0048 bbb0 | d20c 6304 | 0200 0041 | 8b70 0849 | ba00 0000 | 6204 0200 | 0049 03f2 | 483b de0f 
  0x0000020449729a9c: 858e 0000 

  0x0000020449729aa0: ;   {metadata(method data for {method} {0x00000204a3632ad0} 'i' '(JZ)V' in 'ui/frmwork/I')}
  0x0000020449729aa0: 0048 bf60 | a6a2 ca04 | 0200 0041 | 8b58 0849 | ba00 0000 | 6204 0200 | 0049 03da | 483b 9fe8 
  0x0000020449729ac0: 0c00 0075 | 0d48 8387 | f00c 0000 | 01e9 7900 | 0000 483b | 9ff8 0c00 | 0075 0d48 | 8387 000d 
  0x0000020449729ae0: 0000 01e9 | 6300 0000 | 4883 bfe8 | 0c00 0000 | 7517 4889 | 9fe8 0c00 | 0048 c787 | f00c 0000 
  0x0000020449729b00: 0100 0000 | e942 0000 | 0048 83bf | f80c 0000 | 0075 1748 | 899f f80c | 0000 48c7 | 8700 0d00 
  0x0000020449729b20: 0001 0000 | 00e9 2100 | 0000 e91c 

  0x0000020449729b2c: ;   {metadata(method data for {method} {0x00000204a3632ad0} 'i' '(JZ)V' in 'ui/frmwork/I')}
  0x0000020449729b2c: 0000 0048 | bf60 a6a2 | ca04 0200 | 0048 83af | d80c 0000 | 01e9 4f10 | 0000 e900 | 0000 0048 
  0x0000020449729b4c: 3b02 488b 

  0x0000020449729b50: ;   {metadata(method data for {method} {0x00000204a3632ad0} 'i' '(JZ)V' in 'ui/frmwork/I')}
  0x0000020449729b50: f248 bf60 | a6a2 ca04 | 0200 008b | 7608 49ba | 0000 0062 | 0402 0000 | 4903 f248 | 3bb7 200d 
  0x0000020449729b70: 0000 750d | 4883 8728 | 0d00 0001 | e960 0000 | 0048 3bb7 | 300d 0000 | 750d 4883 | 8738 0d00 
  0x0000020449729b90: 0001 e94a | 0000 0048 | 83bf 200d | 0000 0075 | 1748 89b7 | 200d 0000 | 48c7 8728 | 0d00 0001 
  0x0000020449729bb0: 0000 00e9 | 2900 0000 | 4883 bf30 | 0d00 0000 | 7517 4889 | b730 0d00 | 0048 c787 | 380d 0000 
  0x0000020449729bd0: 0100 0000 | e908 0000 | 0048 8387 | 100d 0000 | 010f 1f40 | 0048 b800 | fb5f d904 

  0x0000020449729bec: ;   {virtual_call}
  0x0000020449729bec: 0200 00e8 

  0x0000020449729bf0: ; ImmutableOopMap {[368]=Oop [400]=Oop }
                      ;*invokeinterface handleTclEvent {reexecute=0 rethrow=0 return_oop=0}
                      ; - ui.frmwork.I::i@458 (line 231)
  0x0000020449729bf0: 3c00 ce06 

  0x0000020449729bf4: ;   {other}
  0x0000020449729bf4: 0f1f 8400 | 6446 002e 

  0x0000020449729bfc: ;   {metadata(method data for {method} {0x00000204a3632ad0} 'i' '(JZ)V' in 'ui/frmwork/I')}
  0x0000020449729bfc: 49b8 60a6 | a2ca 0402 | 0000 418b | 90d0 0000 | 0083 c202 | 4189 90d0 | 0000 0081 | e2fe 3f00 
  0x0000020449729c1c: 0083 fa00 | 0f84 7d0f | 0000 4d8b | 9758 0400 

  0x0000020449729c2c: ; ImmutableOopMap {[368]=Oop [400]=Oop }
                      ;*goto {reexecute=1 rethrow=0 return_oop=0}
                      ; - (reexecute) ui.frmwork.I::i@463 (line 232)
                      ;   {poll}
  0x0000020449729c2c: 0041 8502 

  0x0000020449729c30: ;   {metadata(method data for {method} {0x00000204a3632ad0} 'i' '(JZ)V' in 'ui/frmwork/I')}
  0x0000020449729c30: 49b8 60a6 | a2ca 0402 | 0000 41ff | 8048 0d00 | 0048 8b84 | 2490 0100 | 0048 8bd0 

  0x0000020449729c4c: ;   {metadata(method data for {method} {0x00000204a3632ad0} 'i' '(JZ)V' in 'ui/frmwork/I')}
  0x0000020449729c4c: 48be 60a6 | a2ca 0402 | 0000 8b52 | 0849 ba00 | 0000 6204 | 0200 0049 | 03d2 483b | 9678 0b00 
  0x0000020449729c6c: 0075 0d48 | 8386 800b | 0000 01e9 | 6000 0000 | 483b 9688 | 0b00 0075 | 0d48 8386 | 900b 0000 
  0x0000020449729c8c: 01e9 4a00 | 0000 4883 | be78 0b00 | 0000 7517 | 4889 9678 | 0b00 0048 | c786 800b | 0000 0100 
  0x0000020449729cac: 0000 e929 | 0000 0048 | 83be 880b | 0000 0075 | 1748 8996 | 880b 0000 | 48c7 8690 | 0b00 0001 
  0x0000020449729ccc: 0000 00e9 | 0800 0000 | 4883 8668 | 0b00 0001 | 488b d066 | 0f1f 4400 | 0048 b8b8 | 8918 6204 
  0x0000020449729cec: ;   {virtual_call}
  0x0000020449729cec: 0200 00e8 

  0x0000020449729cf0: ; ImmutableOopMap {[368]=Oop [400]=Oop }
                      ;*invokeinterface hasNext {reexecute=0 rethrow=0 return_oop=0}
                      ; - ui.frmwork.I::i@422 (line 230)
  0x0000020449729cf0: ac19 3607 

  0x0000020449729cf4: ;   {other}
  0x0000020449729cf4: 0f1f 8400 | 6447 0030 

  0x0000020449729cfc: ;   {metadata(method data for {method} {0x00000204a3632ad0} 'i' '(JZ)V' in 'ui/frmwork/I')}
  0x0000020449729cfc: 83f8 0048 | ba60 a6a2 | ca04 0200 | 0048 beb0 | 0b00 0000 | 0000 000f | 850a 0000 | 0048 bea0 
  0x0000020449729d1c: 0b00 0000 | 0000 0048 | 8b3c 3248 | 8d7f 0148 | 893c 320f | 8543 faff 

  0x0000020449729d34: ;   {metadata(method data for {method} {0x00000204a3632ad0} 'i' '(JZ)V' in 'ui/frmwork/I')}
  0x0000020449729d34: ff49 b860 | a6a2 ca04 | 0200 0041 | 8b90 d000 | 0000 83c2 | 0241 8990 | d000 0000 | 81e2 fe3f 
  0x0000020449729d54: 0000 83fa | 000f 8465 | 0e00 004d | 8b97 5804 

  0x0000020449729d64: ; ImmutableOopMap {[368]=Oop }
                      ;*goto {reexecute=1 rethrow=0 return_oop=0}
                      ; - (reexecute) ui.frmwork.I::i@466 (line 233)
                      ;   {poll}
  0x0000020449729d64: 0000 4185 

  0x0000020449729d68: ;   {metadata(method data for {method} {0x00000204a3632ad0} 'i' '(JZ)V' in 'ui/frmwork/I')}
  0x0000020449729d68: 0249 b860 | a6a2 ca04 | 0200 0041 | ff80 600d | 0000 4c8b | 8424 7001 | 0000 493b | 0049 8bd0 
  0x0000020449729d88: ;   {metadata(method data for {method} {0x00000204a3632ad0} 'i' '(JZ)V' in 'ui/frmwork/I')}
  0x0000020449729d88: 48be 60a6 | a2ca 0402 | 0000 8b52 | 0849 ba00 | 0000 6204 | 0200 0049 | 03d2 483b | 96a0 0a00 
  0x0000020449729da8: 0075 0d48 | 8386 a80a | 0000 01e9 | 6000 0000 | 483b 96b0 | 0a00 0075 | 0d48 8386 | b80a 0000 
  0x0000020449729dc8: 01e9 4a00 | 0000 4883 | bea0 0a00 | 0000 7517 | 4889 96a0 | 0a00 0048 | c786 a80a | 0000 0100 
  0x0000020449729de8: 0000 e929 | 0000 0048 | 83be b00a | 0000 0075 | 1748 8996 | b00a 0000 | 48c7 86b8 | 0a00 0001 
  0x0000020449729e08: 0000 00e9 | 0800 0000 | 4883 8690 | 0a00 0001 | 498b d04c | 8984 2470 | 0100 0066 | 9048 b848 
  0x0000020449729e28: ad0b 6204 

  0x0000020449729e2c: ;   {virtual_call}
  0x0000020449729e2c: 0200 00e8 

  0x0000020449729e30: ; ImmutableOopMap {[368]=Oop }
                      ;*invokeinterface size {reexecute=0 rethrow=0 return_oop=0}
                      ; - ui.frmwork.I::i@385 (line 226)
  0x0000020449729e30: 6ca9 2907 

  0x0000020449729e34: ;   {other}
  0x0000020449729e34: 0f1f 8400 | a448 0032 

  0x0000020449729e3c: ;   {metadata(method data for {method} {0x00000204a3632ad0} 'i' '(JZ)V' in 'ui/frmwork/I')}
  0x0000020449729e3c: 83f8 0048 | ba60 a6a2 | ca04 0200 | 0048 bed8 | 0a00 0000 | 0000 000f | 8f0a 0000 | 0048 bec8 
  0x0000020449729e5c: 0a00 0000 | 0000 0048 | 8b3c 3248 | 8d7f 0148 | 893c 320f | 8fdb f5ff 

  0x0000020449729e74: ;   {metadata(method data for {method} {0x00000204a3632ad0} 'i' '(JZ)V' in 'ui/frmwork/I')}
  0x0000020449729e74: ff49 b860 | a6a2 ca04 | 0200 0049 | 8380 780d 

  0x0000020449729e84: ;   {metadata(method data for {method} {0x00000204a3495640} 'Dg' '(Z)V' in 'ui/utils/x')}
  0x0000020449729e84: 0000 0149 | b840 d62f | ca04 0200 | 0041 8b90 | cc00 0000 | 83c2 0241 | 8990 cc00 | 0000 81e2 
  0x0000020449729ea4: feff 1f00 | 83fa 000f | 8439 0d00 

  0x0000020449729eb0: ;   {oop(a 'java/lang/Class'{0x00000006806f2438} = 'ui/utils/x')}
  0x0000020449729eb0: 0049 b838 | 246f 8006 | 0000 0041 | c680 fa00 | 0000 0048 | 81c4 c001 

  0x0000020449729ec8: ;   {poll_return}
  0x0000020449729ec8: 0000 5d49 | 3ba7 5004 | 0000 0f87 | 330d 0000 | c348 3b06 

  0x0000020449729edc: ;   {metadata(method data for {method} {0x00000204a3632ad0} 'i' '(JZ)V' in 'ui/frmwork/I')}
  0x0000020449729edc: 4c8b c648 | bf60 a6a2 | ca04 0200 | 0045 8b40 | 0849 ba00 | 0000 6204 | 0200 004d | 03c2 4c3b 
  0x0000020449729efc: 8708 0700 | 0075 0d48 | 8387 1007 | 0000 01e9 | 6000 0000 | 4c3b 8718 | 0700 0075 | 0d48 8387 
  0x0000020449729f1c: 2007 0000 | 01e9 4a00 | 0000 4883 | bf08 0700 | 0000 7517 | 4c89 8708 | 0700 0048 | c787 1007 
  0x0000020449729f3c: 0000 0100 | 0000 e929 | 0000 0048 | 83bf 1807 | 0000 0075 | 174c 8987 | 1807 0000 | 48c7 8720 
  0x0000020449729f5c: 0700 0001 | 0000 00e9 | 0800 0000 | 4883 87f8 | 0600 0001 | 4c8b 8424 | d800 0000 | 488b d666 
  0x0000020449729f7c: 9048 b8ff | ffff ffff 

  0x0000020449729f84: ;   {virtual_call}
  0x0000020449729f84: ffff ffe8 

  0x0000020449729f88: ; ImmutableOopMap {[208]=Oop }
                      ;*invokeinterface handleTclEvent {reexecute=0 rethrow=0 return_oop=0}
                      ; - ui.frmwork.I::i@238 (line 201)
  0x0000020449729f88: f44d b806 

  0x0000020449729f8c: ;   {other}
  0x0000020449729f8c: 0f1f 8400 | fc49 0033 | 488b 9424 | d000 0000 | 8b72 1848 | c1e6 0348 | 3b06 488b 

  0x0000020449729fa8: ;   {metadata(method data for {method} {0x00000204a3632ad0} 'i' '(JZ)V' in 'ui/frmwork/I')}
  0x0000020449729fa8: fe48 bb60 | a6a2 ca04 | 0200 008b | 7f08 49ba | 0000 0062 | 0402 0000 | 4903 fa48 | 3bbb 4007 
  0x0000020449729fc8: 0000 750d | 4883 8348 | 0700 0001 | e960 0000 | 0048 3bbb | 5007 0000 | 750d 4883 | 8358 0700 
  0x0000020449729fe8: 0001 e94a | 0000 0048 | 83bb 4007 | 0000 0075 | 1748 89bb | 4007 0000 | 48c7 8348 | 0700 0001 
  0x000002044972a008: 0000 00e9 | 2900 0000 | 4883 bb50 | 0700 0000 | 7517 4889 | bb50 0700 | 0048 c783 | 5807 0000 
  0x000002044972a028: 0100 0000 | e908 0000 | 0048 8383 | 3007 0000 | 0148 8bd6 | 9048 b8ff | ffff ffff 

  0x000002044972a044: ;   {virtual_call}
  0x000002044972a044: ffff ffe8 

  0x000002044972a048: ; ImmutableOopMap {[208]=Oop }
                      ;*invokeinterface clear {reexecute=0 rethrow=0 return_oop=0}
                      ; - ui.frmwork.I::i@247 (line 202)
  0x000002044972a048: 344d b806 

  0x000002044972a04c: ;   {other}
  0x000002044972a04c: 0f1f 8400 | bc4a 0034 | 488b 9424 | d000 0000 | 8b52 1448 | c1e2 0348 | 3b02 488b 

  0x000002044972a068: ;   {metadata(method data for {method} {0x00000204a3632ad0} 'i' '(JZ)V' in 'ui/frmwork/I')}
  0x000002044972a068: f248 bf60 | a6a2 ca04 | 0200 008b | 7608 49ba | 0000 0062 | 0402 0000 | 4903 f248 | 3bb7 7807 
  0x000002044972a088: 0000 750d | 4883 8780 | 0700 0001 | e960 0000 | 0048 3bb7 | 8807 0000 | 750d 4883 | 8790 0700 
  0x000002044972a0a8: 0001 e94a | 0000 0048 | 83bf 7807 | 0000 0075 | 1748 89b7 | 7807 0000 | 48c7 8780 | 0700 0001 
  0x000002044972a0c8: 0000 00e9 | 2900 0000 | 4883 bf88 | 0700 0000 | 7517 4889 | b788 0700 | 0048 c787 | 9007 0000 
  0x000002044972a0e8: 0100 0000 | e908 0000 | 0048 8387 | 6807 0000 | 010f 1f40 | 0048 b8ff | ffff ffff 

  0x000002044972a104: ;   {virtual_call}
  0x000002044972a104: ffff ffe8 

  0x000002044972a108: ; ImmutableOopMap {}
                      ;*invokeinterface clear {reexecute=0 rethrow=0 return_oop=0}
                      ; - ui.frmwork.I::i@256 (line 203)
  0x000002044972a108: 744c b806 

  0x000002044972a10c: ;   {other}
  0x000002044972a10c: 0f1f 8400 | 7c4b 0035 

  0x000002044972a114: ;   {metadata(method data for {method} {0x00000204a3632ad0} 'i' '(JZ)V' in 'ui/frmwork/I')}
  0x000002044972a114: 48ba 60a6 | a2ca 0402 | 0000 4883 | 82a0 0700 

  0x000002044972a124: ;   {metadata(method data for {method} {0x00000204a3495640} 'Dg' '(Z)V' in 'ui/utils/x')}
  0x000002044972a124: 0001 48ba | 40d6 2fca | 0402 0000 | 8bb2 cc00 | 0000 83c6 | 0289 b2cc | 0000 0081 | e6fe ff1f 
  0x000002044972a144: 0083 fe00 | 0f84 e20a 

  0x000002044972a14c: ;   {oop(a 'java/lang/Class'{0x00000006806f2438} = 'ui/utils/x')}
  0x000002044972a14c: 0000 48ba | 3824 6f80 | 0600 0000 | c682 fa00 | 0000 0048 | 81c4 c001 

  0x000002044972a164: ;   {poll_return}
  0x000002044972a164: 0000 5d49 | 3ba7 5004 | 0000 0f87 | dd0a 0000 | c348 8b94 | 24d0 0000 | 00c6 420c 

  0x000002044972a180: ;   {metadata(method data for {method} {0x00000204a3632ad0} 'i' '(JZ)V' in 'ui/frmwork/I')}
  0x000002044972a180: 0148 ba60 | a6a2 ca04 | 0200 0048 | 8382 0005 

  0x000002044972a190: ;   {metadata(method data for {method} {0x00000204a3495640} 'Dg' '(Z)V' in 'ui/utils/x')}
  0x000002044972a190: 0000 0148 | ba40 d62f | ca04 0200 | 008b b2cc | 0000 0083 | c602 89b2 | cc00 0000 | 81e6 feff 
  0x000002044972a1b0: 1f00 83fe | 000f 84ac 

  0x000002044972a1b8: ;   {oop(a 'java/lang/Class'{0x00000006806f2438} = 'ui/utils/x')}
  0x000002044972a1b8: 0a00 0048 | ba38 246f | 8006 0000 | 00c6 82fa | 0000 0000 | 4881 c4c0 | 0100 005d 

  0x000002044972a1d4: ;   {poll_return}
  0x000002044972a1d4: 493b a750 | 0400 000f | 87a7 0a00 

  0x000002044972a1e0: ;   {metadata(method data for {method} {0x00000204a3632ad0} 'i' '(JZ)V' in 'ui/frmwork/I')}
  0x000002044972a1e0: 00c3 48ba | 60a6 a2ca | 0402 0000 | 4883 8208 | 0300 0001 

  0x000002044972a1f4: ;   {metadata(method data for {method} {0x00000204a3495640} 'Dg' '(Z)V' in 'ui/utils/x')}
  0x000002044972a1f4: 48ba 40d6 | 2fca 0402 | 0000 8bb2 | cc00 0000 | 83c6 0289 | b2cc 0000 | 0081 e6fe | ff1f 0083 
  0x000002044972a214: fe00 0f84 | 820a 0000 

  0x000002044972a21c: ;   {oop(a 'java/lang/Class'{0x00000006806f2438} = 'ui/utils/x')}
  0x000002044972a21c: 48ba 3824 | 6f80 0600 | 0000 c682 | fa00 0000 | 0048 81c4 | c001 0000 

  0x000002044972a234: ;   {poll_return}
  0x000002044972a234: 5d49 3ba7 | 5004 0000 | 0f87 7d0a 

  0x000002044972a240: ;   {metadata('java/lang/OutOfMemoryError')}
  0x000002044972a240: 0000 c348 | ba48 3402 | 6204 0200 | 0049 8b87 | b801 0000 | 488d 7828 | 493b bfc8 | 0100 000f 
  0x000002044972a260: 8770 0a00 | 0049 89bf | b801 0000 | 48c7 0001 | 0000 0048 | 8bca 49ba | 0000 0062 | 0402 0000 
  0x000002044972a280: 492b ca89 | 4808 4833 | c989 480c | 4833 c948 | 8948 1048 | 8948 1848 | 8948 2048 

  0x000002044972a29c: ;   {metadata(method data for {method} {0x0000020462425160} 'newArray' '(J)[B' in 'java/lang/StringConcatHelper')}
  0x000002044972a29c: 8bd0 48be | 9806 05a3 | 0402 0000 | 4883 8630 | 0100 0001 

  0x000002044972a2b0: ;   {oop("Overflow: String length out of range"{0x00000006825aa628})}
  0x000002044972a2b0: 49b8 28a6 | 5a82 0600 | 0000 488b | d048 8984 | 2498 0100 

  0x000002044972a2c4: ;   {optimized virtual_call}
  0x000002044972a2c4: 0066 90e8 

  0x000002044972a2c8: ; ImmutableOopMap {[208]=Oop [216]=Oop [304]=Oop [320]=Oop [408]=Oop }
                      ;*invokespecial <init> {reexecute=0 rethrow=0 return_oop=0}
                      ; - java.lang.StringConcatHelper::newArray@22 (line 509)
                      ; - java.lang.StringConcatHelper::simpleConcat@61 (line 435)
                      ; - java.lang.invoke.DirectMethodHandle$Holder::invokeStatic@11
                      ; - java.lang.invoke.LambdaForm$MH/0x00000204630c0000::invoke@21
                      ; - java.lang.invoke.Invokers$Holder::linkToTargetMethod@5
                      ; - ui.frmwork.I::i@178 (line 194)
  0x000002044972a2c8: b447 b806 

  0x000002044972a2cc: ;   {other}
  0x000002044972a2cc: 0f1f 8400 | 3c4d 0036 | 488b 8424 | 9801 0000 | e934 0a00 | 0049 8b87 | 0005 0000 | 4d33 d24d 
  0x000002044972a2ec: 8997 0005 | 0000 4d33 | d24d 8997 | 0805 0000 

  0x000002044972a2fc: ;   {oop(a 'java/lang/Class'{0x00000006821ffaa8} = 'ui/frmwork/str/a')}
  0x000002044972a2fc: 488b f048 | b8a8 fa1f | 8206 0000 | 0048 8d84 | 24a0 0100 | 0048 8b38 | 4885 ff0f | 840f 0000 
  0x000002044972a31c: 0048 8b58 | 08f0 480f | b13b 0f85 | b609 0000 | 49ff 8f50 | 0500 0048 | 8bc6 e9da 

  0x000002044972a338: ;   {metadata({method} {0x00000204a3632ad0} 'i' '(JZ)V' in 'ui/frmwork/I')}
  0x000002044972a338: 0900 0049 | bac8 2a63 | a304 0200 | 004c 8954 | 2408 48c7 | 0424 ffff 

  0x000002044972a350: ;   {runtime_call counter_overflow Runtime1 stub}
  0x000002044972a350: ffff e8a9 

  0x000002044972a354: ; ImmutableOopMap {rdx=Oop [208]=Oop }
                      ;*synchronization entry
                      ; - ui.frmwork.I::i@-1 (line 163)
  0x000002044972a354: 0bc5 06e9 | 23bb ffff 

  0x000002044972a35c: ;   {metadata({method} {0x00000204a3495640} 'Dg' '(Z)V' in 'ui/utils/x')}
  0x000002044972a35c: 49ba 3856 | 49a3 0402 | 0000 4c89 | 5424 0848 | c704 24ff 

  0x000002044972a370: ;   {runtime_call counter_overflow Runtime1 stub}
  0x000002044972a370: ffff ffe8 

  0x000002044972a374: ; ImmutableOopMap {[208]=Oop }
                      ;*synchronization entry
                      ; - ui.utils.x::Dg@-1 (line 2436)
                      ; - ui.frmwork.I::i@1 (line 163)
  0x000002044972a374: 880b c506 | e93c bbff | ff48 8bd2 

  0x000002044972a380: ;   {runtime_call fast_new_instance Runtime1 stub}
  0x000002044972a380: e8fb afc4 

  0x000002044972a384: ; ImmutableOopMap {[208]=Oop }
                      ;*new {reexecute=0 rethrow=0 return_oop=0}
                      ; - ui.frmwork.I::i@4 (line 165)
  0x000002044972a384: 06e9 90bb 

  0x000002044972a388: ;   {metadata({method} {0x00000204a36d40a8} '<init>' '(J)V' in 'ui/frmwork/a/v')}
  0x000002044972a388: ffff 49ba | a040 6da3 | 0402 0000 | 4c89 5424 | 0848 c704 | 24ff ffff 

  0x000002044972a3a0: ;   {runtime_call counter_overflow Runtime1 stub}
  0x000002044972a3a0: ffe8 5a0b 

  0x000002044972a3a4: ; ImmutableOopMap {rax=Oop [208]=Oop [216]=Oop }
                      ;*synchronization entry
                      ; - ui.frmwork.a.v::<init>@-1 (line 24)
                      ; - ui.frmwork.I::i@9 (line 165)
  0x000002044972a3a4: c506 e9b4 

  0x000002044972a3a8: ;   {metadata({method} {0x0000020462479fd0} '<init>' '()V' in 'java/lang/Object')}
  0x000002044972a3a8: bbff ff49 | bac8 9f47 | 6204 0200 | 004c 8954 | 2408 48c7 | 0424 ffff 

  0x000002044972a3c0: ;   {runtime_call counter_overflow Runtime1 stub}
  0x000002044972a3c0: ffff e839 

  0x000002044972a3c4: ; ImmutableOopMap {rax=Oop [208]=Oop [216]=Oop }
                      ;*synchronization entry
                      ; - java.lang.Object::<init>@-1 (line 45)
                      ; - ui.frmwork.a.v::<init>@1 (line 24)
                      ; - ui.frmwork.I::i@9 (line 165)
  0x000002044972a3c4: 0bc5 06e9 | d0bb ffff 

  0x000002044972a3cc: ;   {runtime_call throw_null_pointer_exception Runtime1 stub}
  0x000002044972a3cc: e8af a6c4 

  0x000002044972a3d0: ; ImmutableOopMap {rdx=Oop rsi=Oop [208]=Oop [216]=Oop }
                      ;*invokeinterface iterator {reexecute=0 rethrow=0 return_oop=0}
                      ; - ui.frmwork.I::i@31 (line 171)
                      ;   {runtime_call throw_null_pointer_exception Runtime1 stub}
  0x000002044972a3d0: 06e8 aaa6 

  0x000002044972a3d4: ; ImmutableOopMap {rax=Oop [208]=Oop [216]=Oop [240]=Oop }
                      ;*invokeinterface hasNext {reexecute=0 rethrow=0 return_oop=0}
                      ; - ui.frmwork.I::i@40 (line 171)
  0x000002044972a3d4: c406 4889 

  0x000002044972a3d8: ;   {runtime_call throw_class_cast_exception Runtime1 stub}
  0x000002044972a3d8: 0424 e8a1 

  0x000002044972a3dc: ; ImmutableOopMap {[208]=Oop [216]=Oop [240]=Oop }
                      ;*checkcast {reexecute=0 rethrow=0 return_oop=0}
                      ; - ui.frmwork.I::i@55 (line 171)
                      ;   {metadata({method} {0x00000204a36d4218} 'iSQ' '()Lui/frmwork/a/v$a;' in 'ui/frmwork/a/v')}
  0x000002044972a3dc: cac4 0649 | ba10 426d | a304 0200 | 004c 8954 | 2408 48c7 | 0424 ffff 

  0x000002044972a3f4: ;   {runtime_call counter_overflow Runtime1 stub}
  0x000002044972a3f4: ffff e805 

  0x000002044972a3f8: ; ImmutableOopMap {rsi=Oop [208]=Oop [216]=Oop [240]=Oop }
                      ;*synchronization entry
                      ; - ui.frmwork.a.v::iSQ@-1 (line 36)
                      ; - ui.frmwork.I::i@62 (line 172)
  0x000002044972a3f8: 0bc5 06e9 | b3bf ffff 

  0x000002044972a400: ;   {metadata({method} {0x00000204a36d4160} 'UR' '(I)Lui/frmwork/a/v$a;' in 'ui/frmwork/a/v')}
  0x000002044972a400: 49ba 5841 | 6da3 0402 | 0000 4c89 | 5424 0848 | c704 24ff 

  0x000002044972a414: ;   {runtime_call counter_overflow Runtime1 stub}
  0x000002044972a414: ffff ffe8 

  0x000002044972a418: ; ImmutableOopMap {[208]=Oop [216]=Oop [240]=Oop [248]=Oop }
                      ;*synchronization entry
                      ; - ui.frmwork.a.v::UR@-1 (line 29)
                      ; - ui.frmwork.a.v::iSQ@7 (line 36)
                      ; - ui.frmwork.I::i@62 (line 172)
  0x000002044972a418: e40a c506 | e905 c0ff 

  0x000002044972a420: ;   {runtime_call throw_null_pointer_exception Runtime1 stub}
  0x000002044972a420: ffe8 5aa6 

  0x000002044972a424: ; ImmutableOopMap {rax=Oop rsi=Oop [208]=Oop [216]=Oop [240]=Oop [248]=Oop }
                      ;*invokevirtual get {reexecute=0 rethrow=0 return_oop=0}
                      ; - ui.frmwork.a.v::UR@7 (line 29)
                      ; - ui.frmwork.a.v::iSQ@7 (line 36)
                      ; - ui.frmwork.I::i@62 (line 172)
  0x000002044972a424: c406 4889 

  0x000002044972a428: ;   {runtime_call throw_class_cast_exception Runtime1 stub}
  0x000002044972a428: 0424 e851 

  0x000002044972a42c: ; ImmutableOopMap {[208]=Oop [216]=Oop [240]=Oop [248]=Oop }
                      ;*checkcast {reexecute=0 rethrow=0 return_oop=0}
                      ; - ui.frmwork.a.v::UR@10 (line 29)
                      ; - ui.frmwork.a.v::iSQ@7 (line 36)
                      ; - ui.frmwork.I::i@62 (line 172)
                      ;   {runtime_call throw_null_pointer_exception Runtime1 stub}
  0x000002044972a42c: cac4 06e8 

  0x000002044972a430: ; ImmutableOopMap {rdx=Oop rsi=Oop [208]=Oop [216]=Oop [240]=Oop }
                      ;*invokevirtual jTa {reexecute=0 rethrow=0 return_oop=0}
                      ; - ui.frmwork.I::i@67 (line 172)
  0x000002044972a430: 4ca6 c406 

  0x000002044972a434: ;   {metadata({method} {0x00000204a3632ad0} 'i' '(JZ)V' in 'ui/frmwork/I')}
  0x000002044972a434: 49ba c82a | 63a3 0402 | 0000 4c89 | 5424 0848 | c704 244e 

  0x000002044972a448: ;   {runtime_call counter_overflow Runtime1 stub}
  0x000002044972a448: 0000 00e8 

  0x000002044972a44c: ; ImmutableOopMap {rdx=Oop [208]=Oop [216]=Oop [240]=Oop }
                      ;*goto {reexecute=1 rethrow=0 return_oop=0}
                      ; - (reexecute) ui.frmwork.I::i@78 (line 175)
  0x000002044972a44c: b00a c506 | e9de c2ff 

  0x000002044972a454: ;   {runtime_call throw_null_pointer_exception Runtime1 stub}
  0x000002044972a454: ffe8 26a6 

  0x000002044972a458: ; ImmutableOopMap {rdx=Oop rsi=Oop [208]=Oop [216]=Oop }
                      ;*invokeinterface iterator {reexecute=0 rethrow=0 return_oop=0}
                      ; - ui.frmwork.I::i@90 (line 181)
                      ;   {runtime_call throw_null_pointer_exception Runtime1 stub}
  0x000002044972a458: c406 e821 

  0x000002044972a45c: ; ImmutableOopMap {rax=Oop [208]=Oop [216]=Oop [272]=Oop }
                      ;*invokeinterface hasNext {reexecute=0 rethrow=0 return_oop=0}
                      ; - ui.frmwork.I::i@99 (line 181)
  0x000002044972a45c: a6c4 0648 

  0x000002044972a460: ;   {runtime_call throw_class_cast_exception Runtime1 stub}
  0x000002044972a460: 8904 24e8 

  0x000002044972a464: ; ImmutableOopMap {[208]=Oop [216]=Oop [272]=Oop }
                      ;*checkcast {reexecute=0 rethrow=0 return_oop=0}
                      ; - ui.frmwork.I::i@114 (line 181)
  0x000002044972a464: 18ca c406 

  0x000002044972a468: ;   {metadata({method} {0x00000204a36d4218} 'iSQ' '()Lui/frmwork/a/v$a;' in 'ui/frmwork/a/v')}
  0x000002044972a468: 49ba 1042 | 6da3 0402 | 0000 4c89 | 5424 0848 | c704 24ff 

  0x000002044972a47c: ;   {runtime_call counter_overflow Runtime1 stub}
  0x000002044972a47c: ffff ffe8 

  0x000002044972a480: ; ImmutableOopMap {rsi=Oop [208]=Oop [216]=Oop [272]=Oop }
                      ;*synchronization entry
                      ; - ui.frmwork.a.v::iSQ@-1 (line 36)
                      ; - ui.frmwork.I::i@121 (line 183)
  0x000002044972a480: 7c0a c506 | e982 c6ff 

  0x000002044972a488: ;   {metadata({method} {0x00000204a36d4160} 'UR' '(I)Lui/frmwork/a/v$a;' in 'ui/frmwork/a/v')}
  0x000002044972a488: ff49 ba58 | 416d a304 | 0200 004c | 8954 2408 | 48c7 0424 | ffff ffff 

  0x000002044972a4a0: ;   {runtime_call counter_overflow Runtime1 stub}
  0x000002044972a4a0: e85b 0ac5 

  0x000002044972a4a4: ; ImmutableOopMap {[208]=Oop [216]=Oop [272]=Oop [280]=Oop }
                      ;*synchronization entry
                      ; - ui.frmwork.a.v::UR@-1 (line 29)
                      ; - ui.frmwork.a.v::iSQ@7 (line 36)
                      ; - ui.frmwork.I::i@121 (line 183)
  0x000002044972a4a4: 06e9 d4c6 

  0x000002044972a4a8: ;   {runtime_call throw_null_pointer_exception Runtime1 stub}
  0x000002044972a4a8: ffff e8d1 

  0x000002044972a4ac: ; ImmutableOopMap {rax=Oop rsi=Oop [208]=Oop [216]=Oop [272]=Oop [280]=Oop }
                      ;*invokevirtual get {reexecute=0 rethrow=0 return_oop=0}
                      ; - ui.frmwork.a.v::UR@7 (line 29)
                      ; - ui.frmwork.a.v::iSQ@7 (line 36)
                      ; - ui.frmwork.I::i@121 (line 183)
  0x000002044972a4ac: a5c4 0648 

  0x000002044972a4b0: ;   {runtime_call throw_class_cast_exception Runtime1 stub}
  0x000002044972a4b0: 8904 24e8 

  0x000002044972a4b4: ; ImmutableOopMap {[208]=Oop [216]=Oop [272]=Oop [280]=Oop }
                      ;*checkcast {reexecute=0 rethrow=0 return_oop=0}
                      ; - ui.frmwork.a.v::UR@10 (line 29)
                      ; - ui.frmwork.a.v::iSQ@7 (line 36)
                      ; - ui.frmwork.I::i@121 (line 183)
  0x000002044972a4b4: c8c9 c406 

  0x000002044972a4b8: ;   {runtime_call throw_null_pointer_exception Runtime1 stub}
  0x000002044972a4b8: e8c3 a5c4 

  0x000002044972a4bc: ; ImmutableOopMap {rdx=Oop rsi=Oop [208]=Oop [216]=Oop [272]=Oop }
                      ;*invokevirtual jSZ {reexecute=0 rethrow=0 return_oop=0}
                      ; - ui.frmwork.I::i@126 (line 183)
                      ;   {metadata({method} {0x00000204a3632ad0} 'i' '(JZ)V' in 'ui/frmwork/I')}
  0x000002044972a4bc: 0649 bac8 | 2a63 a304 | 0200 004c | 8954 2408 | 48c7 0424 | 9600 0000 

  0x000002044972a4d4: ;   {runtime_call counter_overflow Runtime1 stub}
  0x000002044972a4d4: e827 0ac5 

  0x000002044972a4d8: ; ImmutableOopMap {[208]=Oop [216]=Oop [272]=Oop }
                      ;*goto {reexecute=1 rethrow=0 return_oop=0}
                      ; - (reexecute) ui.frmwork.I::i@150 (line 190)
  0x000002044972a4d8: 06e9 a1c9 

  0x000002044972a4dc: ;   {metadata({method} {0x00000204a36d4160} 'UR' '(I)Lui/frmwork/a/v$a;' in 'ui/frmwork/a/v')}
  0x000002044972a4dc: ffff 49ba | 5841 6da3 | 0402 0000 | 4c89 5424 | 0848 c704 | 24ff ffff 

  0x000002044972a4f4: ;   {runtime_call counter_overflow Runtime1 stub}
  0x000002044972a4f4: ffe8 060a 

  0x000002044972a4f8: ; ImmutableOopMap {[208]=Oop [216]=Oop }
                      ;*synchronization entry
                      ; - ui.frmwork.a.v::UR@-1 (line 29)
                      ; - ui.frmwork.I::i@155 (line 192)
  0x000002044972a4f8: c506 e93c 

  0x000002044972a4fc: ;   {runtime_call throw_null_pointer_exception Runtime1 stub}
  0x000002044972a4fc: caff ffe8 

  0x000002044972a500: ; ImmutableOopMap {rax=Oop rsi=Oop [208]=Oop [216]=Oop }
                      ;*invokevirtual get {reexecute=0 rethrow=0 return_oop=0}
                      ; - ui.frmwork.a.v::UR@7 (line 29)
                      ; - ui.frmwork.I::i@155 (line 192)
  0x000002044972a500: 7ca5 c406 | 4889 0424 

  0x000002044972a508: ;   {runtime_call throw_class_cast_exception Runtime1 stub}
  0x000002044972a508: e873 c9c4 

  0x000002044972a50c: ; ImmutableOopMap {[208]=Oop [216]=Oop }
                      ;*checkcast {reexecute=0 rethrow=0 return_oop=0}
                      ; - ui.frmwork.a.v::UR@10 (line 29)
                      ; - ui.frmwork.I::i@155 (line 192)
                      ;   {metadata({method} {0x000002046245a3f0} 'valueOf' '(Ljava/lang/Object;)Ljava/lang/String;' in 'java/lang/String')}
  0x000002044972a50c: 0649 bae8 | a345 6204 | 0200 004c | 8954 2408 | 48c7 0424 | ffff ffff 

  0x000002044972a524: ;   {runtime_call counter_overflow Runtime1 stub}
  0x000002044972a524: e8d7 09c5 

  0x000002044972a528: ; ImmutableOopMap {rdx=Oop [208]=Oop [216]=Oop }
                      ;*synchronization entry
                      ; - java.lang.String::valueOf@-1 (line 4461)
                      ; - ui.frmwork.I::i@175 (line 194)
  0x000002044972a528: 06e9 3fce 

  0x000002044972a52c: ;   {runtime_call throw_null_pointer_exception Runtime1 stub}
  0x000002044972a52c: ffff e84d 

  0x000002044972a530: ; ImmutableOopMap {rdx=Oop [208]=Oop [216]=Oop }
                      ;*invokevirtual toString {reexecute=0 rethrow=0 return_oop=0}
                      ; - java.lang.String::valueOf@11 (line 4461)
                      ; - ui.frmwork.I::i@175 (line 194)
                      ;   {metadata({method} {0x00000204620b0170} 'linkToTargetMethod' '(Ljava/lang/Object;Ljava/lang/Object;)Ljava/lang/Object;' in 'java/lang/invoke/Invokers$Holder')}
  0x000002044972a530: a5c4 0649 | ba68 010b | 6204 0200 | 004c 8954 | 2408 48c7 | 0424 ffff 

  0x000002044972a548: ;   {runtime_call counter_overflow Runtime1 stub}
  0x000002044972a548: ffff e8b1 

  0x000002044972a54c: ; ImmutableOopMap {rsi=Oop rdi=Oop [208]=Oop [216]=Oop [304]=Oop }
                      ;*synchronization entry
                      ; - java.lang.invoke.Invokers$Holder::linkToTargetMethod@-1
                      ; - ui.frmwork.I::i@178 (line 194)
  0x000002044972a54c: 09c5 06e9 | bbcf ffff 

  0x000002044972a554: ;   {metadata({method} {0x00000204a34a1290} 'invoke' '(Ljava/lang/Object;Ljava/lang/Object;)Ljava/lang/Object;' in 'java/lang/invoke/LambdaForm$MH+0x00000204630c0000')}
  0x000002044972a554: 49ba 8812 | 4aa3 0402 | 0000 4c89 | 5424 0848 | c704 24ff 

  0x000002044972a568: ;   {runtime_call counter_overflow Runtime1 stub}
  0x000002044972a568: ffff ffe8 

  0x000002044972a56c: ; ImmutableOopMap {rsi=Oop [208]=Oop [216]=Oop [304]=Oop }
                      ;*synchronization entry
                      ; - java.lang.invoke.LambdaForm$MH/0x00000204630c0000::invoke@-1
                      ; - java.lang.invoke.Invokers$Holder::linkToTargetMethod@5
                      ; - ui.frmwork.I::i@178 (line 194)
  0x000002044972a56c: 9009 c506 | e9ee cfff 

  0x000002044972a574: ;   {metadata({method} {0x00000204620b4b78} 'invokeStatic' '(Ljava/lang/Object;Ljava/lang/Object;Ljava/lang/Object;)Ljava/lang/Object;' in 'java/lang/invoke/DirectMethodHandle$Holder')}
  0x000002044972a574: ff49 ba70 | 4b0b 6204 | 0200 004c | 8954 2408 | 48c7 0424 | ffff ffff 

  0x000002044972a58c: ;   {runtime_call counter_overflow Runtime1 stub}
  0x000002044972a58c: e86f 09c5 

  0x000002044972a590: ; ImmutableOopMap {rsi=Oop rdi=Oop [208]=Oop [216]=Oop [304]=Oop }
                      ;*synchronization entry
                      ; - java.lang.invoke.DirectMethodHandle$Holder::invokeStatic@-1
                      ; - java.lang.invoke.LambdaForm$MH/0x00000204630c0000::invoke@21
                      ; - java.lang.invoke.Invokers$Holder::linkToTargetMethod@5
                      ; - ui.frmwork.I::i@178 (line 194)
  0x000002044972a590: 06e9 53d0 

  0x000002044972a594: ;   {metadata({method} {0x00000204620a3038} 'internalMemberName' '(Ljava/lang/Object;)Ljava/lang/Object;' in 'java/lang/invoke/DirectMethodHandle')}
  0x000002044972a594: ffff 49ba | 3030 0a62 | 0402 0000 | 4c89 5424 | 0848 c704 | 24ff ffff 

  0x000002044972a5ac: ;   {runtime_call counter_overflow Runtime1 stub}
  0x000002044972a5ac: ffe8 4e09 

  0x000002044972a5b0: ; ImmutableOopMap {rsi=Oop [208]=Oop [216]=Oop [304]=Oop }
                      ;*synchronization entry
                      ; - java.lang.invoke.DirectMethodHandle::internalMemberName@-1 (line 327)
                      ; - java.lang.invoke.DirectMethodHandle$Holder::invokeStatic@1
                      ; - java.lang.invoke.LambdaForm$MH/0x00000204630c0000::invoke@21
                      ; - java.lang.invoke.Invokers$Holder::linkToTargetMethod@5
                      ; - ui.frmwork.I::i@178 (line 194)
  0x000002044972a5b0: c506 e987 

  0x000002044972a5b4: ;   {metadata({method} {0x0000020462425058} 'simpleConcat' '(Ljava/lang/Object;Ljava/lang/Object;)Ljava/lang/String;' in 'java/lang/StringConcatHelper')}
  0x000002044972a5b4: d0ff ff49 | ba50 5042 | 6204 0200 | 004c 8954 | 2408 48c7 | 0424 ffff 

  0x000002044972a5cc: ;   {runtime_call counter_overflow Runtime1 stub}
  0x000002044972a5cc: ffff e82d 

  0x000002044972a5d0: ; ImmutableOopMap {rsi=Oop [208]=Oop [216]=Oop [304]=Oop }
                      ;*synchronization entry
                      ; - java.lang.StringConcatHelper::simpleConcat@-1 (line 421)
                      ; - java.lang.invoke.DirectMethodHandle$Holder::invokeStatic@11
                      ; - java.lang.invoke.LambdaForm$MH/0x00000204630c0000::invoke@21
                      ; - java.lang.invoke.Invokers$Holder::linkToTargetMethod@5
                      ; - ui.frmwork.I::i@178 (line 194)
  0x000002044972a5d0: 09c5 06e9 | 0cd1 ffff 

  0x000002044972a5d8: ;   {metadata({method} {0x00000204624248c8} 'stringOf' '(Ljava/lang/Object;)Ljava/lang/String;' in 'java/lang/StringConcatHelper')}
  0x000002044972a5d8: 49ba c048 | 4262 0402 | 0000 4c89 | 5424 0848 | c704 24ff 

  0x000002044972a5ec: ;   {runtime_call counter_overflow Runtime1 stub}
  0x000002044972a5ec: ffff ffe8 

  0x000002044972a5f0: ; ImmutableOopMap {rsi=Oop [208]=Oop [216]=Oop [304]=Oop }
                      ;*synchronization entry
                      ; - java.lang.StringConcatHelper::stringOf@-1 (line 467)
                      ; - java.lang.StringConcatHelper::simpleConcat@1 (line 421)
                      ; - java.lang.invoke.DirectMethodHandle$Holder::invokeStatic@11
                      ; - java.lang.invoke.LambdaForm$MH/0x00000204630c0000::invoke@21
                      ; - java.lang.invoke.Invokers$Holder::linkToTargetMethod@5
                      ; - ui.frmwork.I::i@178 (line 194)
  0x000002044972a5f0: 0c09 c506 | e925 d1ff 

  0x000002044972a5f8: ;   {metadata({method} {0x000002046200ebd0} 'toString' '()Ljava/lang/String;' in 'java/lang/String')}
  0x000002044972a5f8: ff49 bac8 | eb00 6204 | 0200 004c | 8954 2408 | 48c7 0424 | ffff ffff 

  0x000002044972a610: ;   {runtime_call counter_overflow Runtime1 stub}
  0x000002044972a610: e8eb 08c5 

  0x000002044972a614: ; ImmutableOopMap {rsi=Oop [208]=Oop [216]=Oop [304]=Oop }
                      ;*synchronization entry
                      ; - java.lang.String::toString@-1 (line 4296)
                      ; - java.lang.StringConcatHelper::stringOf@5 (line 467)
                      ; - java.lang.StringConcatHelper::simpleConcat@1 (line 421)
                      ; - java.lang.invoke.DirectMethodHandle$Holder::invokeStatic@11
                      ; - java.lang.invoke.LambdaForm$MH/0x00000204630c0000::invoke@21
                      ; - java.lang.invoke.Invokers$Holder::linkToTargetMethod@5
                      ; - ui.frmwork.I::i@178 (line 194)
  0x000002044972a614: 06e9 58d1 

  0x000002044972a618: ;   {metadata({method} {0x00000204624248c8} 'stringOf' '(Ljava/lang/Object;)Ljava/lang/String;' in 'java/lang/StringConcatHelper')}
  0x000002044972a618: ffff 49ba | c048 4262 | 0402 0000 | 4c89 5424 | 0848 c704 | 24ff ffff 

  0x000002044972a630: ;   {runtime_call counter_overflow Runtime1 stub}
  0x000002044972a630: ffe8 ca08 

  0x000002044972a634: ; ImmutableOopMap {rsi=Oop [208]=Oop [216]=Oop [304]=Oop }
                      ;*synchronization entry
                      ; - java.lang.StringConcatHelper::stringOf@-1 (line 467)
                      ; - java.lang.StringConcatHelper::simpleConcat@6 (line 422)
                      ; - java.lang.invoke.DirectMethodHandle$Holder::invokeStatic@11
                      ; - java.lang.invoke.LambdaForm$MH/0x00000204630c0000::invoke@21
                      ; - java.lang.invoke.Invokers$Holder::linkToTargetMethod@5
                      ; - ui.frmwork.I::i@178 (line 194)
  0x000002044972a634: c506 e981 

  0x000002044972a638: ;   {runtime_call throw_null_pointer_exception Runtime1 stub}
  0x000002044972a638: d1ff ffe8 

  0x000002044972a63c: ; ImmutableOopMap {rsi=Oop [208]=Oop [216]=Oop [304]=Oop }
                      ;*invokevirtual toString {reexecute=0 rethrow=0 return_oop=0}
                      ; - java.lang.StringConcatHelper::stringOf@5 (line 467)
                      ; - java.lang.StringConcatHelper::simpleConcat@6 (line 422)
                      ; - java.lang.invoke.DirectMethodHandle$Holder::invokeStatic@11
                      ; - java.lang.invoke.LambdaForm$MH/0x00000204630c0000::invoke@21
                      ; - java.lang.invoke.Invokers$Holder::linkToTargetMethod@5
                      ; - ui.frmwork.I::i@178 (line 194)
  0x000002044972a63c: 40a4 c406 

  0x000002044972a640: ;   {metadata({method} {0x000002046200ef90} 'isEmpty' '()Z' in 'java/lang/String')}
  0x000002044972a640: 49ba 88ef | 0062 0402 | 0000 4c89 | 5424 0848 | c704 24ff 

  0x000002044972a654: ;   {runtime_call counter_overflow Runtime1 stub}
  0x000002044972a654: ffff ffe8 

  0x000002044972a658: ; ImmutableOopMap {rax=Oop [208]=Oop [216]=Oop [304]=Oop }
                      ;*synchronization entry
                      ; - java.lang.String::isEmpty@-1 (line 1532)
                      ; - java.lang.StringConcatHelper::simpleConcat@11 (line 423)
                      ; - java.lang.invoke.DirectMethodHandle$Holder::invokeStatic@11
                      ; - java.lang.invoke.LambdaForm$MH/0x00000204630c0000::invoke@21
                      ; - java.lang.invoke.Invokers$Holder::linkToTargetMethod@5
                      ; - ui.frmwork.I::i@178 (line 194)
  0x000002044972a658: a408 c506 | e9e3 d2ff 

  0x000002044972a660: ;   {runtime_call throw_null_pointer_exception Runtime1 stub}
  0x000002044972a660: ffe8 1aa4 

  0x000002044972a664: ; ImmutableOopMap {rax=Oop [208]=Oop [216]=Oop [304]=Oop }
                      ;*invokevirtual isEmpty {reexecute=0 rethrow=0 return_oop=0}
                      ; - java.lang.StringConcatHelper::simpleConcat@27 (line 427)
                      ; - java.lang.invoke.DirectMethodHandle$Holder::invokeStatic@11
                      ; - java.lang.invoke.LambdaForm$MH/0x00000204630c0000::invoke@21
                      ; - java.lang.invoke.Invokers$Holder::linkToTargetMethod@5
                      ; - ui.frmwork.I::i@178 (line 194)
                      ;   {metadata({method} {0x000002046200ef90} 'isEmpty' '()Z' in 'java/lang/String')}
  0x000002044972a664: c406 49ba | 88ef 0062 | 0402 0000 | 4c89 5424 | 0848 c704 | 24ff ffff 

  0x000002044972a67c: ;   {runtime_call counter_overflow Runtime1 stub}
  0x000002044972a67c: ffe8 7e08 

  0x000002044972a680: ; ImmutableOopMap {rax=Oop [208]=Oop [216]=Oop [304]=Oop }
                      ;*synchronization entry
                      ; - java.lang.String::isEmpty@-1 (line 1532)
                      ; - java.lang.StringConcatHelper::simpleConcat@27 (line 427)
                      ; - java.lang.invoke.DirectMethodHandle$Holder::invokeStatic@11
                      ; - java.lang.invoke.LambdaForm$MH/0x00000204630c0000::invoke@21
                      ; - java.lang.invoke.Invokers$Holder::linkToTargetMethod@5
                      ; - ui.frmwork.I::i@178 (line 194)
  0x000002044972a680: c506 e91d 

  0x000002044972a684: ;   {runtime_call throw_null_pointer_exception Runtime1 stub}
  0x000002044972a684: d3ff ffe8 

  0x000002044972a688: ; ImmutableOopMap {rax=Oop [208]=Oop [216]=Oop [304]=Oop }
                      ;*arraylength {reexecute=0 rethrow=0 return_oop=0}
                      ; - java.lang.String::isEmpty@4 (line 1532)
                      ; - java.lang.StringConcatHelper::simpleConcat@27 (line 427)
                      ; - java.lang.invoke.DirectMethodHandle$Holder::invokeStatic@11
                      ; - java.lang.invoke.LambdaForm$MH/0x00000204630c0000::invoke@21
                      ; - java.lang.invoke.Invokers$Holder::linkToTargetMethod@5
                      ; - ui.frmwork.I::i@178 (line 194)
  0x000002044972a688: f4a3 c406 

  0x000002044972a68c: ;   {runtime_call fast_new_instance Runtime1 stub}
  0x000002044972a68c: 488b d2e8 

  0x000002044972a690: ; ImmutableOopMap {[208]=Oop [216]=Oop [304]=Oop }
                      ;*new {reexecute=0 rethrow=0 return_oop=0}
                      ; - java.lang.StringConcatHelper::simpleConcat@33 (line 429)
                      ; - java.lang.invoke.DirectMethodHandle$Holder::invokeStatic@11
                      ; - java.lang.invoke.LambdaForm$MH/0x00000204630c0000::invoke@21
                      ; - java.lang.invoke.Invokers$Holder::linkToTargetMethod@5
                      ; - ui.frmwork.I::i@178 (line 194)
  0x000002044972a690: ecac c406 | e9f9 d3ff 

  0x000002044972a698: ;   {metadata({method} {0x0000020462424978} 'initialCoder' '()J' in 'java/lang/StringConcatHelper')}
  0x000002044972a698: ff49 ba70 | 4942 6204 | 0200 004c | 8954 2408 | 48c7 0424 | ffff ffff 

  0x000002044972a6b0: ;   {runtime_call counter_overflow Runtime1 stub}
  0x000002044972a6b0: e84b 08c5 

  0x000002044972a6b4: ; ImmutableOopMap {rax=Oop [208]=Oop [216]=Oop [304]=Oop }
                      ;*synchronization entry
                      ; - java.lang.StringConcatHelper::initialCoder@-1 (line 519)
                      ; - java.lang.StringConcatHelper::simpleConcat@42 (line 433)
                      ; - java.lang.invoke.DirectMethodHandle$Holder::invokeStatic@11
                      ; - java.lang.invoke.LambdaForm$MH/0x00000204630c0000::invoke@21
                      ; - java.lang.invoke.Invokers$Holder::linkToTargetMethod@5
                      ; - ui.frmwork.I::i@178 (line 194)
  0x000002044972a6b4: 06e9 5ed4 

  0x000002044972a6b8: ;   {metadata({method} {0x0000020462425160} 'newArray' '(J)[B' in 'java/lang/StringConcatHelper')}
  0x000002044972a6b8: ffff 49ba | 5851 4262 | 0402 0000 | 4c89 5424 | 0848 c704 | 24ff ffff 

  0x000002044972a6d0: ;   {runtime_call counter_overflow Runtime1 stub}
  0x000002044972a6d0: ffe8 2a08 

  0x000002044972a6d4: ; ImmutableOopMap {[208]=Oop [216]=Oop [304]=Oop [320]=Oop }
                      ;*synchronization entry
                      ; - java.lang.StringConcatHelper::newArray@-1 (line 506)
                      ; - java.lang.StringConcatHelper::simpleConcat@61 (line 435)
                      ; - java.lang.invoke.DirectMethodHandle$Holder::invokeStatic@11
                      ; - java.lang.invoke.LambdaForm$MH/0x00000204630c0000::invoke@21
                      ; - java.lang.invoke.Invokers$Holder::linkToTargetMethod@5
                      ; - ui.frmwork.I::i@178 (line 194)
  0x000002044972a6d4: c506 e910 | d5ff ff48 

  0x000002044972a6dc: ;   {runtime_call throw_class_cast_exception Runtime1 stub}
  0x000002044972a6dc: 8904 24e8 

  0x000002044972a6e0: ; ImmutableOopMap {[208]=Oop [216]=Oop [304]=Oop [320]=Oop }
                      ;*checkcast {reexecute=0 rethrow=0 return_oop=0}
                      ; - java.lang.StringConcatHelper::newArray@36 (line 511)
                      ; - java.lang.StringConcatHelper::simpleConcat@61 (line 435)
                      ; - java.lang.invoke.DirectMethodHandle$Holder::invokeStatic@11
                      ; - java.lang.invoke.LambdaForm$MH/0x00000204630c0000::invoke@21
                      ; - java.lang.invoke.Invokers$Holder::linkToTargetMethod@5
                      ; - ui.frmwork.I::i@178 (line 194)
  0x000002044972a6e0: 9cc7 c406 

  0x000002044972a6e4: ;   {metadata({method} {0x00000204a3f5b888} 'iYw' '()Ljava/lang/String;' in 'ui/frmwork/str/robot/m')}
  0x000002044972a6e4: 49ba 80b8 | f5a3 0402 | 0000 4c89 | 5424 0848 | c704 24ff 

  0x000002044972a6f8: ;   {runtime_call counter_overflow Runtime1 stub}
  0x000002044972a6f8: ffff ffe8 

  0x000002044972a6fc: ; ImmutableOopMap {rax=Oop rdx=Oop [208]=Oop [216]=Oop }
                      ;*synchronization entry
                      ; - ui.frmwork.str.robot.m::iYw@-1 (line 1945)
                      ; - ui.frmwork.I::i@185 (line 195)
  0x000002044972a6fc: 0008 c506 | e9a8 d7ff 

  0x000002044972a704: ;   {metadata({method} {0x00000204a36136b0} 'kT' '(Ljava/lang/String;)Z' in 'ui/utils/ar')}
  0x000002044972a704: ff49 baa8 | 3661 a304 | 0200 004c | 8954 2408 | 48c7 0424 | ffff ffff 

  0x000002044972a71c: ;   {runtime_call counter_overflow Runtime1 stub}
  0x000002044972a71c: e8df 07c5 

  0x000002044972a720: ; ImmutableOopMap {rdx=Oop rsi=Oop rax=Oop [208]=Oop [216]=Oop [352]=Oop }
                      ;*synchronization entry
                      ; - ui.utils.ar::kT@-1 (line 2973)
                      ; - ui.frmwork.I::i@200 (line 196)
  0x000002044972a720: 06e9 2ad8 

  0x000002044972a724: ;   {runtime_call throw_null_pointer_exception Runtime1 stub}
  0x000002044972a724: ffff e855 

  0x000002044972a728: ; ImmutableOopMap {rdx=Oop rsi=Oop rax=Oop [208]=Oop [216]=Oop [352]=Oop }
                      ;*invokevirtual isEmpty {reexecute=0 rethrow=0 return_oop=0}
                      ; - ui.utils.ar::kT@5 (line 2973)
                      ; - ui.frmwork.I::i@200 (line 196)
                      ;   {metadata({method} {0x000002046200ef90} 'isEmpty' '()Z' in 'java/lang/String')}
  0x000002044972a728: a3c4 0649 | ba88 ef00 | 6204 0200 | 004c 8954 | 2408 48c7 | 0424 ffff 

  0x000002044972a740: ;   {runtime_call counter_overflow Runtime1 stub}
  0x000002044972a740: ffff e8b9 

  0x000002044972a744: ; ImmutableOopMap {rdx=Oop rsi=Oop rax=Oop [208]=Oop [216]=Oop [352]=Oop }
                      ;*synchronization entry
                      ; - java.lang.String::isEmpty@-1 (line 1532)
                      ; - ui.utils.ar::kT@5 (line 2973)
                      ; - ui.frmwork.I::i@200 (line 196)
  0x000002044972a744: 07c5 06e9 | 93d8 ffff 

  0x000002044972a74c: ;   {runtime_call throw_null_pointer_exception Runtime1 stub}
  0x000002044972a74c: e82f a3c4 

  0x000002044972a750: ; ImmutableOopMap {rdx=Oop rsi=Oop rax=Oop [208]=Oop [216]=Oop [352]=Oop }
                      ;*arraylength {reexecute=0 rethrow=0 return_oop=0}
                      ; - java.lang.String::isEmpty@4 (line 1532)
                      ; - ui.utils.ar::kT@5 (line 2973)
                      ; - ui.frmwork.I::i@200 (line 196)
                      ;   {metadata({method} {0x00000204a3613e90} 'ako' '(Ljava/lang/String;)Z' in 'ui/utils/ar')}
  0x000002044972a750: 0649 ba88 | 3e61 a304 | 0200 004c | 8954 2408 | 48c7 0424 | ffff ffff 

  0x000002044972a768: ;   {runtime_call counter_overflow Runtime1 stub}
  0x000002044972a768: e893 07c5 

  0x000002044972a76c: ; ImmutableOopMap {rdx=Oop rsi=Oop rax=Oop [208]=Oop [216]=Oop [352]=Oop }
                      ;*synchronization entry
                      ; - ui.utils.ar::ako@-1 (line 3052)
                      ; - ui.utils.ar::kT@12 (line 2973)
                      ; - ui.frmwork.I::i@200 (line 196)
  0x000002044972a76c: 06e9 5ad9 

  0x000002044972a770: ;   {metadata({method} {0x000002046200eee0} 'length' '()I' in 'java/lang/String')}
  0x000002044972a770: ffff 49ba | d8ee 0062 | 0402 0000 | 4c89 5424 | 0848 c704 | 24ff ffff 

  0x000002044972a788: ;   {runtime_call counter_overflow Runtime1 stub}
  0x000002044972a788: ffe8 7207 

  0x000002044972a78c: ; ImmutableOopMap {rsi=Oop [208]=Oop [216]=Oop [304]=Oop [352]=Oop [360]=Oop }
                      ;*synchronization entry
                      ; - java.lang.String::length@-1 (line 1519)
                      ; - ui.utils.ar::ako@4 (line 3052)
                      ; - ui.utils.ar::kT@12 (line 2973)
                      ; - ui.frmwork.I::i@200 (line 196)
  0x000002044972a78c: c506 e992 

  0x000002044972a790: ;   {runtime_call throw_null_pointer_exception Runtime1 stub}
  0x000002044972a790: d9ff ffe8 

  0x000002044972a794: ; ImmutableOopMap {rsi=Oop rbx=Oop [208]=Oop [216]=Oop [304]=Oop [352]=Oop [360]=Oop }
                      ;*arraylength {reexecute=0 rethrow=0 return_oop=0}
                      ; - java.lang.String::length@4 (line 1519)
                      ; - ui.utils.ar::ako@4 (line 3052)
                      ; - ui.utils.ar::kT@12 (line 2973)
                      ; - ui.frmwork.I::i@200 (line 196)
  0x000002044972a794: e8a2 c406 

  0x000002044972a798: ;   {metadata({method} {0x000002046245a188} 'coder' '()B' in 'java/lang/String')}
  0x000002044972a798: 49ba 80a1 | 4562 0402 | 0000 4c89 | 5424 0848 | c704 24ff 

  0x000002044972a7ac: ;   {runtime_call counter_overflow Runtime1 stub}
  0x000002044972a7ac: ffff ffe8 

  0x000002044972a7b0: ; ImmutableOopMap {rsi=Oop rbx=Oop [208]=Oop [216]=Oop [304]=Oop [352]=Oop [360]=Oop }
                      ;*synchronization entry
                      ; - java.lang.String::coder@-1 (line 4809)
                      ; - java.lang.String::length@6 (line 1519)
                      ; - ui.utils.ar::ako@4 (line 3052)
                      ; - ui.utils.ar::kT@12 (line 2973)
                      ; - ui.frmwork.I::i@200 (line 196)
  0x000002044972a7b0: 4c07 c506 | e9b9 d9ff 

  0x000002044972a7b8: ;   {metadata({method} {0x000002046200ef38} 'charAt' '(I)C' in 'java/lang/String')}
  0x000002044972a7b8: ff49 ba30 | ef00 6204 | 0200 004c | 8954 2408 | 48c7 0424 | ffff ffff 

  0x000002044972a7d0: ;   {runtime_call counter_overflow Runtime1 stub}
  0x000002044972a7d0: e82b 07c5 

  0x000002044972a7d4: ; ImmutableOopMap {rsi=Oop rbx=Oop [208]=Oop [216]=Oop [304]=Oop [352]=Oop [360]=Oop }
                      ;*synchronization entry
                      ; - java.lang.String::charAt@-1 (line 1554)
                      ; - ui.utils.ar::ako@12 (line 3053)
                      ; - ui.utils.ar::kT@12 (line 2973)
                      ; - ui.frmwork.I::i@200 (line 196)
  0x000002044972a7d4: 06e9 47da 

  0x000002044972a7d8: ;   {metadata({method} {0x0000020462459580} 'isLatin1' '()Z' in 'java/lang/String')}
  0x000002044972a7d8: ffff 49ba | 7895 4562 | 0402 0000 | 4c89 5424 | 0848 c704 | 24ff ffff 

  0x000002044972a7f0: ;   {runtime_call counter_overflow Runtime1 stub}
  0x000002044972a7f0: ffe8 0a07 

  0x000002044972a7f4: ; ImmutableOopMap {rsi=Oop rbx=Oop [208]=Oop [216]=Oop [304]=Oop [352]=Oop [360]=Oop }
                      ;*synchronization entry
                      ; - java.lang.String::isLatin1@-1 (line 4817)
                      ; - java.lang.String::charAt@1 (line 1554)
                      ; - ui.utils.ar::ako@12 (line 3053)
                      ; - ui.utils.ar::kT@12 (line 2973)
                      ; - ui.frmwork.I::i@200 (line 196)
  0x000002044972a7f4: c506 e968 

  0x000002044972a7f8: ;   {metadata({method} {0x0000020462024030} 'charAt' '([BI)C' in 'java/lang/StringLatin1')}
  0x000002044972a7f8: daff ff49 | ba28 4002 | 6204 0200 | 004c 8954 | 2408 48c7 | 0424 ffff 

  0x000002044972a810: ;   {runtime_call counter_overflow Runtime1 stub}
  0x000002044972a810: ffff e8e9 

  0x000002044972a814: ; ImmutableOopMap {rsi=Oop rbx=Oop [208]=Oop [216]=Oop [304]=Oop [352]=Oop [360]=Oop }
                      ;*synchronization entry
                      ; - java.lang.StringLatin1::charAt@-1 (line 46)
                      ; - java.lang.String::charAt@12 (line 1555)
                      ; - ui.utils.ar::ako@12 (line 3053)
                      ; - ui.utils.ar::kT@12 (line 2973)
                      ; - ui.frmwork.I::i@200 (line 196)
  0x000002044972a814: 06c5 06e9 | 2bdb ffff 

  0x000002044972a81c: ;   {metadata({method} {0x000002046245a810} 'checkIndex' '(II)V' in 'java/lang/String')}
  0x000002044972a81c: 49ba 08a8 | 4562 0402 | 0000 4c89 | 5424 0848 | c704 24ff 

  0x000002044972a830: ;   {runtime_call counter_overflow Runtime1 stub}
  0x000002044972a830: ffff ffe8 

  0x000002044972a834: ; ImmutableOopMap {rsi=Oop rbx=Oop [208]=Oop [216]=Oop [304]=Oop [352]=Oop [360]=Oop }
                      ;*synchronization entry
                      ; - java.lang.String::checkIndex@-1 (line 4828)
                      ; - java.lang.StringLatin1::charAt@3 (line 46)
                      ; - java.lang.String::charAt@12 (line 1555)
                      ; - ui.utils.ar::ako@12 (line 3053)
                      ; - ui.utils.ar::kT@12 (line 2973)
                      ; - ui.frmwork.I::i@200 (line 196)
  0x000002044972a834: c806 c506 | e949 dbff | ff48 c704 | 24e4 ffff 

  0x000002044972a844: ;   {runtime_call deoptimize Runtime1 stub}
  0x000002044972a844: ffe8 36e0 

  0x000002044972a848: ; ImmutableOopMap {rsi=Oop rbx=Oop [208]=Oop [216]=Oop [304]=Oop [352]=Oop [360]=Oop }
                      ;*invokestatic checkIndex {reexecute=0 rethrow=0 return_oop=0}
                      ; - java.lang.String::checkIndex@5 (line 4828)
                      ; - java.lang.StringLatin1::charAt@3 (line 46)
                      ; - java.lang.String::charAt@12 (line 1555)
                      ; - ui.utils.ar::ako@12 (line 3053)
                      ; - ui.utils.ar::kT@12 (line 2973)
                      ; - ui.frmwork.I::i@200 (line 196)
  0x000002044972a848: c406 48c7 | 0424 e4ff 

  0x000002044972a850: ;   {runtime_call deoptimize Runtime1 stub}
  0x000002044972a850: ffff e829 

  0x000002044972a854: ; ImmutableOopMap {rsi=Oop rbx=Oop [208]=Oop [216]=Oop [304]=Oop [352]=Oop [360]=Oop }
                      ;*invokestatic checkIndex {reexecute=0 rethrow=0 return_oop=0}
                      ; - java.lang.String::checkIndex@5 (line 4828)
                      ; - java.lang.StringLatin1::charAt@3 (line 46)
                      ; - java.lang.String::charAt@12 (line 1555)
                      ; - ui.utils.ar::ako@12 (line 3053)
                      ; - ui.utils.ar::kT@12 (line 2973)
                      ; - ui.frmwork.I::i@200 (line 196)
  0x000002044972a854: e0c4 0648 | 893c 2448 | 895c 2408 

  0x000002044972a860: ;   {runtime_call throw_range_check_failed Runtime1 stub}
  0x000002044972a860: e81b 99c4 

  0x000002044972a864: ; ImmutableOopMap {rsi=Oop rbx=Oop [208]=Oop [216]=Oop [304]=Oop [352]=Oop [360]=Oop }
                      ;*baload {reexecute=0 rethrow=0 return_oop=0}
                      ; - java.lang.StringLatin1::charAt@8 (line 47)
                      ; - java.lang.String::charAt@12 (line 1555)
                      ; - ui.utils.ar::ako@12 (line 3053)
                      ; - ui.utils.ar::kT@12 (line 2973)
                      ; - ui.frmwork.I::i@200 (line 196)
                      ;   {metadata({method} {0x0000020462027370} 'charAt' '([BI)C' in 'java/lang/StringUTF16')}
  0x000002044972a864: 0649 ba68 | 7302 6204 | 0200 004c | 8954 2408 | 48c7 0424 | ffff ffff 

  0x000002044972a87c: ;   {runtime_call counter_overflow Runtime1 stub}
  0x000002044972a87c: e87f 06c5 

  0x000002044972a880: ; ImmutableOopMap {rsi=Oop rbx=Oop [208]=Oop [216]=Oop [304]=Oop [352]=Oop [360]=Oop }
                      ;*synchronization entry
                      ; - java.lang.StringUTF16::charAt@-1 (line 1418)
                      ; - java.lang.String::charAt@21 (line 1557)
                      ; - ui.utils.ar::ako@12 (line 3053)
                      ; - ui.utils.ar::kT@12 (line 2973)
                      ; - ui.frmwork.I::i@200 (line 196)
  0x000002044972a880: 06e9 9cdb 

  0x000002044972a884: ;   {metadata({method} {0x00000204620268c8} 'checkIndex' '(I[B)V' in 'java/lang/StringUTF16')}
  0x000002044972a884: ffff 49ba | c068 0262 | 0402 0000 | 4c89 5424 | 0848 c704 | 24ff ffff 

  0x000002044972a89c: ;   {runtime_call counter_overflow Runtime1 stub}
  0x000002044972a89c: ffe8 5e06 

  0x000002044972a8a0: ; ImmutableOopMap {rsi=Oop rbx=Oop [208]=Oop [216]=Oop [304]=Oop [352]=Oop [360]=Oop }
                      ;*synchronization entry
                      ; - java.lang.StringUTF16::checkIndex@-1 (line 1613)
                      ; - java.lang.StringUTF16::charAt@2 (line 1418)
                      ; - java.lang.String::charAt@21 (line 1557)
                      ; - ui.utils.ar::ako@12 (line 3053)
                      ; - ui.utils.ar::kT@12 (line 2973)
                      ; - ui.frmwork.I::i@200 (line 196)
  0x000002044972a8a0: c506 e9ba 

  0x000002044972a8a4: ;   {metadata({method} {0x0000020462026870} 'length' '([B)I' in 'java/lang/StringUTF16')}
  0x000002044972a8a4: dbff ff49 | ba68 6802 | 6204 0200 | 004c 8954 | 2408 48c7 | 0424 ffff 

  0x000002044972a8bc: ;   {runtime_call counter_overflow Runtime1 stub}
  0x000002044972a8bc: ffff e83d 

  0x000002044972a8c0: ; ImmutableOopMap {rsi=Oop rbx=Oop [208]=Oop [216]=Oop [304]=Oop [352]=Oop [360]=Oop }
                      ;*synchronization entry
                      ; - java.lang.StringUTF16::length@-1 (line 75)
                      ; - java.lang.StringUTF16::checkIndex@2 (line 1613)
                      ; - java.lang.StringUTF16::charAt@2 (line 1418)
                      ; - java.lang.String::charAt@21 (line 1557)
                      ; - ui.utils.ar::ako@12 (line 3053)
                      ; - ui.utils.ar::kT@12 (line 2973)
                      ; - ui.frmwork.I::i@200 (line 196)
  0x000002044972a8c0: 06c5 06e9 | d8db ffff 

  0x000002044972a8c8: ;   {metadata({method} {0x000002046245a810} 'checkIndex' '(II)V' in 'java/lang/String')}
  0x000002044972a8c8: 49ba 08a8 | 4562 0402 | 0000 4c89 | 5424 0848 | c704 24ff 

  0x000002044972a8dc: ;   {runtime_call counter_overflow Runtime1 stub}
  0x000002044972a8dc: ffff ffe8 

  0x000002044972a8e0: ; ImmutableOopMap {rsi=Oop rbx=Oop [208]=Oop [216]=Oop [304]=Oop [352]=Oop [360]=Oop }
                      ;*synchronization entry
                      ; - java.lang.String::checkIndex@-1 (line 4828)
                      ; - java.lang.StringUTF16::checkIndex@5 (line 1613)
                      ; - java.lang.StringUTF16::charAt@2 (line 1418)
                      ; - java.lang.String::charAt@21 (line 1557)
                      ; - ui.utils.ar::ako@12 (line 3053)
                      ; - ui.utils.ar::kT@12 (line 2973)
                      ; - ui.frmwork.I::i@200 (line 196)
  0x000002044972a8e0: 1c06 c506 | e9f9 dbff | ff48 c704 | 24e4 ffff 

  0x000002044972a8f0: ;   {runtime_call deoptimize Runtime1 stub}
  0x000002044972a8f0: ffe8 8adf 

  0x000002044972a8f4: ; ImmutableOopMap {rsi=Oop rbx=Oop [208]=Oop [216]=Oop [304]=Oop [352]=Oop [360]=Oop }
                      ;*invokestatic checkIndex {reexecute=0 rethrow=0 return_oop=0}
                      ; - java.lang.String::checkIndex@5 (line 4828)
                      ; - java.lang.StringUTF16::checkIndex@5 (line 1613)
                      ; - java.lang.StringUTF16::charAt@2 (line 1418)
                      ; - java.lang.String::charAt@21 (line 1557)
                      ; - ui.utils.ar::ako@12 (line 3053)
                      ; - ui.utils.ar::kT@12 (line 2973)
                      ; - ui.frmwork.I::i@200 (line 196)
  0x000002044972a8f4: c406 48c7 | 0424 e4ff 

  0x000002044972a8fc: ;   {runtime_call deoptimize Runtime1 stub}
  0x000002044972a8fc: ffff e87d 

  0x000002044972a900: ; ImmutableOopMap {rsi=Oop rbx=Oop [208]=Oop [216]=Oop [304]=Oop [352]=Oop [360]=Oop }
                      ;*invokestatic checkIndex {reexecute=0 rethrow=0 return_oop=0}
                      ; - java.lang.String::checkIndex@5 (line 4828)
                      ; - java.lang.StringUTF16::checkIndex@5 (line 1613)
                      ; - java.lang.StringUTF16::charAt@2 (line 1418)
                      ; - java.lang.String::charAt@21 (line 1557)
                      ; - ui.utils.ar::ako@12 (line 3053)
                      ; - ui.utils.ar::kT@12 (line 2973)
                      ; - ui.frmwork.I::i@200 (line 196)
                      ;   {metadata({method} {0x00000204a3613dd0} 't' '(C)Z' in 'ui/utils/ar')}
  0x000002044972a900: dfc4 0649 | bac8 3d61 | a304 0200 | 004c 8954 | 2408 48c7 | 0424 ffff 

  0x000002044972a918: ;   {runtime_call counter_overflow Runtime1 stub}
  0x000002044972a918: ffff e8e1 

  0x000002044972a91c: ; ImmutableOopMap {[208]=Oop [216]=Oop [304]=Oop [352]=Oop [360]=Oop }
                      ;*synchronization entry
                      ; - ui.utils.ar::t@-1 (line 3047)
                      ; - ui.utils.ar::ako@15 (line 3053)
                      ; - ui.utils.ar::kT@12 (line 2973)
                      ; - ui.frmwork.I::i@200 (line 196)
  0x000002044972a91c: 05c5 06e9 | 4ddc ffff 

  0x000002044972a924: ;   {metadata({method} {0x00000204624260f0} 'isSpaceChar' '(C)Z' in 'java/lang/Character')}
  0x000002044972a924: 49ba e860 | 4262 0402 | 0000 4c89 | 5424 0848 | c704 24ff 

  0x000002044972a938: ;   {runtime_call counter_overflow Runtime1 stub}
  0x000002044972a938: ffff ffe8 

  0x000002044972a93c: ; ImmutableOopMap {[208]=Oop [216]=Oop [304]=Oop [352]=Oop [360]=Oop }
                      ;*synchronization entry
                      ; - java.lang.Character::isSpaceChar@-1 (line 11330)
                      ; - ui.utils.ar::t@1 (line 3047)
                      ; - ui.utils.ar::ako@15 (line 3053)
                      ; - ui.utils.ar::kT@12 (line 2973)
                      ; - ui.frmwork.I::i@200 (line 196)
  0x000002044972a93c: c005 c506 | e96b dcff 

  0x000002044972a944: ;   {metadata({method} {0x0000020462426098} 'isSpaceChar' '(I)Z' in 'java/lang/Character')}
  0x000002044972a944: ff49 ba90 | 6042 6204 | 0200 004c | 8954 2408 | 48c7 0424 | ffff ffff 

  0x000002044972a95c: ;   {runtime_call counter_overflow Runtime1 stub}
  0x000002044972a95c: e89f 05c5 

  0x000002044972a960: ; ImmutableOopMap {[208]=Oop [216]=Oop [304]=Oop [352]=Oop [360]=Oop }
                      ;*synchronization entry
                      ; - java.lang.Character::isSpaceChar@-1 (line 11353)
                      ; - java.lang.Character::isSpaceChar@1 (line 11330)
                      ; - ui.utils.ar::t@1 (line 3047)
                      ; - ui.utils.ar::ako@15 (line 3053)
                      ; - ui.utils.ar::kT@12 (line 2973)
                      ; - ui.frmwork.I::i@200 (line 196)
  0x000002044972a960: 06e9 89dc 

  0x000002044972a964: ;   {metadata({method} {0x0000020462426ca0} 'getType' '(I)I' in 'java/lang/Character')}
  0x000002044972a964: ffff 49ba | 986c 4262 | 0402 0000 | 4c89 5424 | 0848 c704 | 24ff ffff 

  0x000002044972a97c: ;   {runtime_call counter_overflow Runtime1 stub}
  0x000002044972a97c: ffe8 7e05 

  0x000002044972a980: ; ImmutableOopMap {[208]=Oop [216]=Oop [304]=Oop [352]=Oop [360]=Oop }
                      ;*synchronization entry
                      ; - java.lang.Character::getType@-1 (line 11557)
                      ; - java.lang.Character::isSpaceChar@4 (line 11355)
                      ; - java.lang.Character::isSpaceChar@1 (line 11330)
                      ; - ui.utils.ar::t@1 (line 3047)
                      ; - ui.utils.ar::ako@15 (line 3053)
                      ; - ui.utils.ar::kT@12 (line 2973)
                      ; - ui.frmwork.I::i@200 (line 196)
  0x000002044972a980: c506 e9a7 

  0x000002044972a984: ;   {runtime_call throw_null_pointer_exception Runtime1 stub}
  0x000002044972a984: dcff ffe8 

  0x000002044972a988: ; ImmutableOopMap {rax=Oop [208]=Oop [216]=Oop [304]=Oop [352]=Oop [360]=Oop }
                      ;*invokevirtual getType {reexecute=0 rethrow=0 return_oop=0}
                      ; - java.lang.Character::getType@5 (line 11557)
                      ; - java.lang.Character::isSpaceChar@4 (line 11355)
                      ; - java.lang.Character::isSpaceChar@1 (line 11330)
                      ; - ui.utils.ar::t@1 (line 3047)
                      ; - ui.utils.ar::ako@15 (line 3053)
                      ; - ui.utils.ar::kT@12 (line 2973)
                      ; - ui.frmwork.I::i@200 (line 196)
  0x000002044972a988: f4a0 c406 

  0x000002044972a98c: ;   {metadata({method} {0x00000204a3613e90} 'ako' '(Ljava/lang/String;)Z' in 'ui/utils/ar')}
  0x000002044972a98c: 49ba 883e | 61a3 0402 | 0000 4c89 | 5424 0848 | c704 241a 

  0x000002044972a9a0: ;   {runtime_call counter_overflow Runtime1 stub}
  0x000002044972a9a0: 0000 00e8 

  0x000002044972a9a4: ; ImmutableOopMap {[208]=Oop [216]=Oop [304]=Oop [352]=Oop [360]=Oop }
                      ;*goto {reexecute=1 rethrow=0 return_oop=0}
                      ; - (reexecute) ui.utils.ar::ako@26 (line 3052)
                      ; - ui.utils.ar::kT@12 (line 2973)
                      ; - ui.frmwork.I::i@200 (line 196)
  0x000002044972a9a4: 5805 c506 | e954 deff 

  0x000002044972a9ac: ;   {runtime_call throw_null_pointer_exception Runtime1 stub}
  0x000002044972a9ac: ffe8 cea0 

  0x000002044972a9b0: ; ImmutableOopMap {rax=Oop rsi=Oop [208]=Oop [216]=Oop [304]=Oop [352]=Oop }
                      ;*invokevirtual equals {reexecute=0 rethrow=0 return_oop=0}
                      ; - ui.frmwork.I::i@210 (line 196)
                      ;   {metadata({method} {0x00000204a3493140} 'log' '(Ljava/lang/String;)V' in 'ui/utils/x')}
  0x000002044972a9b0: c406 49ba | 3831 49a3 | 0402 0000 | 4c89 5424 | 0848 c704 | 24ff ffff 

  0x000002044972a9c8: ;   {runtime_call counter_overflow Runtime1 stub}
  0x000002044972a9c8: ffe8 3205 

  0x000002044972a9cc: ; ImmutableOopMap {rax=Oop [208]=Oop [216]=Oop [304]=Oop }
                      ;*synchronization entry
                      ; - ui.utils.x::log@-1 (line 2111)
                      ; - ui.frmwork.I::i@218 (line 197)
  0x000002044972a9cc: c506 e9c9 

  0x000002044972a9d0: ;   {metadata({method} {0x00000204a3f550d0} 'acU' '(Ljava/lang/String;)Ljava/lang/StringBuilder;' in 'ui/frmwork/str/robot/m')}
  0x000002044972a9d0: dfff ff49 | bac8 50f5 | a304 0200 | 004c 8954 | 2408 48c7 | 0424 ffff 

  0x000002044972a9e8: ;   {runtime_call counter_overflow Runtime1 stub}
  0x000002044972a9e8: ffff e811 

  0x000002044972a9ec: ; ImmutableOopMap {rax=Oop [208]=Oop [216]=Oop [304]=Oop }
                      ;*synchronization entry
                      ; - ui.frmwork.str.robot.m::acU@-1 (line 278)
                      ; - ui.utils.x::log@1 (line 2111)
                      ; - ui.frmwork.I::i@218 (line 197)
  0x000002044972a9ec: 05c5 06e9 | e7df ffff 

  0x000002044972a9f4: ;   {runtime_call throw_null_pointer_exception Runtime1 stub}
  0x000002044972a9f4: e887 a0c4 

  0x000002044972a9f8: ; ImmutableOopMap {rdx=Oop r8=Oop [208]=Oop [216]=Oop [304]=Oop }
                      ;*synchronization entry
                      ; - ui.frmwork.str.a::l@-1 (line 390)
                      ; - ui.utils.x::log@4 (line 2111)
                      ; - ui.frmwork.I::i@218 (line 197)
  0x000002044972a9f8: 064c 8944 | 2408 4889 

  0x000002044972aa00: ;   {runtime_call monitorenter_nofpu Runtime1 stub}
  0x000002044972aa00: 3424 e879 

  0x000002044972aa04: ; ImmutableOopMap {rdx=Oop r8=Oop [208]=Oop [216]=Oop [304]=Oop [424]=Oop }
                      ;*synchronization entry
                      ; - ui.frmwork.str.a::l@-1 (line 390)
                      ; - ui.utils.x::log@4 (line 2111)
                      ; - ui.frmwork.I::i@218 (line 197)
  0x000002044972aa04: d0c4 06e9 | 59e0 ffff 

  0x000002044972aa0c: ;   {metadata({method} {0x00000204a4039480} 'l' '(Ljava/lang/StringBuilder;)V' in 'ui/frmwork/str/a')}
  0x000002044972aa0c: 49ba 7894 | 03a4 0402 | 0000 4c89 | 5424 0848 | c704 24ff 

  0x000002044972aa20: ;   {runtime_call counter_overflow Runtime1 stub}
  0x000002044972aa20: ffff ffe8 

  0x000002044972aa24: ; ImmutableOopMap {rdx=Oop [208]=Oop [216]=Oop [304]=Oop [424]=Oop }
                      ;*synchronization entry
                      ; - ui.frmwork.str.a::l@-1 (line 390)
                      ; - ui.utils.x::log@4 (line 2111)
                      ; - ui.frmwork.I::i@218 (line 197)
  0x000002044972aa24: d804 c506 | e965 e0ff | ff48 8d84 | 24a0 0100 | 0048 8904 

  0x000002044972aa38: ;   {runtime_call monitorexit_nofpu Runtime1 stub}
  0x000002044972aa38: 24e8 42db | c406 e9bd 

  0x000002044972aa40: ;   {metadata({method} {0x00000204a4039e20} 'm' '(Ljava/lang/StringBuilder;)V' in 'ui/frmwork/str/a')}
  0x000002044972aa40: e0ff ff49 | ba18 9e03 | a404 0200 | 004c 8954 | 2408 48c7 | 0424 ffff 

  0x000002044972aa58: ;   {runtime_call counter_overflow Runtime1 stub}
  0x000002044972aa58: ffff e8a1 

  0x000002044972aa5c: ; ImmutableOopMap {rdx=Oop [208]=Oop [216]=Oop [304]=Oop [424]=Oop }
                      ;*synchronization entry
                      ; - ui.frmwork.str.a::m@-1 (line 545)
                      ; - ui.frmwork.str.a::l@6 (line 393)
                      ; - ui.utils.x::log@4 (line 2111)
                      ; - ui.frmwork.I::i@218 (line 197)
  0x000002044972aa5c: 04c5 06e9 | dde0 ffff 

  0x000002044972aa64: ;   {metadata({method} {0x00000204a3490148} 'jPn' '()Z' in 'ui/utils/x')}
  0x000002044972aa64: 49ba 4001 | 49a3 0402 | 0000 4c89 | 5424 0848 | c704 24ff 

  0x000002044972aa78: ;   {runtime_call counter_overflow Runtime1 stub}
  0x000002044972aa78: ffff ffe8 

  0x000002044972aa7c: ; ImmutableOopMap {rdx=Oop [208]=Oop [216]=Oop [304]=Oop [424]=Oop }
                      ;*synchronization entry
                      ; - ui.utils.x::jPn@-1 (line 1756)
                      ; - ui.frmwork.str.a::m@1 (line 545)
                      ; - ui.frmwork.str.a::l@6 (line 393)
                      ; - ui.utils.x::log@4 (line 2111)
                      ; - ui.frmwork.I::i@218 (line 197)
  0x000002044972aa7c: 8004 c506 | e9f8 e0ff | ff48 8d84 | 24a0 0100 | 0048 8904 

  0x000002044972aa90: ;   {runtime_call monitorexit_nofpu Runtime1 stub}
  0x000002044972aa90: 24e8 eada | c406 e94d 

  0x000002044972aa98: ;   {runtime_call throw_null_pointer_exception Runtime1 stub}
  0x000002044972aa98: e1ff ffe8 

  0x000002044972aa9c: ; ImmutableOopMap {rsi=Oop [216]=Oop [304]=Oop [368]=Oop }
                      ;*invokevirtual get {reexecute=0 rethrow=0 return_oop=0}
                      ; - ui.frmwork.I::i@304 (line 211)
  0x000002044972aa9c: e09f c406 | 4889 0424 

  0x000002044972aaa4: ;   {runtime_call throw_class_cast_exception Runtime1 stub}
  0x000002044972aaa4: e8d7 c3c4 

  0x000002044972aaa8: ; ImmutableOopMap {[216]=Oop [368]=Oop }
                      ;*checkcast {reexecute=0 rethrow=0 return_oop=0}
                      ; - ui.frmwork.I::i@307 (line 211)
                      ;   {runtime_call throw_null_pointer_exception Runtime1 stub}
  0x000002044972aaa8: 06e8 d29f 

  0x000002044972aaac: ; ImmutableOopMap {rax=Oop rsi=Oop [216]=Oop [368]=Oop [376]=Oop }
                      ;*invokevirtual get {reexecute=0 rethrow=0 return_oop=0}
                      ; - ui.frmwork.I::i@330 (line 214)
  0x000002044972aaac: c406 4889 

  0x000002044972aab0: ;   {runtime_call throw_class_cast_exception Runtime1 stub}
  0x000002044972aab0: 0424 e8c9 

  0x000002044972aab4: ; ImmutableOopMap {[216]=Oop [368]=Oop [376]=Oop }
                      ;*checkcast {reexecute=0 rethrow=0 return_oop=0}
                      ; - ui.frmwork.I::i@333 (line 214)
                      ;   {runtime_call throw_null_pointer_exception Runtime1 stub}
  0x000002044972aab4: c3c4 06e8 

  0x000002044972aab8: ; ImmutableOopMap {rdx=Oop [216]=Oop [368]=Oop [376]=Oop }
                      ;*invokevirtual d {reexecute=0 rethrow=0 return_oop=0}
                      ; - ui.frmwork.I::i@347 (line 216)
  0x000002044972aab8: c49f c406 | 4889 0424 

  0x000002044972aac0: ;   {runtime_call throw_class_cast_exception Runtime1 stub}
  0x000002044972aac0: e8bb c3c4 

  0x000002044972aac4: ; ImmutableOopMap {[216]=Oop [368]=Oop }
                      ;*checkcast {reexecute=0 rethrow=0 return_oop=0}
                      ; - ui.frmwork.I::i@366 (line 221)
                      ;   {runtime_call throw_null_pointer_exception Runtime1 stub}
  0x000002044972aac4: 06e8 b69f 

  0x000002044972aac8: ; ImmutableOopMap {rdx=Oop [216]=Oop [368]=Oop }
                      ;*invokevirtual d {reexecute=0 rethrow=0 return_oop=0}
                      ; - ui.frmwork.I::i@380 (line 223)
  0x000002044972aac8: c406 488b 

  0x000002044972aacc: ;   {runtime_call fast_new_instance Runtime1 stub}
  0x000002044972aacc: d2e8 aea8 

  0x000002044972aad0: ; ImmutableOopMap {[368]=Oop }
                      ;*new {reexecute=0 rethrow=0 return_oop=0}
                      ; - ui.frmwork.I::i@393 (line 227)
  0x000002044972aad0: c406 e9c9 

  0x000002044972aad4: ;   {metadata({method} {0x00000204620bc680} 'iterator' '()Ljava/util/Iterator;' in 'java/util/ArrayList')}
  0x000002044972aad4: e9ff ff49 | ba78 c60b | 6204 0200 | 004c 8954 | 2408 48c7 | 0424 ffff 

  0x000002044972aaec: ;   {runtime_call counter_overflow Runtime1 stub}
  0x000002044972aaec: ffff e80d 

  0x000002044972aaf0: ; ImmutableOopMap {[368]=Oop [392]=Oop }
                      ;*synchronization entry
                      ; - java.util.ArrayList::iterator@-1 (line 1029)
                      ; - ui.frmwork.I::i@413 (line 230)
  0x000002044972aaf0: 04c5 06e9 | 5ceb ffff 

  0x000002044972aaf8: ;   {runtime_call fast_new_instance Runtime1 stub}
  0x000002044972aaf8: 488b d2e8 

  0x000002044972aafc: ; ImmutableOopMap {[368]=Oop [392]=Oop }
                      ;*new {reexecute=0 rethrow=0 return_oop=0}
                      ; - java.util.ArrayList::iterator@0 (line 1029)
                      ; - ui.frmwork.I::i@413 (line 230)
  0x000002044972aafc: 80a8 c406 | e9a3 ebff 

  0x000002044972ab04: ;   {metadata({method} {0x0000020462189080} '<init>' '(Ljava/util/ArrayList;)V' in 'java/util/ArrayList$Itr')}
  0x000002044972ab04: ff49 ba78 | 9018 6204 | 0200 004c | 8954 2408 | 48c7 0424 | ffff ffff 

  0x000002044972ab1c: ;   {runtime_call counter_overflow Runtime1 stub}
  0x000002044972ab1c: e8df 03c5 

  0x000002044972ab20: ; ImmutableOopMap {rax=Oop [368]=Oop [392]=Oop [400]=Oop }
                      ;*synchronization entry
                      ; - java.util.ArrayList$Itr::<init>@-1 (line 1041)
                      ; - java.util.ArrayList::iterator@5 (line 1029)
                      ; - ui.frmwork.I::i@413 (line 230)
  0x000002044972ab20: 06e9 c7eb | ffff 8b50 | 1848 c1e2 | 0348 83fa | 000f 84c4 | ebff ff48 

  0x000002044972ab38: ;   {runtime_call g1_pre_barrier_slow}
  0x000002044972ab38: 8914 24e8 | c009 c506 | e9b6 ebff | ff48 83fa | 000f 84d3 | ebff ff48 

  0x000002044972ab50: ;   {runtime_call g1_post_barrier_slow}
  0x000002044972ab50: 8904 24e8 | a80c c506 | e9c5 ebff 

  0x000002044972ab5c: ;   {metadata({method} {0x0000020462479fd0} '<init>' '()V' in 'java/lang/Object')}
  0x000002044972ab5c: ff49 bac8 | 9f47 6204 | 0200 004c | 8954 2408 | 48c7 0424 | ffff ffff 

  0x000002044972ab74: ;   {runtime_call counter_overflow Runtime1 stub}
  0x000002044972ab74: e887 03c5 

  0x000002044972ab78: ; ImmutableOopMap {rax=Oop rdx=Oop [368]=Oop [400]=Oop }
                      ;*synchronization entry
                      ; - java.lang.Object::<init>@-1 (line 45)
                      ; - java.util.ArrayList$Itr::<init>@6 (line 1041)
                      ; - java.util.ArrayList::iterator@5 (line 1029)
                      ; - ui.frmwork.I::i@413 (line 230)
  0x000002044972ab78: 06e9 e1eb | ffff 4889 

  0x000002044972ab80: ;   {runtime_call throw_class_cast_exception Runtime1 stub}
  0x000002044972ab80: 0424 e8f9 

  0x000002044972ab84: ; ImmutableOopMap {[368]=Oop [400]=Oop }
                      ;*checkcast {reexecute=0 rethrow=0 return_oop=0}
                      ; - ui.frmwork.I::i@437 (line 230)
                      ;   {runtime_call throw_null_pointer_exception Runtime1 stub}
  0x000002044972ab84: c2c4 06e8 

  0x000002044972ab88: ; ImmutableOopMap {r8=Oop [368]=Oop [400]=Oop }
                      ;*invokevirtual jSZ {reexecute=0 rethrow=0 return_oop=0}
                      ; - ui.frmwork.I::i@444 (line 231)
  0x000002044972ab88: f49e c406 | 4889 1424 

  0x000002044972ab90: ;   {runtime_call throw_class_cast_exception Runtime1 stub}
  0x000002044972ab90: e8eb c2c4 

  0x000002044972ab94: ; ImmutableOopMap {r8=Oop [368]=Oop [400]=Oop }
                      ;*checkcast {reexecute=0 rethrow=0 return_oop=0}
                      ; - ui.frmwork.I::i@447 (line 231)
  0x000002044972ab94: 064c 8904 

  0x000002044972ab98: ;   {runtime_call throw_class_cast_exception Runtime1 stub}
  0x000002044972ab98: 24e8 e2c2 

  0x000002044972ab9c: ; ImmutableOopMap {rdx=Oop [368]=Oop [400]=Oop }
                      ;*checkcast {reexecute=0 rethrow=0 return_oop=0}
                      ; - ui.frmwork.I::i@455 (line 231)
                      ;   {runtime_call throw_null_pointer_exception Runtime1 stub}
  0x000002044972ab9c: c406 e8dd 

  0x000002044972aba0: ; ImmutableOopMap {rdx=Oop r8=Oop [368]=Oop [400]=Oop }
                      ;*invokeinterface handleTclEvent {reexecute=0 rethrow=0 return_oop=0}
                      ; - ui.frmwork.I::i@458 (line 231)
                      ;   {metadata({method} {0x00000204a3632ad0} 'i' '(JZ)V' in 'ui/frmwork/I')}
  0x000002044972aba0: 9ec4 0649 | bac8 2a63 | a304 0200 | 004c 8954 | 2408 48c7 | 0424 cf01 

  0x000002044972abb8: ;   {runtime_call counter_overflow Runtime1 stub}
  0x000002044972abb8: 0000 e841 

  0x000002044972abbc: ; ImmutableOopMap {[368]=Oop [400]=Oop }
                      ;*goto {reexecute=1 rethrow=0 return_oop=0}
                      ; - (reexecute) ui.frmwork.I::i@463 (line 232)
  0x000002044972abbc: 03c5 06e9 | 62f0 ffff 

  0x000002044972abc4: ;   {metadata({method} {0x00000204a3632ad0} 'i' '(JZ)V' in 'ui/frmwork/I')}
  0x000002044972abc4: 49ba c82a | 63a3 0402 | 0000 4c89 | 5424 0848 | c704 24d2 

  0x000002044972abd8: ;   {runtime_call counter_overflow Runtime1 stub}
  0x000002044972abd8: 0100 00e8 

  0x000002044972abdc: ; ImmutableOopMap {[368]=Oop }
                      ;*goto {reexecute=1 rethrow=0 return_oop=0}
                      ; - (reexecute) ui.frmwork.I::i@466 (line 233)
  0x000002044972abdc: 2003 c506 | e97a f1ff 

  0x000002044972abe4: ;   {runtime_call throw_null_pointer_exception Runtime1 stub}
  0x000002044972abe4: ffe8 969e 

  0x000002044972abe8: ; ImmutableOopMap {r8=Oop }
                      ;*invokeinterface size {reexecute=0 rethrow=0 return_oop=0}
                      ; - ui.frmwork.I::i@385 (line 226)
                      ;   {metadata({method} {0x00000204a3495640} 'Dg' '(Z)V' in 'ui/utils/x')}
  0x000002044972abe8: c406 49ba | 3856 49a3 | 0402 0000 | 4c89 5424 | 0848 c704 | 24ff ffff 

  0x000002044972ac00: ;   {runtime_call counter_overflow Runtime1 stub}
  0x000002044972ac00: ffe8 fa02 

  0x000002044972ac04: ; ImmutableOopMap {}
                      ;*synchronization entry
                      ; - ui.utils.x::Dg@-1 (line 2436)
                      ; - ui.frmwork.I::i@470 (line 235)
  0x000002044972ac04: c506 e9a6 

  0x000002044972ac08: ;   {internal_word}
  0x000002044972ac08: f2ff ff49 | bacb 9e72 | 4904 0200 | 004d 8997 | 6804 0000 

  0x000002044972ac1c: ;   {runtime_call SafepointBlob}
  0x000002044972ac1c: e9df aab8 

  0x000002044972ac20: ;   {runtime_call throw_null_pointer_exception Runtime1 stub}
  0x000002044972ac20: 06e8 5a9e 

  0x000002044972ac24: ; ImmutableOopMap {rsi=Oop [208]=Oop [216]=Oop }
                      ;*invokeinterface handleTclEvent {reexecute=0 rethrow=0 return_oop=0}
                      ; - ui.frmwork.I::i@238 (line 201)
                      ;   {runtime_call throw_null_pointer_exception Runtime1 stub}
  0x000002044972ac24: c406 e855 

  0x000002044972ac28: ; ImmutableOopMap {rdx=Oop rsi=Oop [208]=Oop }
                      ;*invokeinterface clear {reexecute=0 rethrow=0 return_oop=0}
                      ; - ui.frmwork.I::i@247 (line 202)
                      ;   {runtime_call throw_null_pointer_exception Runtime1 stub}
  0x000002044972ac28: 9ec4 06e8 

  0x000002044972ac2c: ; ImmutableOopMap {rdx=Oop }
                      ;*invokeinterface clear {reexecute=0 rethrow=0 return_oop=0}
                      ; - ui.frmwork.I::i@256 (line 203)
  0x000002044972ac2c: 509e c406 

  0x000002044972ac30: ;   {metadata({method} {0x00000204a3495640} 'Dg' '(Z)V' in 'ui/utils/x')}
  0x000002044972ac30: 49ba 3856 | 49a3 0402 | 0000 4c89 | 5424 0848 | c704 24ff 

  0x000002044972ac44: ;   {runtime_call counter_overflow Runtime1 stub}
  0x000002044972ac44: ffff ffe8 

  0x000002044972ac48: ; ImmutableOopMap {}
                      ;*synchronization entry
                      ; - ui.utils.x::Dg@-1 (line 2436)
                      ; - ui.frmwork.I::i@262 (line 204)
  0x000002044972ac48: b402 c506 | e9fd f4ff 

  0x000002044972ac50: ;   {internal_word}
  0x000002044972ac50: ff49 ba67 | a172 4904 | 0200 004d | 8997 6804 

  0x000002044972ac60: ;   {runtime_call SafepointBlob}
  0x000002044972ac60: 0000 e999 

  0x000002044972ac64: ;   {metadata({method} {0x00000204a3495640} 'Dg' '(Z)V' in 'ui/utils/x')}
  0x000002044972ac64: aab8 0649 | ba38 5649 | a304 0200 | 004c 8954 | 2408 48c7 | 0424 ffff 

  0x000002044972ac7c: ;   {runtime_call counter_overflow Runtime1 stub}
  0x000002044972ac7c: ffff e87d 

  0x000002044972ac80: ; ImmutableOopMap {}
                      ;*synchronization entry
                      ; - ui.utils.x::Dg@-1 (line 2436)
                      ; - ui.frmwork.I::i@146 (line 187)
  0x000002044972ac80: 02c5 06e9 | 33f5 ffff 

  0x000002044972ac88: ;   {internal_word}
  0x000002044972ac88: 49ba d4a1 | 7249 0402 | 0000 4d89 | 9768 0400 

  0x000002044972ac98: ;   {runtime_call SafepointBlob}
  0x000002044972ac98: 00e9 62aa 

  0x000002044972ac9c: ;   {metadata({method} {0x00000204a3495640} 'Dg' '(Z)V' in 'ui/utils/x')}
  0x000002044972ac9c: b806 49ba | 3856 49a3 | 0402 0000 | 4c89 5424 | 0848 c704 | 24ff ffff 

  0x000002044972acb4: ;   {runtime_call counter_overflow Runtime1 stub}
  0x000002044972acb4: ffe8 4602 

  0x000002044972acb8: ; ImmutableOopMap {}
                      ;*synchronization entry
                      ; - ui.utils.x::Dg@-1 (line 2436)
                      ; - ui.frmwork.I::i@82 (line 176)
  0x000002044972acb8: c506 e95d 

  0x000002044972acbc: ;   {internal_word}
  0x000002044972acbc: f5ff ff49 | ba35 a272 | 4904 0200 | 004d 8997 | 6804 0000 

  0x000002044972acd0: ;   {runtime_call SafepointBlob}
  0x000002044972acd0: e92b aab8 | 0648 8bd2 

  0x000002044972acd8: ;   {runtime_call fast_new_instance Runtime1 stub}
  0x000002044972acd8: e8a3 a6c4 

  0x000002044972acdc: ; ImmutableOopMap {[208]=Oop [216]=Oop [304]=Oop [320]=Oop }
                      ;*new {reexecute=0 rethrow=0 return_oop=0}
                      ; - java.lang.StringConcatHelper::newArray@16 (line 509)
                      ; - java.lang.StringConcatHelper::simpleConcat@61 (line 435)
                      ; - java.lang.invoke.DirectMethodHandle$Holder::invokeStatic@11
                      ; - java.lang.invoke.LambdaForm$MH/0x00000204630c0000::invoke@21
                      ; - java.lang.invoke.Invokers$Holder::linkToTargetMethod@5
                      ; - ui.frmwork.I::i@178 (line 194)
  0x000002044972acdc: 06e9 b9f5 | ffff 488d | 8424 a001 | 0000 4889 

  0x000002044972acec: ;   {runtime_call monitorexit_nofpu Runtime1 stub}
  0x000002044972acec: 0424 e88d | d8c4 06e9 | 3bf6 ffff | 498b 8700 | 0500 0049 | c787 0005 | 0000 0000 | 0000 49c7 
  0x000002044972ad0c: 8708 0500 | 0000 0000 | 0048 81c4 | c001 0000 

  0x000002044972ad1c: ;   {runtime_call unwind_exception Runtime1 stub}
  0x000002044972ad1c: 5de9 5e8e | c406 f4f4 | f4f4 f4f4 
[Stub Code]
  0x000002044972ad28: ;   {no_reloc}
  0x000002044972ad28: 0f1f 4400 

  0x000002044972ad2c: ;   {static_stub}
  0x000002044972ad2c: 0048 bb00 | 0000 0000 

  0x000002044972ad34: ;   {runtime_call}
  0x000002044972ad34: 0000 00e9 | fbff ffff 

  0x000002044972ad3c: ;   {static_stub}
  0x000002044972ad3c: 9048 bb00 | 0000 0000 

  0x000002044972ad44: ;   {runtime_call}
  0x000002044972ad44: 0000 00e9 | fbff ffff 

  0x000002044972ad4c: ;   {static_stub}
  0x000002044972ad4c: 9048 bb00 | 0000 0000 

  0x000002044972ad54: ;   {runtime_call}
  0x000002044972ad54: 0000 00e9 | fbff ffff 

  0x000002044972ad5c: ;   {static_stub}
  0x000002044972ad5c: 9048 bb00 | 0000 0000 

  0x000002044972ad64: ;   {runtime_call}
  0x000002044972ad64: 0000 00e9 | fbff ffff 

  0x000002044972ad6c: ;   {static_stub}
  0x000002044972ad6c: 9048 bb00 | 0000 0000 

  0x000002044972ad74: ;   {runtime_call}
  0x000002044972ad74: 0000 00e9 | fbff ffff 

  0x000002044972ad7c: ;   {static_stub}
  0x000002044972ad7c: 9048 bb00 | 0000 0000 

  0x000002044972ad84: ;   {runtime_call}
  0x000002044972ad84: 0000 00e9 | fbff ffff 

  0x000002044972ad8c: ;   {static_stub}
  0x000002044972ad8c: 9048 bb00 | 0000 0000 

  0x000002044972ad94: ;   {runtime_call}
  0x000002044972ad94: 0000 00e9 | fbff ffff 

  0x000002044972ad9c: ;   {static_stub}
  0x000002044972ad9c: 9048 bb00 | 0000 0000 

  0x000002044972ada4: ;   {runtime_call}
  0x000002044972ada4: 0000 00e9 | fbff ffff 

  0x000002044972adac: ;   {static_stub}
  0x000002044972adac: 9048 bb00 | 0000 0000 

  0x000002044972adb4: ;   {runtime_call}
  0x000002044972adb4: 0000 00e9 | fbff ffff 

  0x000002044972adbc: ;   {static_stub}
  0x000002044972adbc: 9048 bb00 | 0000 0000 

  0x000002044972adc4: ;   {runtime_call}
  0x000002044972adc4: 0000 00e9 | fbff ffff 

  0x000002044972adcc: ;   {static_stub}
  0x000002044972adcc: 9048 bb00 | 0000 0000 

  0x000002044972add4: ;   {runtime_call}
  0x000002044972add4: 0000 00e9 | fbff ffff 

  0x000002044972addc: ;   {static_stub}
  0x000002044972addc: 9048 bb00 | 0000 0000 

  0x000002044972ade4: ;   {runtime_call}
  0x000002044972ade4: 0000 00e9 | fbff ffff 

  0x000002044972adec: ;   {static_stub}
  0x000002044972adec: 9048 bb00 | 0000 0000 

  0x000002044972adf4: ;   {runtime_call}
  0x000002044972adf4: 0000 00e9 | fbff ffff 

  0x000002044972adfc: ;   {static_stub}
  0x000002044972adfc: 9048 bb00 | 0000 0000 

  0x000002044972ae04: ;   {runtime_call}
  0x000002044972ae04: 0000 00e9 | fbff ffff 

  0x000002044972ae0c: ;   {static_stub}
  0x000002044972ae0c: 9048 bba8 | 8e65 a304 

  0x000002044972ae14: ;   {runtime_call I2C/C2I adapters}
  0x000002044972ae14: 0200 00e9 | cb93 b806 

  0x000002044972ae1c: ;   {static_stub}
  0x000002044972ae1c: 9048 bb00 | 0000 0000 

  0x000002044972ae24: ;   {runtime_call}
  0x000002044972ae24: 0000 00e9 | fbff ffff 

  0x000002044972ae2c: ;   {static_stub}
  0x000002044972ae2c: 9048 bba8 | 8e65 a304 

  0x000002044972ae34: ;   {runtime_call I2C/C2I adapters}
  0x000002044972ae34: 0200 00e9 | ab93 b806 

  0x000002044972ae3c: ;   {static_stub}
  0x000002044972ae3c: 9048 bb00 | 0000 0000 

  0x000002044972ae44: ;   {runtime_call}
  0x000002044972ae44: 0000 00e9 | fbff ffff 

  0x000002044972ae4c: ;   {static_stub}
  0x000002044972ae4c: 9048 bb00 | 0000 0000 

  0x000002044972ae54: ;   {runtime_call}
  0x000002044972ae54: 0000 00e9 | fbff ffff 

  0x000002044972ae5c: ;   {static_stub}
  0x000002044972ae5c: 9048 bb00 | 0000 0000 

  0x000002044972ae64: ;   {runtime_call}
  0x000002044972ae64: 0000 00e9 | fbff ffff 

  0x000002044972ae6c: ;   {static_stub}
  0x000002044972ae6c: 9048 bb00 | 0000 0000 

  0x000002044972ae74: ;   {runtime_call}
  0x000002044972ae74: 0000 00e9 | fbff ffff 

  0x000002044972ae7c: ;   {static_stub}
  0x000002044972ae7c: 9048 bb00 | 0000 0000 

  0x000002044972ae84: ;   {runtime_call}
  0x000002044972ae84: 0000 00e9 | fbff ffff 

  0x000002044972ae8c: ;   {static_stub}
  0x000002044972ae8c: 9048 bb00 | 0000 0000 

  0x000002044972ae94: ;   {runtime_call}
  0x000002044972ae94: 0000 00e9 | fbff ffff 

  0x000002044972ae9c: ;   {static_stub}
  0x000002044972ae9c: 9048 bb00 | 0000 0000 

  0x000002044972aea4: ;   {runtime_call}
  0x000002044972aea4: 0000 00e9 | fbff ffff 

  0x000002044972aeac: ;   {static_stub}
  0x000002044972aeac: 9048 bb00 | 0000 0000 

  0x000002044972aeb4: ;   {runtime_call}
  0x000002044972aeb4: 0000 00e9 | fbff ffff 

  0x000002044972aebc: ;   {static_stub}
  0x000002044972aebc: 48bb 0000 | 0000 0000 

  0x000002044972aec4: ;   {runtime_call}
  0x000002044972aec4: 0000 e9fb 

  0x000002044972aec8: ;   {static_stub}
  0x000002044972aec8: ffff ff48 | bb00 0000 | 0000 0000 

  0x000002044972aed4: ;   {runtime_call}
  0x000002044972aed4: 00e9 fbff 

  0x000002044972aed8: ;   {static_stub}
  0x000002044972aed8: ffff 48bb | 0000 0000 | 0000 0000 

  0x000002044972aee4: ;   {runtime_call}
  0x000002044972aee4: e9fb ffff 

  0x000002044972aee8: ;   {static_stub}
  0x000002044972aee8: ff48 bb00 | 0000 0000 

  0x000002044972aef0: ;   {runtime_call}
  0x000002044972aef0: 0000 00e9 | fbff ffff 

  0x000002044972aef8: ;   {static_stub}
  0x000002044972aef8: 48bb 0000 | 0000 0000 

  0x000002044972af00: ;   {runtime_call}
  0x000002044972af00: 0000 e9fb 

  0x000002044972af04: ;   {static_stub}
  0x000002044972af04: ffff ff48 | bb00 0000 | 0000 0000 

  0x000002044972af10: ;   {runtime_call}
  0x000002044972af10: 00e9 fbff 

  0x000002044972af14: ;   {static_stub}
  0x000002044972af14: ffff 48bb | 60ac 63a3 | 0402 0000 

  0x000002044972af20: ;   {runtime_call I2C/C2I adapters}
  0x000002044972af20: e93e 18b6 

  0x000002044972af24: ;   {static_stub}
  0x000002044972af24: 0648 bbe0 | 9f63 a304 

  0x000002044972af2c: ;   {runtime_call I2C/C2I adapters}
  0x000002044972af2c: 0200 00e9 | 2f18 b606 

  0x000002044972af34: ;   {static_stub}
  0x000002044972af34: 48bb 0000 | 0000 0000 

  0x000002044972af3c: ;   {runtime_call}
  0x000002044972af3c: 0000 e9fb 

  0x000002044972af40: ;   {static_stub}
  0x000002044972af40: ffff ff48 | bb00 0000 | 0000 0000 

  0x000002044972af4c: ;   {runtime_call}
  0x000002044972af4c: 00e9 fbff 

  0x000002044972af50: ;   {static_stub}
  0x000002044972af50: ffff 48bb | 0000 0000 | 0000 0000 

  0x000002044972af5c: ;   {runtime_call}
  0x000002044972af5c: e9fb ffff 

  0x000002044972af60: ;   {static_stub}
  0x000002044972af60: ff48 bb00 | 0000 0000 

  0x000002044972af68: ;   {runtime_call}
  0x000002044972af68: 0000 00e9 | fbff ffff 

  0x000002044972af70: ;   {static_stub}
  0x000002044972af70: 48bb 0000 | 0000 0000 

  0x000002044972af78: ;   {runtime_call}
  0x000002044972af78: 0000 e9fb 

  0x000002044972af7c: ;   {static_stub}
  0x000002044972af7c: ffff ff48 | bb00 0000 | 0000 0000 

  0x000002044972af88: ;   {runtime_call}
  0x000002044972af88: 00e9 fbff 

  0x000002044972af8c: ;   {static_stub}
  0x000002044972af8c: ffff 48bb | 0000 0000 | 0000 0000 

  0x000002044972af98: ;   {runtime_call}
  0x000002044972af98: e9fb ffff 

  0x000002044972af9c: ;   {static_stub}
  0x000002044972af9c: ff48 bb00 | 0000 0000 

  0x000002044972afa4: ;   {runtime_call}
  0x000002044972afa4: 0000 00e9 | fbff ffff 
[Exception Handler]
  0x000002044972afac: ;   {runtime_call handle_exception_from_callee Runtime1 stub}
  0x000002044972afac: e8cf b8c4 

  0x000002044972afb0: ;   {external_word}
  0x000002044972afb0: 0648 b950 | e0cd edf8 | 7f00 0048 

  0x000002044972afbc: ;   {runtime_call}
  0x000002044972afbc: 83e4 f048 | b850 ef90 | edf8 7f00 | 00ff d0f4 
[Deopt Handler Code]
  0x000002044972afcc: ;   {section_word}
  0x000002044972afcc: 49ba ccaf | 7249 0402 | 0000 4152 

  0x000002044972afd8: ;   {runtime_call DeoptimizationBlob}
  0x000002044972afd8: e9c3 99b8 | 06f4 f4f4 
[/MachCode]


Compiled method (c1) 2230335 36334   !   3       ui.frmwork.I::fireTclEvent (113 bytes)
 total in heap  [0x000002044a5cbf10,0x000002044a5cea18] = 11016
 relocation     [0x000002044a5cc070,0x000002044a5cc318] = 680
 main code      [0x000002044a5cc320,0x000002044a5cddd8] = 6840
 stub code      [0x000002044a5cddd8,0x000002044a5cdf00] = 296
 oops           [0x000002044a5cdf00,0x000002044a5cdf20] = 32
 metadata       [0x000002044a5cdf20,0x000002044a5cdff0] = 208
 scopes data    [0x000002044a5cdff0,0x000002044a5ce2f0] = 768
 scopes pcs     [0x000002044a5ce2f0,0x000002044a5ce690] = 928
 dependencies   [0x000002044a5ce690,0x000002044a5ce6a0] = 16
 handler table  [0x000002044a5ce6a0,0x000002044a5ce9d0] = 816
 nul chk table  [0x000002044a5ce9d0,0x000002044a5cea18] = 72

[Constant Pool (empty)]

[MachCode]
[Entry Point]
  # {method} {0x00000204a3632898} 'fireTclEvent' '(J)I' in 'ui/frmwork/I'
  # this:     rdx:rdx   = 'ui/frmwork/I'
  # parm0:    r8:r8     = long
  #           [sp+0x120]  (sp of caller)
  0x000002044a5cc320: 448b 5208 | 49bb 0000 | 0062 0402 | 0000 4d03 | d34c 3bd0 

  0x000002044a5cc334: ;   {runtime_call ic_miss_stub}
  0x000002044a5cc334: 0f85 4624 | ce05 660f | 1f44 0000 
[Verified Entry Point]
  0x000002044a5cc340: 8984 2400 | 80ff ff55 | 4881 ec10 | 0100 0090 | 4181 7f20 | 3400 0000 

  0x000002044a5cc358: ;   {runtime_call StubRoutines (final stubs)}
  0x000002044a5cc358: 7405 e801 | 8acc 0548 | 8994 24b0 | 0000 004c | 8984 24a8 

  0x000002044a5cc36c: ;   {metadata(method data for {method} {0x00000204a3632898} 'fireTclEvent' '(J)I' in 'ui/frmwork/I')}
  0x000002044a5cc36c: 0000 0048 | bec0 dbb1 | ca04 0200 | 008b becc | 0000 0083 | c702 89be | cc00 0000 | 81e7 fe07 
  0x000002044a5cc38c: 0000 83ff | 000f 84b7 | 1500 0048 

  0x000002044a5cc398: ;   {metadata(method data for {method} {0x00000204a3632898} 'fireTclEvent' '(J)I' in 'ui/frmwork/I')}
  0x000002044a5cc398: 8bf2 48bf | c0db b1ca | 0402 0000 | 4883 8710 | 0100 0001 | 498b f04c | 8bc6 488b | fa48 8bd7 
  0x000002044a5cc3b8: 0f1f 8000 

  0x000002044a5cc3bc: ;   {optimized virtual_call}
  0x000002044a5cc3bc: 0000 00e8 

  0x000002044a5cc3c0: ; ImmutableOopMap {[176]=Oop }
                      ;*invokevirtual dP {reexecute=0 rethrow=0 return_oop=0}
                      ; - ui.frmwork.I::fireTclEvent@4 (line 104)
  0x000002044a5cc3c0: 7c0a 3eff 

  0x000002044a5cc3c4: ;   {other}
  0x000002044a5cc3c4: 0f1f 8400 | b404 0000 

  0x000002044a5cc3cc: ;   {metadata('ui/frmwork/a/v')}
  0x000002044a5cc3cc: 48ba b0d2 | 0c63 0402 | 0000 498b | 87b8 0100 | 0048 8d78 | 1849 3bbf | c801 0000 | 0f87 8115 
  0x000002044a5cc3ec: 0000 4989 | bfb8 0100 | 0048 c700 | 0100 0000 | 488b ca49 | ba00 0000 | 6204 0200 | 0049 2bca 
  0x000002044a5cc40c: 8948 0848 | 33c9 8948 | 0c48 33c9 | 4889 4810 

  0x000002044a5cc41c: ;   {metadata(method data for {method} {0x00000204a3632898} 'fireTclEvent' '(J)I' in 'ui/frmwork/I')}
  0x000002044a5cc41c: 488b d048 | bec0 dbb1 | ca04 0200 | 0048 8386 | 4801 0000 

  0x000002044a5cc430: ;   {metadata(method data for {method} {0x00000204a36d40a8} '<init>' '(J)V' in 'ui/frmwork/a/v')}
  0x000002044a5cc430: 0148 ba98 | 9ef8 c904 | 0200 008b | b2cc 0000 | 0083 c602 | 89b2 cc00 | 0000 81e6 | feff 1f00 
  0x000002044a5cc450: 83fe 000f | 8423 1500 | 0048 8bd0 

  0x000002044a5cc45c: ;   {metadata(method data for {method} {0x00000204a36d40a8} '<init>' '(J)V' in 'ui/frmwork/a/v')}
  0x000002044a5cc45c: 48be 989e | f8c9 0402 | 0000 4883 | 8610 0100 

  0x000002044a5cc46c: ;   {metadata(method data for {method} {0x0000020462479fd0} '<init>' '()V' in 'java/lang/Object')}
  0x000002044a5cc46c: 0001 48ba | 5075 00a3 | 0402 0000 | 8bb2 cc00 | 0000 83c6 | 0289 b2cc | 0000 0081 | e6fe ff1f 
  0x000002044a5cc48c: 0083 fe00 | 0f84 0715 | 0000 4c8b | 8424 a800 | 0000 4c89 | 4010 488b 

  0x000002044a5cc4a4: ;   {metadata(method data for {method} {0x00000204a3632898} 'fireTclEvent' '(J)I' in 'ui/frmwork/I')}
  0x000002044a5cc4a4: d048 bec0 | dbb1 ca04 

  0x000002044a5cc4ac: ;   {metadata('ui/frmwork/a/v')}
  0x000002044a5cc4ac: 0200 0049 | bab0 d20c | 6304 0200 | 004c 8996 | 6801 0000 | 4883 8670 | 0100 0001 

  0x000002044a5cc4c8: ;   {metadata(method data for {method} {0x00000204a36d4218} 'iSQ' '()Lui/frmwork/a/v$a;' in 'ui/frmwork/a/v')}
  0x000002044a5cc4c8: 48ba e87c | d8c9 0402 | 0000 8bb2 | cc00 0000 | 83c6 0289 | b2cc 0000 | 0081 e6fe | ff1f 0083 
  0x000002044a5cc4e8: fe00 0f84 | ce14 0000 

  0x000002044a5cc4f0: ;   {metadata(method data for {method} {0x00000204a36d4218} 'iSQ' '()Lui/frmwork/a/v$a;' in 'ui/frmwork/a/v')}
  0x000002044a5cc4f0: 48ba e87c | d8c9 0402 | 0000 4883 | 8210 0100 | 0001 498b | d048 8984 | 24b8 0000 

  0x000002044a5cc50c: ;   {static_call}
  0x000002044a5cc50c: 0066 90e8 

  0x000002044a5cc510: ; ImmutableOopMap {[176]=Oop [184]=Oop }
                      ;*invokestatic GuiEventBase_getType {reexecute=0 rethrow=0 return_oop=0}
                      ; - ui.frmwork.a.v::iSQ@4 (line 36)
                      ; - ui.frmwork.I::fireTclEvent@19 (line 107)
  0x000002044a5cc510: cc10 e806 

  0x000002044a5cc514: ;   {other}
  0x000002044a5cc514: 0f1f 8400 | 0406 0001 

  0x000002044a5cc51c: ;   {metadata(method data for {method} {0x00000204a36d4218} 'iSQ' '()Lui/frmwork/a/v$a;' in 'ui/frmwork/a/v')}
  0x000002044a5cc51c: 48ba e87c | d8c9 0402 | 0000 4883 | 8220 0100 

  0x000002044a5cc52c: ;   {metadata(method data for {method} {0x00000204a36d4160} 'UR' '(I)Lui/frmwork/a/v$a;' in 'ui/frmwork/a/v')}
  0x000002044a5cc52c: 0001 48ba | f09d 14c9 | 0402 0000 | 8bb2 cc00 | 0000 83c6 | 0289 b2cc | 0000 0081 | e6fe ff1f 
  0x000002044a5cc54c: 0083 fe00 | 0f84 8914 

  0x000002044a5cc554: ;   {oop(a 'java/lang/Class'{0x000000068086a2a8} = 'ui/frmwork/a/v')}
  0x000002044a5cc554: 0000 48ba | a8a2 8680 | 0600 0000 | 8b72 7048 

  0x000002044a5cc564: ;   {metadata(method data for {method} {0x00000204a36d4160} 'UR' '(I)Lui/frmwork/a/v$a;' in 'ui/frmwork/a/v')}
  0x000002044a5cc564: c1e6 0348 | baf0 9d14 | c904 0200 | 0048 8382 | 1001 0000 | 0148 8bd0 | 8984 24c8 | 0000 0048 
  0x000002044a5cc584: 89b4 24c0 | 0000 000f 

  0x000002044a5cc58c: ;   {static_call}
  0x000002044a5cc58c: 1f40 00e8 

  0x000002044a5cc590: ; ImmutableOopMap {[176]=Oop [184]=Oop [192]=Oop }
                      ;*invokestatic valueOf {reexecute=0 rethrow=0 return_oop=0}
                      ; - ui.frmwork.a.v::UR@4 (line 29)
                      ; - ui.frmwork.a.v::iSQ@7 (line 36)
                      ; - ui.frmwork.I::fireTclEvent@19 (line 107)
  0x000002044a5cc590: 8c3b 6106 

  0x000002044a5cc594: ;   {other}
  0x000002044a5cc594: 0f1f 8400 | 8406 0002 | 488b b424 | c000 0000 

  0x000002044a5cc5a4: ; implicit exception: dispatches to 0x000002044a5cda00
  0x000002044a5cc5a4: 483b 064c 

  0x000002044a5cc5a8: ;   {metadata(method data for {method} {0x00000204a36d4160} 'UR' '(I)Lui/frmwork/a/v$a;' in 'ui/frmwork/a/v')}
  0x000002044a5cc5a8: 8bc6 48ba | f09d 14c9 | 0402 0000 | 458b 4008 | 49ba 0000 | 0062 0402 | 0000 4d03 | c24c 3b82 
  0x000002044a5cc5c8: 3001 0000 | 750d 4883 | 8238 0100 | 0001 e960 | 0000 004c | 3b82 4001 | 0000 750d | 4883 8248 
  0x000002044a5cc5e8: 0100 0001 | e94a 0000 | 0048 83ba | 3001 0000 | 0075 174c | 8982 3001 | 0000 48c7 | 8238 0100 
  0x000002044a5cc608: 0001 0000 | 00e9 2900 | 0000 4883 | ba40 0100 | 0000 7517 | 4c89 8240 | 0100 0048 | c782 4801 
  0x000002044a5cc628: 0000 0100 | 0000 e908 | 0000 0048 | 8382 2001 | 0000 014c | 8bc0 488b | d60f 1f40 | 0048 b8b0 
  0x000002044a5cc648: cb08 6204 

  0x000002044a5cc64c: ;   {virtual_call}
  0x000002044a5cc64c: 0200 00e8 

  0x000002044a5cc650: ; ImmutableOopMap {[176]=Oop [184]=Oop }
                      ;*invokevirtual get {reexecute=0 rethrow=0 return_oop=0}
                      ; - ui.frmwork.a.v::UR@7 (line 29)
                      ; - ui.frmwork.a.v::iSQ@7 (line 36)
                      ; - ui.frmwork.I::fireTclEvent@19 (line 107)
  0x000002044a5cc650: 6c98 9507 

  0x000002044a5cc654: ;   {other}
  0x000002044a5cc654: 0f1f 8400 | 4407 0003 | 4883 f800 

  0x000002044a5cc660: ;   {metadata(method data for {method} {0x00000204a36d4160} 'UR' '(I)Lui/frmwork/a/v$a;' in 'ui/frmwork/a/v')}
  0x000002044a5cc660: 7516 48bf | f09d 14c9 | 0402 0000 | 808f 5101 | 0000 01e9 | e800 0000 

  0x000002044a5cc678: ;   {metadata('ui/frmwork/a/v$a')}
  0x000002044a5cc678: 48bb 9094 | 0063 0402 | 0000 8b78 | 0849 ba00 | 0000 6204 | 0200 0049 | 03fa 483b | 5f20 0f84 
  0x000002044a5cc698: 1b00 0000 | 483b fb0f | 8412 0000 

  0x000002044a5cc6a4: ;   {runtime_call slow_subtype_check Runtime1 stub}
  0x000002044a5cc6a4: 0057 53e8 | d4ad da05 | 5f5f 83ff | 000f 848d 

  0x000002044a5cc6b4: ;   {metadata(method data for {method} {0x00000204a36d4160} 'UR' '(I)Lui/frmwork/a/v$a;' in 'ui/frmwork/a/v')}
  0x000002044a5cc6b4: 0000 0048 | bff0 9d14 | c904 0200 | 008b 5808 | 49ba 0000 | 0062 0402 | 0000 4903 | da48 3b9f 
  0x000002044a5cc6d4: 6801 0000 | 750d 4883 | 8770 0100 | 0001 e979 | 0000 0048 | 3b9f 7801 | 0000 750d | 4883 8780 
  0x000002044a5cc6f4: 0100 0001 | e963 0000 | 0048 83bf | 6801 0000 | 0075 1748 | 899f 6801 | 0000 48c7 | 8770 0100 
  0x000002044a5cc714: 0001 0000 | 00e9 4200 | 0000 4883 | bf78 0100 | 0000 7517 | 4889 9f78 | 0100 0048 | c787 8001 
  0x000002044a5cc734: 0000 0100 | 0000 e921 | 0000 00e9 | 1c00 0000 

  0x000002044a5cc744: ;   {metadata(method data for {method} {0x00000204a36d4160} 'UR' '(I)Lui/frmwork/a/v$a;' in 'ui/frmwork/a/v')}
  0x000002044a5cc744: 48bf f09d | 14c9 0402 | 0000 4883 | af58 0100 | 0001 e9aa | 1200 00e9 | 0000 0000 | 488b d048 
  0x000002044a5cc764: ;   {metadata(method data for {method} {0x00000204a36d4160} 'UR' '(I)Lui/frmwork/a/v$a;' in 'ui/frmwork/a/v')}
  0x000002044a5cc764: 83fa 0048 | bef0 9d14 | c904 0200 | 0048 bf90 | 0100 0000 | 0000 000f | 850a 0000 | 0048 bfa0 
  0x000002044a5cc784: 0100 0000 | 0000 0048 | 8b1c 3e48 | 8d5b 0148 | 891c 3e0f | 8532 0000 | 008b 8424 | c800 0000 
  0x000002044a5cc7a4: ;   {metadata(method data for {method} {0x00000204a36d4160} 'UR' '(I)Lui/frmwork/a/v$a;' in 'ui/frmwork/a/v')}
  0x000002044a5cc7a4: 48ba f09d | 14c9 0402 | 0000 4883 | 82b0 0100 | 0001 4863 | c048 8bd0 

  0x000002044a5cc7bc: ;   {static_call}
  0x000002044a5cc7bc: 6666 90e8 

  0x000002044a5cc7c0: ; ImmutableOopMap {[176]=Oop [184]=Oop }
                      ;*invokestatic dU {reexecute=0 rethrow=0 return_oop=0}
                      ; - ui.frmwork.a.v::UR@20 (line 31)
                      ; - ui.frmwork.a.v::iSQ@7 (line 36)
                      ; - ui.frmwork.I::fireTclEvent@19 (line 107)
  0x000002044a5cc7c0: 6616 0000 

  0x000002044a5cc7c4: ;   {other}
  0x000002044a5cc7c4: 0f1f 8400 | b408 0004 

  0x000002044a5cc7cc: ;   {oop(a 'ui/frmwork/a/z'{0x00000006821ac948})}
  0x000002044a5cc7cc: 488b d049 | ba48 c91a | 8206 0000 | 0049 3bd2 

  0x000002044a5cc7dc: ;   {metadata(method data for {method} {0x00000204a3632898} 'fireTclEvent' '(J)I' in 'ui/frmwork/I')}
  0x000002044a5cc7dc: 49b8 c0db | b1ca 0402 | 0000 49b9 | a001 0000 | 0000 0000 | 0f84 0a00 | 0000 49b9 | 9001 0000 
  0x000002044a5cc7fc: 0000 0000 | 4b8b 1408 | 488d 5201 | 4b89 1408 | 0f84 f50e | 0000 488b | 9424 b000 

  0x000002044a5cc818: ;   {metadata(method data for {method} {0x00000204a3632898} 'fireTclEvent' '(J)I' in 'ui/frmwork/I')}
  0x000002044a5cc818: 0000 49b8 | c0db b1ca | 0402 0000 

  0x000002044a5cc824: ;   {metadata('ui/frmwork/I')}
  0x000002044a5cc824: 49ba 0854 | 0c63 0402 | 0000 4d89 | 90c0 0100 | 0049 8380 | c801 0000 | 014c 8b84 | 24a8 0000 
  0x000002044a5cc844: 0041 b900 | 0000 0048 | 8b94 24b0 | 0000 000f 

  0x000002044a5cc854: ;   {optimized virtual_call}
  0x000002044a5cc854: 1f40 00e8 

  0x000002044a5cc858: ; ImmutableOopMap {[176]=Oop [184]=Oop }
                      ;*invokevirtual i {reexecute=0 rethrow=0 return_oop=0}
                      ; - ui.frmwork.I::fireTclEvent@37 (line 112)
  0x000002044a5cc858: c495 15ff 

  0x000002044a5cc85c: ;   {other}
  0x000002044a5cc85c: 0f1f 8400 | 4c09 0005 

  0x000002044a5cc864: ;   {metadata(method data for {method} {0x00000204a3632898} 'fireTclEvent' '(J)I' in 'ui/frmwork/I')}
  0x000002044a5cc864: 48be c0db | b1ca 0402 | 0000 4883 | 86e8 0100 

  0x000002044a5cc874: ;   {metadata(method data for {method} {0x00000204a348ec58} 'fiZ' '()Z' in 'ui/utils/x')}
  0x000002044a5cc874: 0001 48be | c828 38ca | 0402 0000 | 8bbe cc00 | 0000 83c7 | 0289 becc | 0000 0081 | e7fe ff1f 
  0x000002044a5cc894: 0083 ff00 | 0f84 7011 

  0x000002044a5cc89c: ;   {oop(a 'java/lang/Class'{0x00000006806f2438} = 'ui/utils/x')}
  0x000002044a5cc89c: 0000 48be | 3824 6f80 | 0600 0000 | 0fbe b6ef | 0000 0083 | e601 83fe 

  0x000002044a5cc8b4: ;   {metadata(method data for {method} {0x00000204a3632898} 'fireTclEvent' '(J)I' in 'ui/frmwork/I')}
  0x000002044a5cc8b4: 0048 bec0 | dbb1 ca04 | 0200 0048 | bff8 0100 | 0000 0000 | 000f 840a | 0000 0048 | bf08 0200 
  0x000002044a5cc8d4: 0000 0000 | 0048 8b1c | 3e48 8d5b | 0148 891c | 3e0f 84b0 

  0x000002044a5cc8e8: ;   {metadata(method data for {method} {0x00000204a3632898} 'fireTclEvent' '(J)I' in 'ui/frmwork/I')}
  0x000002044a5cc8e8: 0300 0048 | bec0 dbb1 | ca04 0200 | 0048 8386 | 1802 0000 

  0x000002044a5cc8fc: ;   {metadata(method data for {method} {0x00000204a32727b0} 'isEventDispatchThread' '()Z' in 'javax/swing/SwingUtilities')}
  0x000002044a5cc8fc: 0148 bee0 | f99e a504 | 0200 008b | becc 0000 | 0083 c702 | 89be cc00 | 0000 81e7 | feff 1f00 
  0x000002044a5cc91c: 83ff 000f | 840a 1100 

  0x000002044a5cc924: ;   {metadata(method data for {method} {0x00000204a32727b0} 'isEventDispatchThread' '()Z' in 'javax/swing/SwingUtilities')}
  0x000002044a5cc924: 0048 bee0 | f99e a504 | 0200 0048 | 8386 1001 

  0x000002044a5cc934: ;   {metadata(method data for {method} {0x00000204a32561f8} 'isDispatchThread' '()Z' in 'java/awt/EventQueue')}
  0x000002044a5cc934: 0000 0148 | bef8 455d | a504 0200 | 008b becc | 0000 0083 | c702 89be | cc00 0000 | 81e7 feff 
  0x000002044a5cc954: 1f00 83ff | 000f 84f1 

  0x000002044a5cc95c: ;   {metadata(method data for {method} {0x00000204a32561f8} 'isDispatchThread' '()Z' in 'java/awt/EventQueue')}
  0x000002044a5cc95c: 1000 0048 | bef8 455d | a504 0200 | 0048 8386 | 1001 0000 

  0x000002044a5cc970: ;   {metadata(method data for {method} {0x00000204a30d5000} 'getEventQueue' '()Ljava/awt/EventQueue;' in 'java/awt/Toolkit')}
  0x000002044a5cc970: 0148 bed0 | b8f9 a404 | 0200 008b | becc 0000 | 0083 c702 | 89be cc00 | 0000 81e7 | feff 1f00 
  0x000002044a5cc990: 83ff 000f | 84d8 1000 

  0x000002044a5cc998: ;   {metadata(method data for {method} {0x00000204a30d5000} 'getEventQueue' '()Ljava/awt/EventQueue;' in 'java/awt/Toolkit')}
  0x000002044a5cc998: 0048 bed0 | b8f9 a404 | 0200 0048 | 8386 1001 | 0000 010f 

  0x000002044a5cc9ac: ;   {static_call}
  0x000002044a5cc9ac: 1f40 00e8 

  0x000002044a5cc9b0: ; ImmutableOopMap {[176]=Oop [184]=Oop }
                      ;*invokestatic getDefaultToolkit {reexecute=0 rethrow=0 return_oop=0}
                      ; - java.awt.Toolkit::getEventQueue@0 (line 1489)
                      ; - java.awt.EventQueue::isDispatchThread@0 (line 1089)
                      ; - javax.swing.SwingUtilities::isEventDispatchThread@0 (line 1493)
                      ; - ui.frmwork.I::fireTclEvent@46 (line 117)
  0x000002044a5cc9b0: 6c39 9d06 

  0x000002044a5cc9b4: ;   {other}
  0x000002044a5cc9b4: 0f1f 8400 | a40a 0006 

  0x000002044a5cc9bc: ; implicit exception: dispatches to 0x000002044a5cda92
                      ;   {metadata(method data for {method} {0x00000204a30d5000} 'getEventQueue' '()Ljava/awt/EventQueue;' in 'java/awt/Toolkit')}
  0x000002044a5cc9bc: 483b 0048 | bed0 b8f9 | a404 0200 | 008b 4008 | 49ba 0000 | 0062 0402 | 0000 4903 | c248 3b86 
  0x000002044a5cc9dc: 3001 0000 | 750d 4883 | 8638 0100 | 0001 e960 | 0000 0048 | 3b86 4001 | 0000 750d | 4883 8648 
  0x000002044a5cc9fc: 0100 0001 | e94a 0000 | 0048 83be | 3001 0000 | 0075 1748 | 8986 3001 | 0000 48c7 | 8638 0100 
  0x000002044a5cca1c: 0001 0000 | 00e9 2900 | 0000 4883 | be40 0100 | 0000 7517 | 4889 8640 | 0100 0048 | c786 4801 
  0x000002044a5cca3c: 0000 0100 | 0000 e908 | 0000 0048 | 8386 2001 

  0x000002044a5cca4c: ;   {metadata(method data for {method} {0x00000204a3117960} 'getSystemEventQueueImpl' '()Ljava/awt/EventQueue;' in 'sun/awt/SunToolkit')}
  0x000002044a5cca4c: 0000 0148 | be08 b6f9 | a404 0200 | 008b becc | 0000 0083 | c702 89be | cc00 0000 | 81e7 feff 
  0x000002044a5cca6c: 1f00 83ff | 000f 8420 

  0x000002044a5cca74: ;   {metadata(method data for {method} {0x00000204a3117960} 'getSystemEventQueueImpl' '()Ljava/awt/EventQueue;' in 'sun/awt/SunToolkit')}
  0x000002044a5cca74: 1000 0048 | be08 b6f9 | a404 0200 | 0048 8386 | 1001 0000 

  0x000002044a5cca88: ;   {metadata(method data for {method} {0x00000204a3117a00} 'getSystemEventQueueImplPP' '()Ljava/awt/EventQueue;' in 'sun/awt/SunToolkit')}
  0x000002044a5cca88: 0148 be68 | b7f9 a404 | 0200 008b | becc 0000 | 0083 c702 | 89be cc00 | 0000 81e7 | feff 1f00 
  0x000002044a5ccaa8: 83ff 000f | 8407 1000 

  0x000002044a5ccab0: ;   {metadata(method data for {method} {0x00000204a3117a00} 'getSystemEventQueueImplPP' '()Ljava/awt/EventQueue;' in 'sun/awt/SunToolkit')}
  0x000002044a5ccab0: 0048 be68 | b7f9 a404 | 0200 0048 | 8386 1001 | 0000 010f 

  0x000002044a5ccac4: ;   {static_call}
  0x000002044a5ccac4: 1f40 00e8 

  0x000002044a5ccac8: ; ImmutableOopMap {[176]=Oop [184]=Oop }
                      ;*invokestatic getAppContext {reexecute=0 rethrow=0 return_oop=0}
                      ; - sun.awt.SunToolkit::getSystemEventQueueImplPP@0 (line 1064)
                      ; - sun.awt.SunToolkit::getSystemEventQueueImpl@0 (line 1059)
                      ; - java.awt.Toolkit::getEventQueue@3 (line 1489)
                      ; - java.awt.EventQueue::isDispatchThread@0 (line 1089)
                      ; - javax.swing.SwingUtilities::isEventDispatchThread@0 (line 1493)
                      ; - ui.frmwork.I::fireTclEvent@46 (line 117)
  0x000002044a5ccac8: 5430 6106 

  0x000002044a5ccacc: ;   {other}
  0x000002044a5ccacc: 0f1f 8400 | bc0b 0007 

  0x000002044a5ccad4: ;   {metadata(method data for {method} {0x00000204a3117a00} 'getSystemEventQueueImplPP' '()Ljava/awt/EventQueue;' in 'sun/awt/SunToolkit')}
  0x000002044a5ccad4: 49b8 68b7 | f9a4 0402 | 0000 4983 | 8020 0100 

  0x000002044a5ccae4: ;   {metadata(method data for {method} {0x00000204a3117ac0} 'getSystemEventQueueImplPP' '(Lsun/awt/AppContext;)Ljava/awt/EventQueue;' in 'sun/awt/SunToolkit')}
  0x000002044a5ccae4: 0001 49b8 | 48b4 f9a4 | 0402 0000 | 418b 90cc | 0000 0083 | c202 4189 | 90cc 0000 | 0081 e2fe 
  0x000002044a5ccb04: ff1f 0083 | fa00 0f84 | c90f 0000 

  0x000002044a5ccb10: ; implicit exception: dispatches to 0x000002044a5cdafa
  0x000002044a5ccb10: 483b 004c 

  0x000002044a5ccb14: ;   {metadata(method data for {method} {0x00000204a3117ac0} 'getSystemEventQueueImplPP' '(Lsun/awt/AppContext;)Ljava/awt/EventQueue;' in 'sun/awt/SunToolkit')}
  0x000002044a5ccb14: 8bc0 48ba | 48b4 f9a4 | 0402 0000 | 4883 8210 | 0100 0001 

  0x000002044a5ccb28: ;   {oop(a 'java/lang/StringBuffer'{0x0000000680c43b18})}
  0x000002044a5ccb28: 49b8 183b | c480 0600 | 0000 488b 

  0x000002044a5ccb34: ;   {optimized virtual_call}
  0x000002044a5ccb34: d066 90e8 

  0x000002044a5ccb38: ; ImmutableOopMap {[176]=Oop [184]=Oop }
                      ;*invokevirtual get {reexecute=0 rethrow=0 return_oop=0}
                      ; - sun.awt.SunToolkit::getSystemEventQueueImplPP@4 (line 1069)
                      ; - sun.awt.SunToolkit::getSystemEventQueueImplPP@3 (line 1064)
                      ; - sun.awt.SunToolkit::getSystemEventQueueImpl@0 (line 1059)
                      ; - java.awt.Toolkit::getEventQueue@3 (line 1489)
                      ; - java.awt.EventQueue::isDispatchThread@0 (line 1089)
                      ; - javax.swing.SwingUtilities::isEventDispatchThread@0 (line 1493)
                      ; - ui.frmwork.I::fireTclEvent@46 (line 117)
  0x000002044a5ccb38: e479 6106 

  0x000002044a5ccb3c: ;   {other}
  0x000002044a5ccb3c: 0f1f 8400 | 2c0c 0008 | 4883 f800 

  0x000002044a5ccb48: ;   {metadata(method data for {method} {0x00000204a3117ac0} 'getSystemEventQueueImplPP' '(Lsun/awt/AppContext;)Ljava/awt/EventQueue;' in 'sun/awt/SunToolkit')}
  0x000002044a5ccb48: 7516 48bf | 48b4 f9a4 | 0402 0000 | 808f 4101 | 0000 01e9 | cd00 0000 

  0x000002044a5ccb60: ;   {metadata('java/awt/EventQueue')}
  0x000002044a5ccb60: 48bb 101d | 0763 0402 | 0000 8b78 | 0849 ba00 | 0000 6204 | 0200 0049 | 03fa 483b | 5f38 0f85 
  0x000002044a5ccb80: 8d00 0000 

  0x000002044a5ccb84: ;   {metadata(method data for {method} {0x00000204a3117ac0} 'getSystemEventQueueImplPP' '(Lsun/awt/AppContext;)Ljava/awt/EventQueue;' in 'sun/awt/SunToolkit')}
  0x000002044a5ccb84: 48bf 48b4 | f9a4 0402 | 0000 8b58 | 0849 ba00 | 0000 6204 | 0200 0049 | 03da 483b | 9f58 0100 
  0x000002044a5ccba4: 0075 0d48 | 8387 6001 | 0000 01e9 | 7900 0000 | 483b 9f68 | 0100 0075 | 0d48 8387 | 7001 0000 
  0x000002044a5ccbc4: 01e9 6300 | 0000 4883 | bf58 0100 | 0000 7517 | 4889 9f58 | 0100 0048 | c787 6001 | 0000 0100 
  0x000002044a5ccbe4: 0000 e942 | 0000 0048 | 83bf 6801 | 0000 0075 | 1748 899f | 6801 0000 | 48c7 8770 | 0100 0001 
  0x000002044a5ccc04: 0000 00e9 | 2100 0000 | e91c 0000 

  0x000002044a5ccc10: ;   {metadata(method data for {method} {0x00000204a3117ac0} 'getSystemEventQueueImplPP' '(Lsun/awt/AppContext;)Ljava/awt/EventQueue;' in 'sun/awt/SunToolkit')}
  0x000002044a5ccc10: 0048 bf48 | b4f9 a404 | 0200 0048 | 83af 4801 | 0000 01e9 | d70e 0000 | e900 0000 | 0048 8bd0 
  0x000002044a5ccc30: ; implicit exception: dispatches to 0x000002044a5cdb08
  0x000002044a5ccc30: 483b 0248 

  0x000002044a5ccc34: ;   {metadata(method data for {method} {0x00000204a32561f8} 'isDispatchThread' '()Z' in 'java/awt/EventQueue')}
  0x000002044a5ccc34: 8bf2 48bf | f845 5da5 | 0402 0000 | 4883 8720 | 0100 0001 | 0f1f 8000 

  0x000002044a5ccc4c: ;   {optimized virtual_call}
  0x000002044a5ccc4c: 0000 00e8 

  0x000002044a5ccc50: ; ImmutableOopMap {[176]=Oop [184]=Oop }
                      ;*invokevirtual isDispatchThreadImpl {reexecute=0 rethrow=0 return_oop=0}
                      ; - java.awt.EventQueue::isDispatchThread@5 (line 1090)
                      ; - javax.swing.SwingUtilities::isEventDispatchThread@0 (line 1493)
                      ; - ui.frmwork.I::fireTclEvent@46 (line 117)
  0x000002044a5ccc50: 6cf2 9e06 

  0x000002044a5ccc54: ;   {other}
  0x000002044a5ccc54: 0f1f 8400 | 440d 0009 | 83e0 0183 | e001 83f8 

  0x000002044a5ccc64: ;   {metadata(method data for {method} {0x00000204a3632898} 'fireTclEvent' '(J)I' in 'ui/frmwork/I')}
  0x000002044a5ccc64: 0049 b8c0 | dbb1 ca04 | 0200 0049 | b938 0200 | 0000 0000 | 000f 840a | 0000 0049 | b928 0200 
  0x000002044a5ccc84: 0000 0000 | 004b 8b14 | 0848 8d52 | 014b 8914 | 080f 845b | 0000 0048 | 8b94 24b0 

  0x000002044a5ccca0: ;   {metadata(method data for {method} {0x00000204a3632898} 'fireTclEvent' '(J)I' in 'ui/frmwork/I')}
  0x000002044a5ccca0: 0000 0049 | b8c0 dbb1 | ca04 0200 

  0x000002044a5cccac: ;   {metadata('ui/frmwork/I')}
  0x000002044a5cccac: 0049 ba08 | 540c 6304 | 0200 004d | 8990 4803 | 0000 4983 | 8050 0300 | 0001 4c8b | 8424 a800 
  0x000002044a5ccccc: 0000 41b9 | 0100 0000 | 488b 9424 | b000 0000 

  0x000002044a5cccdc: ;   {optimized virtual_call}
  0x000002044a5cccdc: 6666 90e8 

  0x000002044a5ccce0: ; ImmutableOopMap {}
                      ;*invokevirtual i {reexecute=0 rethrow=0 return_oop=0}
                      ; - ui.frmwork.I::fireTclEvent@96 (line 139)
  0x000002044a5ccce0: 3c91 15ff 

  0x000002044a5ccce4: ;   {other}
  0x000002044a5ccce4: 0f1f 8400 | d40d 000a | be00 0000 | 00e9 fc09 | 0000 488b | 8424 b800 | 0000 488b | 9424 b000 
  0x000002044a5ccd04: ;   {metadata(method data for {method} {0x00000204a3632898} 'fireTclEvent' '(J)I' in 'ui/frmwork/I')}
  0x000002044a5ccd04: 0000 49b8 | c0db b1ca | 0402 0000 | 4983 8048 | 0200 0001 | 4c8b c048 | 8b94 24b0 | 0000 000f 
  0x000002044a5ccd24: ;   {optimized virtual_call}
  0x000002044a5ccd24: 1f40 00e8 

  0x000002044a5ccd28: ; ImmutableOopMap {[176]=Oop }
                      ;*invokevirtual c {reexecute=0 rethrow=0 return_oop=0}
                      ; - ui.frmwork.I::fireTclEvent@55 (line 119)
  0x000002044a5ccd28: 4911 0000 

  0x000002044a5ccd2c: ;   {other}
  0x000002044a5ccd2c: 0f1f 8400 | 1c0e 000b 

  0x000002044a5ccd34: ;   {metadata(method data for {method} {0x00000204a3632898} 'fireTclEvent' '(J)I' in 'ui/frmwork/I')}
  0x000002044a5ccd34: 83f8 0049 | b8c0 dbb1 | ca04 0200 | 0048 ba80 | 0200 0000 | 0000 000f | 840a 0000 | 0048 ba90 
  0x000002044a5ccd54: 0200 0000 | 0000 0049 | 8b34 1048 | 8d76 0149 | 8934 100f | 8487 0700 | 0048 8b94 | 24b0 0000 
  0x000002044a5ccd74: ;   {metadata(method data for {method} {0x00000204a3632898} 'fireTclEvent' '(J)I' in 'ui/frmwork/I')}
  0x000002044a5ccd74: 0048 bec0 | dbb1 ca04 | 0200 0048 | 8db6 b002 | 0000 488b 

  0x000002044a5ccd88: ;   {metadata('ui/frmwork/I')}
  0x000002044a5ccd88: fa48 bf08 | 540c 6304 | 0200 0048 | 337e 0848 | f7c7 fcff | ffff 7404 | 4889 7e08 

  0x000002044a5ccda4: ;   {metadata(method data for {method} {0x00000204a5ef1230} 'linkToTargetMethod' '(Ljava/lang/Object;JLjava/lang/Object;)Ljava/lang/Object;' in 'java/lang/invoke/LambdaForm$MH+0x0000020463760800')}
  0x000002044a5ccda4: 48be 5014 | efa5 0402 | 0000 488d | b610 0200 | 0048 8bfa 

  0x000002044a5ccdb8: ;   {metadata('ui/frmwork/I')}
  0x000002044a5ccdb8: 48bf 0854 | 0c63 0402 | 0000 4833 | 3e48 f7c7 | fcff ffff | 7427 40f6 | c702 7521 | 4883 3e00 
  0x000002044a5ccdd8: 7418 4883 | 3e01 7412 | 4833 3e48 | f7c7 fcff | ffff 7409 | 4883 0e02 | eb03 4889 

  0x000002044a5ccdf4: ;   {oop(a 'java/lang/invoke/DirectMethodHandle$Constructor'{0x0000000683b0c4b0})}
  0x000002044a5ccdf4: 3e48 bfb0 | c4b0 8306 | 0000 0048 | 8bdf 4885 | db75 0748 | 834e 1001 

  0x000002044a5cce0c: ;   {metadata('java/lang/invoke/DirectMethodHandle$Constructor')}
  0x000002044a5cce0c: eb42 48bb | 48c8 1462 | 0402 0000 | 4833 5e10 | 48f7 c3fc | ffff ff74 | 2bf6 c302 | 7526 4883 
  0x000002044a5cce2c: 7e10 0074 | 1b48 837e | 1001 7414 | 4833 5e10 | 48f7 c3fc | ffff ff74 | 0b48 834e | 1002 eb04 
  0x000002044a5cce4c: 4889 5e10 

  0x000002044a5cce50: ;   {metadata(method data for {method} {0x00000204a3632898} 'fireTclEvent' '(J)I' in 'ui/frmwork/I')}
  0x000002044a5cce50: 48be c0db | b1ca 0402 | 0000 4883 | 86a0 0200 

  0x000002044a5cce60: ;   {metadata(method data for {method} {0x00000204a5ef1230} 'linkToTargetMethod' '(Ljava/lang/Object;JLjava/lang/Object;)Ljava/lang/Object;' in 'java/lang/invoke/LambdaForm$MH+0x0000020463760800')}
  0x000002044a5cce60: 0001 48be | 5014 efa5 | 0402 0000 | 8b9e cc00 | 0000 83c3 | 0289 9ecc | 0000 0081 | e3fe ff1f 
  0x000002044a5cce80: 0083 fb00 | 0f84 830c 

  0x000002044a5cce88: ;   {metadata(method data for {method} {0x00000204a5ef1230} 'linkToTargetMethod' '(Ljava/lang/Object;JLjava/lang/Object;)Ljava/lang/Object;' in 'java/lang/invoke/LambdaForm$MH+0x0000020463760800')}
  0x000002044a5cce88: 0000 48be | 5014 efa5 | 0402 0000 | 488d b680 | 0100 0048 

  0x000002044a5cce9c: ;   {metadata('ui/frmwork/I')}
  0x000002044a5cce9c: 8bda 48bb | 0854 0c63 | 0402 0000 | 4833 5e08 | 48f7 c3fc | ffff ff74 | 2bf6 c302 | 7526 4883 
  0x000002044a5ccebc: 7e08 0074 | 1b48 837e | 0801 7414 | 4833 5e08 | 48f7 c3fc | ffff ff74 | 0b48 834e | 0802 eb04 
  0x000002044a5ccedc: 4889 5e08 

  0x000002044a5ccee0: ;   {metadata(method data for {method} {0x00000204a5ef0ab0} 'newInvokeSpecial' '(Ljava/lang/Object;Ljava/lang/Object;J)Ljava/lang/Object;' in 'java/lang/invoke/LambdaForm$DMH+0x0000020463760400')}
  0x000002044a5ccee0: 48be 100d | efa5 0402 | 0000 488d | b650 0200 | 0048 8bdf | 4885 db75 | 0648 830e 

  0x000002044a5ccefc: ;   {metadata('java/lang/invoke/DirectMethodHandle$Constructor')}
  0x000002044a5ccefc: 01eb 3c48 | bb48 c814 | 6204 0200 | 0048 331e | 48f7 c3fc | ffff ff74 | 26f6 c302 | 7521 4883 
  0x000002044a5ccf1c: 3e00 7418 | 4883 3e01 | 7412 4833 | 1e48 f7c3 | fcff ffff | 7409 4883 | 0e02 eb03 | 4889 1e48 
  0x000002044a5ccf3c: ;   {metadata('ui/frmwork/I')}
  0x000002044a5ccf3c: 8bda 48bb | 0854 0c63 | 0402 0000 | 4833 5e10 | 48f7 c3fc | ffff ff74 | 2bf6 c302 | 7526 4883 
  0x000002044a5ccf5c: 7e10 0074 | 1b48 837e | 1001 7414 | 4833 5e10 | 48f7 c3fc | ffff ff74 | 0b48 834e | 1002 eb04 
  0x000002044a5ccf7c: 4889 5e10 

  0x000002044a5ccf80: ;   {metadata(method data for {method} {0x00000204a5ef1230} 'linkToTargetMethod' '(Ljava/lang/Object;JLjava/lang/Object;)Ljava/lang/Object;' in 'java/lang/invoke/LambdaForm$MH+0x0000020463760800')}
  0x000002044a5ccf80: 48be 5014 | efa5 0402 | 0000 4883 | 8648 0100 

  0x000002044a5ccf90: ;   {metadata(method data for {method} {0x00000204a5ef0ab0} 'newInvokeSpecial' '(Ljava/lang/Object;Ljava/lang/Object;J)Ljava/lang/Object;' in 'java/lang/invoke/LambdaForm$DMH+0x0000020463760400')}
  0x000002044a5ccf90: 0001 48be | 100d efa5 | 0402 0000 | 8b9e cc00 | 0000 83c3 | 0289 9ecc | 0000 0081 | e3fe ff1f 
  0x000002044a5ccfb0: 0083 fb00 | 0f84 740b 

  0x000002044a5ccfb8: ;   {metadata(method data for {method} {0x00000204a5ef0ab0} 'newInvokeSpecial' '(Ljava/lang/Object;Ljava/lang/Object;J)Ljava/lang/Object;' in 'java/lang/invoke/LambdaForm$DMH+0x0000020463760400')}
  0x000002044a5ccfb8: 0000 48be | 100d efa5 | 0402 0000 | 488d b620 | 0100 0048 | 8bdf 4885 | db75 0748 | 834e 0801 
  0x000002044a5ccfd8: ;   {metadata('java/lang/invoke/DirectMethodHandle$Constructor')}
  0x000002044a5ccfd8: eb42 48bb | 48c8 1462 | 0402 0000 | 4833 5e08 | 48f7 c3fc | ffff ff74 | 2bf6 c302 | 7526 4883 
  0x000002044a5ccff8: 7e08 0074 | 1b48 837e | 0801 7414 | 4833 5e08 | 48f7 c3fc | ffff ff74 | 0b48 834e | 0802 eb04 
  0x000002044a5cd018: 4889 5e08 

  0x000002044a5cd01c: ;   {metadata(method data for {method} {0x00000204a5ef0ab0} 'newInvokeSpecial' '(Ljava/lang/Object;Ljava/lang/Object;J)Ljava/lang/Object;' in 'java/lang/invoke/LambdaForm$DMH+0x0000020463760400')}
  0x000002044a5cd01c: 48be 100d | efa5 0402 | 0000 4883 | 8610 0100 

  0x000002044a5cd02c: ;   {metadata(method data for {method} {0x00000204620a2c70} 'allocateInstance' '(Ljava/lang/Object;)Ljava/lang/Object;' in 'java/lang/invoke/DirectMethodHandle')}
  0x000002044a5cd02c: 0001 48be | 48a6 5da3 | 0402 0000 | 8b9e cc00 | 0000 83c3 | 0289 9ecc | 0000 0081 | e3fe ff1f 
  0x000002044a5cd04c: 0083 fb00 | 0f84 f90a 

  0x000002044a5cd054: ;   {oop(a 'jdk/internal/misc/Unsafe'{0x00000006806adda8})}
  0x000002044a5cd054: 0000 48be | a8dd 6a80 | 0600 0000 

  0x000002044a5cd060: ;   {metadata(method data for {method} {0x00000204620a2c70} 'allocateInstance' '(Ljava/lang/Object;)Ljava/lang/Object;' in 'java/lang/invoke/DirectMethodHandle')}
  0x000002044a5cd060: 488b de48 | b848 a65d | a304 0200 | 0048 8380 | 4801 0000 

  0x000002044a5cd074: ;   {oop(a 'java/lang/Class'{0x0000000684ae98a0} = 'ui/frmwork/I$$Lambda+0x000002046375cc90')}
  0x000002044a5cd074: 0149 b8a0 | 98ae 8406 | 0000 0048 | 8bd6 4889 | bc24 d000 | 0000 0f1f 

  0x000002044a5cd08c: ;   {optimized virtual_call}
  0x000002044a5cd08c: 4400 00e8 

  0x000002044a5cd090: ; ImmutableOopMap {[176]=Oop [208]=Oop }
                      ;*invokevirtual allocateInstance {reexecute=0 rethrow=0 return_oop=0}
                      ; - java.lang.invoke.DirectMethodHandle::allocateInstance@12 (line 501)
                      ; - java.lang.invoke.LambdaForm$DMH/0x0000020463760400::newInvokeSpecial@1
                      ; - java.lang.invoke.LambdaForm$MH/0x0000020463760800::linkToTargetMethod@6
                      ; - ui.frmwork.I::fireTclEvent@63 (line 120)
  0x000002044a5cd090: 4ccd 4206 

  0x000002044a5cd094: ;   {other}
  0x000002044a5cd094: 0f1f 8400 | 8411 000c 

  0x000002044a5cd09c: ;   {metadata(method data for {method} {0x00000204a5ef0ab0} 'newInvokeSpecial' '(Ljava/lang/Object;Ljava/lang/Object;J)Ljava/lang/Object;' in 'java/lang/invoke/LambdaForm$DMH+0x0000020463760400')}
  0x000002044a5cd09c: 48be 100d | efa5 0402 | 0000 488d | b630 0100 | 0048 8bf8 | 4885 ff75 | 0648 830e | 01eb 438b 
  0x000002044a5cd0bc: 7f08 49ba | 0000 0062 | 0402 0000 | 4903 fa48 | 333e 48f7 | c7fc ffff | ff74 2740 | f6c7 0275 
  0x000002044a5cd0dc: 2148 833e | 0074 1848 | 833e 0174 | 1248 333e | 48f7 c7fc | ffff ff74 | 0948 830e | 02eb 0348 
  0x000002044a5cd0fc: ;   {metadata(method data for {method} {0x00000204a5ef0ab0} 'newInvokeSpecial' '(Ljava/lang/Object;Ljava/lang/Object;J)Ljava/lang/Object;' in 'java/lang/invoke/LambdaForm$DMH+0x0000020463760400')}
  0x000002044a5cd0fc: 893e 48be | 100d efa5 | 0402 0000 | 488d b650 | 0100 0048 | 8bbc 24d0 | 0000 0048 | 85ff 7507 
  0x000002044a5cd11c: 4883 4e08 

  0x000002044a5cd120: ;   {metadata('java/lang/invoke/DirectMethodHandle$Constructor')}
  0x000002044a5cd120: 01eb 4348 | bf48 c814 | 6204 0200 | 0048 337e | 0848 f7c7 | fcff ffff | 742c 40f6 | c702 7526 
  0x000002044a5cd140: 4883 7e08 | 0074 1b48 | 837e 0801 | 7414 4833 | 7e08 48f7 | c7fc ffff | ff74 0b48 | 834e 0802 
  0x000002044a5cd160: eb04 4889 

  0x000002044a5cd164: ;   {metadata(method data for {method} {0x00000204a5ef0ab0} 'newInvokeSpecial' '(Ljava/lang/Object;Ljava/lang/Object;J)Ljava/lang/Object;' in 'java/lang/invoke/LambdaForm$DMH+0x0000020463760400')}
  0x000002044a5cd164: 7e08 48be | 100d efa5 | 0402 0000 | 4883 8640 | 0100 0001 

  0x000002044a5cd178: ;   {metadata(method data for {method} {0x00000204620a3718} 'constructorMethod' '(Ljava/lang/Object;)Ljava/lang/Object;' in 'java/lang/invoke/DirectMethodHandle')}
  0x000002044a5cd178: 48be f8a8 | 5da3 0402 | 0000 8bbe | cc00 0000 | 83c7 0289 | becc 0000 | 0081 e7fe | ff1f 0083 
  0x000002044a5cd198: ff00 0f84 | d009 0000 

  0x000002044a5cd1a0: ;   {metadata(method data for {method} {0x00000204a5ef0ab0} 'newInvokeSpecial' '(Ljava/lang/Object;Ljava/lang/Object;J)Ljava/lang/Object;' in 'java/lang/invoke/LambdaForm$DMH+0x0000020463760400')}
  0x000002044a5cd1a0: 48be 100d | efa5 0402 | 0000 488d | b660 0100 

  0x000002044a5cd1b0: ;   {oop(a 'java/lang/invoke/MemberName'{0x0000000683b0c708} = {method} {0x00000204a5eeecd0} '<init>' '(Lui/frmwork/I;J)V' in 'ui/frmwork/I$$Lambda+0x000002046375cc90')}
  0x000002044a5cd1b0: 0048 bf08 | c7b0 8306 | 0000 0048 | 85ff 7506 | 4883 0e01 

  0x000002044a5cd1c4: ;   {metadata('java/lang/invoke/MemberName')}
  0x000002044a5cd1c4: eb3d 48bf | 2031 0962 | 0402 0000 | 4833 3e48 | f7c7 fcff | ffff 7427 | 40f6 c702 | 7521 4883 
  0x000002044a5cd1e4: 3e00 7418 | 4883 3e01 | 7412 4833 | 3e48 f7c7 | fcff ffff | 7409 4883 | 0e02 eb03 | 4889 3e48 
  0x000002044a5cd204: ;   {metadata(method data for {method} {0x00000204a5ef0ab0} 'newInvokeSpecial' '(Ljava/lang/Object;Ljava/lang/Object;J)Ljava/lang/Object;' in 'java/lang/invoke/LambdaForm$DMH+0x0000020463760400')}
  0x000002044a5cd204: 3b00 48be | 100d efa5 | 0402 0000 | 488d b6b8 | 0100 0048 

  0x000002044a5cd218: ;   {metadata('ui/frmwork/I$$Lambda+0x000002046375cc90')}
  0x000002044a5cd218: 8bf8 48bf | 90cc 7563 | 0402 0000 | 4833 7e08 | 48f7 c7fc | ffff ff74 | 2c40 f6c7 | 0275 2648 
  0x000002044a5cd238: 837e 0800 | 741b 4883 | 7e08 0174 | 1448 337e | 0848 f7c7 | fcff ffff | 740b 4883 | 4e08 02eb 
  0x000002044a5cd258: 0448 897e | 0848 8b94 | 24b0 0000 | 0048 8bfa 

  0x000002044a5cd268: ;   {metadata('ui/frmwork/I')}
  0x000002044a5cd268: 48bf 0854 | 0c63 0402 | 0000 4833 | 7e18 48f7 | c7fc ffff | ff74 2c40 | f6c7 0275 | 2648 837e 
  0x000002044a5cd288: 1800 741b | 4883 7e18 | 0174 1448 | 337e 1848 | f7c7 fcff | ffff 740b | 4883 4e18 | 02eb 0448 
  0x000002044a5cd2a8: 897e 1848 

  0x000002044a5cd2ac: ;   {metadata(method data for {method} {0x00000204a5ef0ab0} 'newInvokeSpecial' '(Ljava/lang/Object;Ljava/lang/Object;J)Ljava/lang/Object;' in 'java/lang/invoke/LambdaForm$DMH+0x0000020463760400')}
  0x000002044a5cd2ac: 8bf0 48bf | 100d efa5 | 0402 0000 | 4883 87a8 | 0100 0001 

  0x000002044a5cd2c0: ;   {metadata(method data for {method} {0x00000204a5eeecd0} '<init>' '(Lui/frmwork/I;J)V' in 'ui/frmwork/I$$Lambda+0x000002046375cc90')}
  0x000002044a5cd2c0: 48be a8ee | b1ca 0402 | 0000 8bbe | cc00 0000 | 83c7 0289 | becc 0000 | 0081 e7fe | ff1f 0083 
  0x000002044a5cd2e0: ff00 0f84 | ae08 0000 

  0x000002044a5cd2e8: ;   {metadata(method data for {method} {0x00000204a5eeecd0} '<init>' '(Lui/frmwork/I;J)V' in 'ui/frmwork/I$$Lambda+0x000002046375cc90')}
  0x000002044a5cd2e8: 488b f048 | bfa8 eeb1 | ca04 0200 | 0048 8387 | 1001 0000 

  0x000002044a5cd2fc: ;   {metadata(method data for {method} {0x0000020462479fd0} '<init>' '()V' in 'java/lang/Object')}
  0x000002044a5cd2fc: 0148 be50 | 7500 a304 | 0200 008b | becc 0000 | 0083 c702 | 89be cc00 | 0000 81e7 | feff 1f00 
  0x000002044a5cd31c: 83ff 000f | 8492 0800 | 0041 0fbe | 7740 83fe | 000f 85a5 | 0800 004c | 8bd2 49c1 | ea03 4489 
  0x000002044a5cd33c: 500c 488b | f048 33f2 | 48c1 ee16 | 4883 fe00 | 0f85 a508 | 0000 4c8b | 8424 a800 | 0000 4c89 
  0x000002044a5cd35c: ;   {metadata(method data for {method} {0x00000204a5ef1230} 'linkToTargetMethod' '(Ljava/lang/Object;JLjava/lang/Object;)Ljava/lang/Object;' in 'java/lang/invoke/LambdaForm$MH+0x0000020463760800')}
  0x000002044a5cd35c: 4010 48be | 5014 efa5 | 0402 0000 | 488d b690 | 0100 0048 | 8bf8 4885 | ff75 0648 | 830e 01eb 
  0x000002044a5cd37c: 438b 7f08 | 49ba 0000 | 0062 0402 | 0000 4903 | fa48 333e | 48f7 c7fc | ffff ff74 | 2740 f6c7 
  0x000002044a5cd39c: 0275 2148 | 833e 0074 | 1848 833e | 0174 1248 | 333e 48f7 | c7fc ffff | ff74 0948 | 830e 02eb 
  0x000002044a5cd3bc: 0348 893e 

  0x000002044a5cd3c0: ;   {metadata(method data for {method} {0x00000204a3632898} 'fireTclEvent' '(J)I' in 'ui/frmwork/I')}
  0x000002044a5cd3c0: 48be c0db | b1ca 0402 | 0000 488d | b6c0 0200 | 0048 8bf8 | 4885 ff75 | 0648 830e | 01eb 438b 
  0x000002044a5cd3e0: 7f08 49ba | 0000 0062 | 0402 0000 | 4903 fa48 | 333e 48f7 | c7fc ffff | ff74 2740 | f6c7 0275 
  0x000002044a5cd400: 2148 833e | 0074 1848 | 833e 0174 | 1248 333e | 48f7 c7fc | ffff ff74 | 0948 830e | 02eb 0348 
  0x000002044a5cd420: ;   {metadata(method data for {method} {0x00000204a3632898} 'fireTclEvent' '(J)I' in 'ui/frmwork/I')}
  0x000002044a5cd420: 893e 48be | c0db b1ca | 0402 0000 | 4883 86d0 | 0200 0001 

  0x000002044a5cd434: ;   {metadata(method data for {method} {0x00000204a3272710} 'invokeAndWait' '(Ljava/lang/Runnable;)V' in 'javax/swing/SwingUtilities')}
  0x000002044a5cd434: 48be c8d2 | 34a6 0402 | 0000 8bbe | cc00 0000 | 83c7 0289 | becc 0000 | 0081 e7fe | ff1f 0083 
  0x000002044a5cd454: ff00 0f84 | b307 0000 

  0x000002044a5cd45c: ;   {metadata(method data for {method} {0x00000204a3272710} 'invokeAndWait' '(Ljava/lang/Runnable;)V' in 'javax/swing/SwingUtilities')}
  0x000002044a5cd45c: 48be c8d2 | 34a6 0402 | 0000 4883 | 8610 0100 

  0x000002044a5cd46c: ;   {metadata(method data for {method} {0x00000204a3256e50} 'invokeAndWait' '(Ljava/lang/Runnable;)V' in 'java/awt/EventQueue')}
  0x000002044a5cd46c: 0001 48be | 28d4 34a6 | 0402 0000 | 8bbe cc00 | 0000 83c7 | 0289 becc | 0000 0081 | e7fe ff1f 
  0x000002044a5cd48c: 0083 ff00 | 0f84 9a07 

  0x000002044a5cd494: ;   {metadata(method data for {method} {0x00000204a3256e50} 'invokeAndWait' '(Ljava/lang/Runnable;)V' in 'java/awt/EventQueue')}
  0x000002044a5cd494: 0000 48be | 28d4 34a6 | 0402 0000 | 4883 8610 | 0100 0001 | 4889 8424 | d800 0000 | 0f1f 8000 
  0x000002044a5cd4b4: ;   {static_call}
  0x000002044a5cd4b4: 0000 00e8 

  0x000002044a5cd4b8: ; ImmutableOopMap {[216]=Oop }
                      ;*invokestatic getDefaultToolkit {reexecute=0 rethrow=0 return_oop=0}
                      ; - java.awt.EventQueue::invokeAndWait@0 (line 1346)
                      ; - javax.swing.SwingUtilities::invokeAndWait@1 (line 1480)
                      ; - ui.frmwork.I::fireTclEvent@68 (line 120)
  0x000002044a5cd4b8: 642e 9d06 

  0x000002044a5cd4bc: ;   {other}
  0x000002044a5cd4bc: 0f1f 8400 | ac15 000d 

  0x000002044a5cd4c4: ;   {metadata(method data for {method} {0x00000204a3256e50} 'invokeAndWait' '(Ljava/lang/Runnable;)V' in 'java/awt/EventQueue')}
  0x000002044a5cd4c4: 48ba 28d4 | 34a6 0402 | 0000 4883 | 8220 0100 | 0001 488b | d04c 8b84 | 24d8 0000 | 0066 0f1f 
  0x000002044a5cd4e4: ;   {static_call}
  0x000002044a5cd4e4: 4400 00e8 

  0x000002044a5cd4e8: ; ImmutableOopMap {}
                      ;*invokestatic invokeAndWait {reexecute=0 rethrow=0 return_oop=0}
                      ; - java.awt.EventQueue::invokeAndWait@4 (line 1346)
                      ; - javax.swing.SwingUtilities::invokeAndWait@1 (line 1480)
                      ; - ui.frmwork.I::fireTclEvent@68 (line 120)
  0x000002044a5cd4e8: a709 0000 

  0x000002044a5cd4ec: ;   {other}
  0x000002044a5cd4ec: 0f1f 8400 | dc15 000e 

  0x000002044a5cd4f4: ;   {metadata(method data for {method} {0x00000204a3632898} 'fireTclEvent' '(J)I' in 'ui/frmwork/I')}
  0x000002044a5cd4f4: 48b8 c0db | b1ca 0402 | 0000 ff80 | e002 0000 | be00 0000 | 00e9 e401 | 0000 498b | 8700 0500 
  0x000002044a5cd514: 004d 33d2 | 4d89 9700 | 0500 004d | 33d2 4d89 | 9708 0500 | 0048 8bd0 

  0x000002044a5cd52c: ;   {metadata(method data for {method} {0x00000204a3632898} 'fireTclEvent' '(J)I' in 'ui/frmwork/I')}
  0x000002044a5cd52c: 48b8 c0db | b1ca 0402 | 0000 4883 | 8010 0300 

  0x000002044a5cd53c: ;   {oop(a 'java/lang/Class'{0x00000006806f2438} = 'ui/utils/x')}
  0x000002044a5cd53c: 0001 49b8 | 3824 6f80 | 0600 0000 | 488d b424 | e000 0000 | 4c89 4608 

  0x000002044a5cd554: ; implicit exception: dispatches to 0x000002044a5cdc51
  0x000002044a5cd554: 498b 0048 | 83c8 0148 | 8906 f049 | 0fb1 300f | 8412 0000 | 0048 2bc4 | 4825 07f0 | ffff 4889 
  0x000002044a5cd574: 060f 85db | 0600 0049 | ff87 5005 

  0x000002044a5cd580: ;   {metadata(method data for {method} {0x00000204a3485ed0} 'debug' '(Ljava/lang/Exception;)V' in 'ui/utils/x')}
  0x000002044a5cd580: 0000 48b8 | 302e 0ca6 | 0402 0000 | 448b 80cc | 0000 0041 | 83c0 0244 | 8980 cc00 | 0000 4181 
  0x000002044a5cd5a0: e0fe ff1f | 0041 83f8 | 000f 84ba 

  0x000002044a5cd5ac: ;   {metadata(method data for {method} {0x00000204a3485ed0} 'debug' '(Ljava/lang/Exception;)V' in 'ui/utils/x')}
  0x000002044a5cd5ac: 0600 0048 | b830 2e0c | a604 0200 | 0048 8380 | 1001 0000 

  0x000002044a5cd5c0: ;   {oop(a 'java/lang/Class'{0x00000006821fef18} = 'ui/utils/e/c')}
  0x000002044a5cd5c0: 0149 b818 | ef1f 8206 | 0000 0048 | 8db4 24f0 | 0000 004c | 8946 0849 | 8b00 4883 | c801 4889 
  0x000002044a5cd5e0: 06f0 490f | b130 0f84 | 1200 0000 | 482b c448 | 2507 f0ff | ff48 8906 | 0f85 9106 | 0000 49ff 
  0x000002044a5cd600: 8750 0500 

  0x000002044a5cd604: ;   {metadata(method data for {method} {0x00000204a4046cc8} 'debug' '(Ljava/lang/Exception;)V' in 'ui/utils/e/c')}
  0x000002044a5cd604: 0049 b8c0 | baee a504 | 0200 0041 | 8bb0 cc00 | 0000 83c6 | 0241 89b0 | cc00 0000 | 81e6 feff 
  0x000002044a5cd624: 1f00 83fe | 000f 8473 

  0x000002044a5cd62c: ;   {metadata(method data for {method} {0x00000204a4046cc8} 'debug' '(Ljava/lang/Exception;)V' in 'ui/utils/e/c')}
  0x000002044a5cd62c: 0600 0049 | b8c0 baee | a504 0200 | 0049 8380 | 1001 0000 | 0141 b801 

  0x000002044a5cd644: ;   {static_call}
  0x000002044a5cd644: 0000 00e8 

  0x000002044a5cd648: ; ImmutableOopMap {[232]=Oop [248]=Oop }
                      ;*invokestatic c {reexecute=0 rethrow=0 return_oop=0}
                      ; - ui.utils.e.c::debug@2 (line 232)
                      ; - ui.utils.x::debug@1 (line 259)
                      ; - ui.frmwork.I::fireTclEvent@85 (line 134)
  0x000002044a5cd648: 341a ce05 

  0x000002044a5cd64c: ;   {other}
  0x000002044a5cd64c: 0f1f 8400 | 3c17 000f | 488d 8424 | f000 0000 | 488b 1048 | 85d2 0f84 | 0f00 0000 | 488b 7008 
  0x000002044a5cd66c: f048 0fb1 | 160f 854c | 0600 0049 | ff8f 5005 | 0000 488d | 8424 e000 | 0000 488b | 1048 85d2 
  0x000002044a5cd68c: 0f84 0f00 | 0000 488b | 7008 f048 | 0fb1 160f | 8538 0600 | 0049 ff8f | 5005 0000 

  0x000002044a5cd6a8: ;   {metadata(method data for {method} {0x00000204a3632898} 'fireTclEvent' '(J)I' in 'ui/frmwork/I')}
  0x000002044a5cd6a8: 48b8 c0db | b1ca 0402 | 0000 ff80 | 2003 0000 | be01 0000 | 00e9 3000 | 0000 498b | 8700 0500 
  0x000002044a5cd6c8: 004d 33d2 | 4d89 9700 | 0500 004d | 33d2 4d89 | 9708 0500 

  0x000002044a5cd6dc: ;   {metadata(method data for {method} {0x00000204a3632898} 'fireTclEvent' '(J)I' in 'ui/frmwork/I')}
  0x000002044a5cd6dc: 0048 b8c0 | dbb1 ca04 | 0200 00ff | 80f8 0200 | 00be 0100 

  0x000002044a5cd6f0: ;   {metadata(method data for {method} {0x00000204a3632898} 'fireTclEvent' '(J)I' in 'ui/frmwork/I')}
  0x000002044a5cd6f0: 0000 48b8 | c0db b1ca | 0402 0000 | ff80 7003 | 0000 e9d4 | 0100 00b8 | 0000 0000 | 4881 c410 
  0x000002044a5cd710: 0100 005d 

  0x000002044a5cd714: ;   {poll_return}
  0x000002044a5cd714: 493b a750 | 0400 000f | 87ce 0500 | 00c3 498b | 8700 0500 | 004d 33d2 | 4d89 9700 | 0500 004d 
  0x000002044a5cd734: 33d2 4d89 | 9708 0500 | 0048 8bd0 

  0x000002044a5cd740: ;   {oop(a 'java/lang/Class'{0x00000006821fef18} = 'ui/utils/e/c')}
  0x000002044a5cd740: 48b8 18ef | 1f82 0600 | 0000 488d | 8424 f000 | 0000 488b | 3048 85f6 | 0f84 0f00 | 0000 488b 
  0x000002044a5cd760: 7808 f048 | 0fb1 370f | 8598 0500 | 0049 ff8f | 5005 0000 

  0x000002044a5cd774: ; ImmutableOopMap {rax=Oop [232]=Oop }
                      ;*invokestatic debug {reexecute=0 rethrow=0 return_oop=0}
                      ; - ui.utils.x::debug@1 (line 259)
                      ; - ui.frmwork.I::fireTclEvent@85 (line 134)
                      ;   {section_word}
  0x000002044a5cd774: 488b c248 | ba77 d75c | 4a04 0200 

  0x000002044a5cd780: ;   {runtime_call handle_exception_nofpu Runtime1 stub}
  0x000002044a5cd780: 00e8 fa8a | da05 9049 | 8b87 0005 | 0000 4d33 | d24d 8997 | 0005 0000 | 4d33 d24d | 8997 0805 
  0x000002044a5cd7a0: 0000 488b 

  0x000002044a5cd7a4: ;   {oop(a 'java/lang/Class'{0x00000006806f2438} = 'ui/utils/x')}
  0x000002044a5cd7a4: d048 b838 | 246f 8006 | 0000 0048 | 8d84 24e0 | 0000 0048 | 8b30 4885 | f60f 840f | 0000 0048 
  0x000002044a5cd7c4: 8b78 08f0 | 480f b137 | 0f85 4905 | 0000 49ff | 8f50 0500 

  0x000002044a5cd7d8: ; ImmutableOopMap {rax=Oop }
                      ;*invokestatic debug {reexecute=0 rethrow=0 return_oop=0}
                      ; - ui.frmwork.I::fireTclEvent@85 (line 134)
  0x000002044a5cd7d8: 0048 8bc2 

  0x000002044a5cd7dc: ;   {section_word}
  0x000002044a5cd7dc: 48ba dcd7 | 5c4a 0402 

  0x000002044a5cd7e4: ;   {runtime_call handle_exception_nofpu Runtime1 stub}
  0x000002044a5cd7e4: 0000 e895 | 8ada 0590 | 498b 8700 | 0500 004d | 33d2 4d89 | 9700 0500 | 004d 33d2 | 4d89 9708 
  0x000002044a5cd804: 0500 0048 

  0x000002044a5cd808: ;   {metadata(method data for {method} {0x00000204a3632898} 'fireTclEvent' '(J)I' in 'ui/frmwork/I')}
  0x000002044a5cd808: 8bd0 48b8 | c0db b1ca | 0402 0000 | 4883 8088 | 0300 0001 

  0x000002044a5cd81c: ;   {oop(a 'java/lang/Class'{0x00000006806f2438} = 'ui/utils/x')}
  0x000002044a5cd81c: 48be 3824 | 6f80 0600 | 0000 488d | bc24 e000 | 0000 4889 | 7708 488b | 0648 83c8 | 0148 8907 
  0x000002044a5cd83c: f048 0fb1 | 3e0f 8412 | 0000 0048 | 2bc4 4825 | 07f0 ffff | 4889 070f | 85dd 0400 | 0049 ff87 
  0x000002044a5cd85c: 5005 0000 

  0x000002044a5cd860: ;   {metadata(method data for {method} {0x00000204a3486150} 'i' '(Ljava/lang/Throwable;)V' in 'ui/utils/x')}
  0x000002044a5cd860: 48be d8eb | 12c9 0402 | 0000 8bbe | cc00 0000 | 83c7 0289 | becc 0000 | 0081 e7fe | ff1f 0083 
  0x000002044a5cd880: ff00 0f84 | c104 0000 

  0x000002044a5cd888: ;   {metadata(method data for {method} {0x00000204a3486150} 'i' '(Ljava/lang/Throwable;)V' in 'ui/utils/x')}
  0x000002044a5cd888: 48be d8eb | 12c9 0402 | 0000 4883 | 8610 0100 | 0001 0f1f 

  0x000002044a5cd89c: ;   {static_call}
  0x000002044a5cd89c: 4400 00e8 

  0x000002044a5cd8a0: ; ImmutableOopMap {[232]=Oop }
                      ;*invokestatic i {reexecute=0 rethrow=0 return_oop=0}
                      ; - ui.utils.x::i@1 (line 275)
                      ; - ui.frmwork.I::fireTclEvent@106 (line 143)
  0x000002044a5cd8a0: dc17 ce05 

  0x000002044a5cd8a4: ;   {other}
  0x000002044a5cd8a4: 0f1f 8400 | 9419 0012 | 488d 8424 | e000 0000 | 488b 3048 | 85f6 0f84 | 0f00 0000 | 488b 7808 
  0x000002044a5cd8c4: f048 0fb1 | 370f 859b | 0400 0049 | ff8f 5005 | 0000 be01 | 0000 0048 | 8bc6 4881 | c410 0100 
  0x000002044a5cd8e4: ;   {poll_return}
  0x000002044a5cd8e4: 005d 493b | a750 0400 | 000f 878d | 0400 00c3 | 498b 8700 | 0500 004d | 33d2 4d89 | 9700 0500 
  0x000002044a5cd904: 004d 33d2 | 4d89 9708 | 0500 0048 

  0x000002044a5cd910: ;   {oop(a 'java/lang/Class'{0x00000006806f2438} = 'ui/utils/x')}
  0x000002044a5cd910: 8bf0 48b8 | 3824 6f80 | 0600 0000 | 488d 8424 | e000 0000 | 488b 3848 | 85ff 0f84 | 0f00 0000 
  0x000002044a5cd930: 488b 5808 | f048 0fb1 | 3b0f 8557 | 0400 0049 | ff8f 5005 | 0000 488b | c6e9 7b04 

  0x000002044a5cd94c: ;   {metadata({method} {0x00000204a3632898} 'fireTclEvent' '(J)I' in 'ui/frmwork/I')}
  0x000002044a5cd94c: 0000 49ba | 9028 63a3 | 0402 0000 | 4c89 5424 | 0848 c704 | 24ff ffff 

  0x000002044a5cd964: ;   {runtime_call counter_overflow Runtime1 stub}
  0x000002044a5cd964: ffe8 96d5 

  0x000002044a5cd968: ; ImmutableOopMap {rdx=Oop [176]=Oop }
                      ;*synchronization entry
                      ; - ui.frmwork.I::fireTclEvent@-1 (line 102)
  0x000002044a5cd968: da05 e928 | eaff ff48 

  0x000002044a5cd970: ;   {runtime_call fast_new_instance Runtime1 stub}
  0x000002044a5cd970: 8bd2 e809 

  0x000002044a5cd974: ; ImmutableOopMap {[176]=Oop }
                      ;*new {reexecute=0 rethrow=0 return_oop=0}
                      ; - ui.frmwork.I::fireTclEvent@7 (line 105)
  0x000002044a5cd974: 7ada 05e9 | a0ea ffff 

  0x000002044a5cd97c: ;   {metadata({method} {0x00000204a36d40a8} '<init>' '(J)V' in 'ui/frmwork/a/v')}
  0x000002044a5cd97c: 49ba a040 | 6da3 0402 | 0000 4c89 | 5424 0848 | c704 24ff 

  0x000002044a5cd990: ;   {runtime_call counter_overflow Runtime1 stub}
  0x000002044a5cd990: ffff ffe8 

  0x000002044a5cd994: ; ImmutableOopMap {rax=Oop [176]=Oop }
                      ;*synchronization entry
                      ; - ui.frmwork.a.v::<init>@-1 (line 24)
                      ; - ui.frmwork.I::fireTclEvent@12 (line 105)
  0x000002044a5cd994: 68d5 da05 | e9bc eaff 

  0x000002044a5cd99c: ;   {metadata({method} {0x0000020462479fd0} '<init>' '()V' in 'java/lang/Object')}
  0x000002044a5cd99c: ff49 bac8 | 9f47 6204 | 0200 004c | 8954 2408 | 48c7 0424 | ffff ffff 

  0x000002044a5cd9b4: ;   {runtime_call counter_overflow Runtime1 stub}
  0x000002044a5cd9b4: e847 d5da 

  0x000002044a5cd9b8: ; ImmutableOopMap {rax=Oop [176]=Oop }
                      ;*synchronization entry
                      ; - java.lang.Object::<init>@-1 (line 45)
                      ; - ui.frmwork.a.v::<init>@1 (line 24)
                      ; - ui.frmwork.I::fireTclEvent@12 (line 105)
  0x000002044a5cd9b8: 05e9 d8ea 

  0x000002044a5cd9bc: ;   {metadata({method} {0x00000204a36d4218} 'iSQ' '()Lui/frmwork/a/v$a;' in 'ui/frmwork/a/v')}
  0x000002044a5cd9bc: ffff 49ba | 1042 6da3 | 0402 0000 | 4c89 5424 | 0848 c704 | 24ff ffff 

  0x000002044a5cd9d4: ;   {runtime_call counter_overflow Runtime1 stub}
  0x000002044a5cd9d4: ffe8 26d5 

  0x000002044a5cd9d8: ; ImmutableOopMap {rax=Oop [176]=Oop }
                      ;*synchronization entry
                      ; - ui.frmwork.a.v::iSQ@-1 (line 36)
                      ; - ui.frmwork.I::fireTclEvent@19 (line 107)
  0x000002044a5cd9d8: da05 e911 

  0x000002044a5cd9dc: ;   {metadata({method} {0x00000204a36d4160} 'UR' '(I)Lui/frmwork/a/v$a;' in 'ui/frmwork/a/v')}
  0x000002044a5cd9dc: ebff ff49 | ba58 416d | a304 0200 | 004c 8954 | 2408 48c7 | 0424 ffff 

  0x000002044a5cd9f4: ;   {runtime_call counter_overflow Runtime1 stub}
  0x000002044a5cd9f4: ffff e805 

  0x000002044a5cd9f8: ; ImmutableOopMap {[176]=Oop [184]=Oop }
                      ;*synchronization entry
                      ; - ui.frmwork.a.v::UR@-1 (line 29)
                      ; - ui.frmwork.a.v::iSQ@7 (line 36)
                      ; - ui.frmwork.I::fireTclEvent@19 (line 107)
  0x000002044a5cd9f8: d5da 05e9 | 56eb ffff 

  0x000002044a5cda00: ;   {runtime_call throw_null_pointer_exception Runtime1 stub}
  0x000002044a5cda00: e87b 70da 

  0x000002044a5cda04: ; ImmutableOopMap {rax=Oop rsi=Oop [176]=Oop [184]=Oop }
                      ;*invokevirtual get {reexecute=0 rethrow=0 return_oop=0}
                      ; - ui.frmwork.a.v::UR@7 (line 29)
                      ; - ui.frmwork.a.v::iSQ@7 (line 36)
                      ; - ui.frmwork.I::fireTclEvent@19 (line 107)
  0x000002044a5cda04: 0548 8904 

  0x000002044a5cda08: ;   {runtime_call throw_class_cast_exception Runtime1 stub}
  0x000002044a5cda08: 24e8 7294 

  0x000002044a5cda0c: ; ImmutableOopMap {[176]=Oop [184]=Oop }
                      ;*checkcast {reexecute=0 rethrow=0 return_oop=0}
                      ; - ui.frmwork.a.v::UR@10 (line 29)
                      ; - ui.frmwork.a.v::iSQ@7 (line 36)
                      ; - ui.frmwork.I::fireTclEvent@19 (line 107)
                      ;   {metadata({method} {0x00000204a348ec58} 'fiZ' '()Z' in 'ui/utils/x')}
  0x000002044a5cda0c: da05 49ba | 50ec 48a3 | 0402 0000 | 4c89 5424 | 0848 c704 | 24ff ffff 

  0x000002044a5cda24: ;   {runtime_call counter_overflow Runtime1 stub}
  0x000002044a5cda24: ffe8 d6d4 

  0x000002044a5cda28: ; ImmutableOopMap {[176]=Oop [184]=Oop }
                      ;*synchronization entry
                      ; - ui.utils.x::fiZ@-1 (line 1610)
                      ; - ui.frmwork.I::fireTclEvent@40 (line 117)
  0x000002044a5cda28: da05 e96f 

  0x000002044a5cda2c: ;   {metadata({method} {0x00000204a32727b0} 'isEventDispatchThread' '()Z' in 'javax/swing/SwingUtilities')}
  0x000002044a5cda2c: eeff ff49 | baa8 2727 | a304 0200 | 004c 8954 | 2408 48c7 | 0424 ffff 

  0x000002044a5cda44: ;   {runtime_call counter_overflow Runtime1 stub}
  0x000002044a5cda44: ffff e8b5 

  0x000002044a5cda48: ; ImmutableOopMap {[176]=Oop [184]=Oop }
                      ;*synchronization entry
                      ; - javax.swing.SwingUtilities::isEventDispatchThread@-1 (line 1493)
                      ; - ui.frmwork.I::fireTclEvent@46 (line 117)
  0x000002044a5cda48: d4da 05e9 | d5ee ffff 

  0x000002044a5cda50: ;   {metadata({method} {0x00000204a32561f8} 'isDispatchThread' '()Z' in 'java/awt/EventQueue')}
  0x000002044a5cda50: 49ba f061 | 25a3 0402 | 0000 4c89 | 5424 0848 | c704 24ff 

  0x000002044a5cda64: ;   {runtime_call counter_overflow Runtime1 stub}
  0x000002044a5cda64: ffff ffe8 

  0x000002044a5cda68: ; ImmutableOopMap {[176]=Oop [184]=Oop }
                      ;*synchronization entry
                      ; - java.awt.EventQueue::isDispatchThread@-1 (line 1089)
                      ; - javax.swing.SwingUtilities::isEventDispatchThread@0 (line 1493)
                      ; - ui.frmwork.I::fireTclEvent@46 (line 117)
  0x000002044a5cda68: 94d4 da05 | e9ee eeff 

  0x000002044a5cda70: ;   {metadata({method} {0x00000204a30d5000} 'getEventQueue' '()Ljava/awt/EventQueue;' in 'java/awt/Toolkit')}
  0x000002044a5cda70: ff49 baf8 | 4f0d a304 | 0200 004c | 8954 2408 | 48c7 0424 | ffff ffff 

  0x000002044a5cda88: ;   {runtime_call counter_overflow Runtime1 stub}
  0x000002044a5cda88: e873 d4da 

  0x000002044a5cda8c: ; ImmutableOopMap {[176]=Oop [184]=Oop }
                      ;*synchronization entry
                      ; - java.awt.Toolkit::getEventQueue@-1 (line 1489)
                      ; - java.awt.EventQueue::isDispatchThread@0 (line 1089)
                      ; - javax.swing.SwingUtilities::isEventDispatchThread@0 (line 1493)
                      ; - ui.frmwork.I::fireTclEvent@46 (line 117)
  0x000002044a5cda8c: 05e9 07ef 

  0x000002044a5cda90: ;   {runtime_call throw_null_pointer_exception Runtime1 stub}
  0x000002044a5cda90: ffff e8e9 

  0x000002044a5cda94: ; ImmutableOopMap {rax=Oop [176]=Oop [184]=Oop }
                      ;*invokevirtual getSystemEventQueueImpl {reexecute=0 rethrow=0 return_oop=0}
                      ; - java.awt.Toolkit::getEventQueue@3 (line 1489)
                      ; - java.awt.EventQueue::isDispatchThread@0 (line 1089)
                      ; - javax.swing.SwingUtilities::isEventDispatchThread@0 (line 1493)
                      ; - ui.frmwork.I::fireTclEvent@46 (line 117)
                      ;   {metadata({method} {0x00000204a3117960} 'getSystemEventQueueImpl' '()Ljava/awt/EventQueue;' in 'sun/awt/SunToolkit')}
  0x000002044a5cda94: 6fda 0549 | ba58 7911 | a304 0200 | 004c 8954 | 2408 48c7 | 0424 ffff 

  0x000002044a5cdaac: ;   {runtime_call counter_overflow Runtime1 stub}
  0x000002044a5cdaac: ffff e84d 

  0x000002044a5cdab0: ; ImmutableOopMap {[176]=Oop [184]=Oop }
                      ;*synchronization entry
                      ; - sun.awt.SunToolkit::getSystemEventQueueImpl@-1 (line 1059)
                      ; - java.awt.Toolkit::getEventQueue@3 (line 1489)
                      ; - java.awt.EventQueue::isDispatchThread@0 (line 1089)
                      ; - javax.swing.SwingUtilities::isEventDispatchThread@0 (line 1493)
                      ; - ui.frmwork.I::fireTclEvent@46 (line 117)
  0x000002044a5cdab0: d4da 05e9 | bfef ffff 

  0x000002044a5cdab8: ;   {metadata({method} {0x00000204a3117a00} 'getSystemEventQueueImplPP' '()Ljava/awt/EventQueue;' in 'sun/awt/SunToolkit')}
  0x000002044a5cdab8: 49ba f879 | 11a3 0402 | 0000 4c89 | 5424 0848 | c704 24ff 

  0x000002044a5cdacc: ;   {runtime_call counter_overflow Runtime1 stub}
  0x000002044a5cdacc: ffff ffe8 

  0x000002044a5cdad0: ; ImmutableOopMap {[176]=Oop [184]=Oop }
                      ;*synchronization entry
                      ; - sun.awt.SunToolkit::getSystemEventQueueImplPP@-1 (line 1064)
                      ; - sun.awt.SunToolkit::getSystemEventQueueImpl@0 (line 1059)
                      ; - java.awt.Toolkit::getEventQueue@3 (line 1489)
                      ; - java.awt.EventQueue::isDispatchThread@0 (line 1089)
                      ; - javax.swing.SwingUtilities::isEventDispatchThread@0 (line 1493)
                      ; - ui.frmwork.I::fireTclEvent@46 (line 117)
  0x000002044a5cdad0: 2cd4 da05 | e9d8 efff 

  0x000002044a5cdad8: ;   {metadata({method} {0x00000204a3117ac0} 'getSystemEventQueueImplPP' '(Lsun/awt/AppContext;)Ljava/awt/EventQueue;' in 'sun/awt/SunToolkit')}
  0x000002044a5cdad8: ff49 bab8 | 7a11 a304 | 0200 004c | 8954 2408 | 48c7 0424 | ffff ffff 

  0x000002044a5cdaf0: ;   {runtime_call counter_overflow Runtime1 stub}
  0x000002044a5cdaf0: e80b d4da 

  0x000002044a5cdaf4: ; ImmutableOopMap {rax=Oop [176]=Oop [184]=Oop }
                      ;*synchronization entry
                      ; - sun.awt.SunToolkit::getSystemEventQueueImplPP@-1 (line 1068)
                      ; - sun.awt.SunToolkit::getSystemEventQueueImplPP@3 (line 1064)
                      ; - sun.awt.SunToolkit::getSystemEventQueueImpl@0 (line 1059)
                      ; - java.awt.Toolkit::getEventQueue@3 (line 1489)
                      ; - java.awt.EventQueue::isDispatchThread@0 (line 1089)
                      ; - javax.swing.SwingUtilities::isEventDispatchThread@0 (line 1493)
                      ; - ui.frmwork.I::fireTclEvent@46 (line 117)
  0x000002044a5cdaf4: 05e9 16f0 

  0x000002044a5cdaf8: ;   {runtime_call throw_null_pointer_exception Runtime1 stub}
  0x000002044a5cdaf8: ffff e881 

  0x000002044a5cdafc: ; ImmutableOopMap {rax=Oop [176]=Oop [184]=Oop }
                      ;*invokevirtual get {reexecute=0 rethrow=0 return_oop=0}
                      ; - sun.awt.SunToolkit::getSystemEventQueueImplPP@4 (line 1069)
                      ; - sun.awt.SunToolkit::getSystemEventQueueImplPP@3 (line 1064)
                      ; - sun.awt.SunToolkit::getSystemEventQueueImpl@0 (line 1059)
                      ; - java.awt.Toolkit::getEventQueue@3 (line 1489)
                      ; - java.awt.EventQueue::isDispatchThread@0 (line 1089)
                      ; - javax.swing.SwingUtilities::isEventDispatchThread@0 (line 1493)
                      ; - ui.frmwork.I::fireTclEvent@46 (line 117)
  0x000002044a5cdafc: 6fda 0548 

  0x000002044a5cdb00: ;   {runtime_call throw_class_cast_exception Runtime1 stub}
  0x000002044a5cdb00: 8904 24e8 

  0x000002044a5cdb04: ; ImmutableOopMap {[176]=Oop [184]=Oop }
                      ;*checkcast {reexecute=0 rethrow=0 return_oop=0}
                      ; - sun.awt.SunToolkit::getSystemEventQueueImplPP@7 (line 1069)
                      ; - sun.awt.SunToolkit::getSystemEventQueueImplPP@3 (line 1064)
                      ; - sun.awt.SunToolkit::getSystemEventQueueImpl@0 (line 1059)
                      ; - java.awt.Toolkit::getEventQueue@3 (line 1489)
                      ; - java.awt.EventQueue::isDispatchThread@0 (line 1089)
                      ; - javax.swing.SwingUtilities::isEventDispatchThread@0 (line 1493)
                      ; - ui.frmwork.I::fireTclEvent@46 (line 117)
  0x000002044a5cdb04: 7893 da05 

  0x000002044a5cdb08: ;   {runtime_call throw_null_pointer_exception Runtime1 stub}
  0x000002044a5cdb08: e873 6fda 

  0x000002044a5cdb0c: ; ImmutableOopMap {rdx=Oop [176]=Oop [184]=Oop }
                      ;*invokevirtual isDispatchThreadImpl {reexecute=0 rethrow=0 return_oop=0}
                      ; - java.awt.EventQueue::isDispatchThread@5 (line 1090)
                      ; - javax.swing.SwingUtilities::isEventDispatchThread@0 (line 1493)
                      ; - ui.frmwork.I::fireTclEvent@46 (line 117)
                      ;   {metadata({method} {0x00000204a5ef1230} 'linkToTargetMethod' '(Ljava/lang/Object;JLjava/lang/Object;)Ljava/lang/Object;' in 'java/lang/invoke/LambdaForm$MH+0x0000020463760800')}
  0x000002044a5cdb0c: 0549 ba28 | 12ef a504 | 0200 004c | 8954 2408 | 48c7 0424 | ffff ffff 

  0x000002044a5cdb24: ;   {runtime_call counter_overflow Runtime1 stub}
  0x000002044a5cdb24: e8d7 d3da 

  0x000002044a5cdb28: ; ImmutableOopMap {rdx=Oop rdi=Oop [176]=Oop }
                      ;*synchronization entry
                      ; - java.lang.invoke.LambdaForm$MH/0x0000020463760800::linkToTargetMethod@-1
                      ; - ui.frmwork.I::fireTclEvent@63 (line 120)
  0x000002044a5cdb28: 05e9 5cf3 

  0x000002044a5cdb2c: ;   {metadata({method} {0x00000204a5ef0ab0} 'newInvokeSpecial' '(Ljava/lang/Object;Ljava/lang/Object;J)Ljava/lang/Object;' in 'java/lang/invoke/LambdaForm$DMH+0x0000020463760400')}
  0x000002044a5cdb2c: ffff 49ba | a80a efa5 | 0402 0000 | 4c89 5424 | 0848 c704 | 24ff ffff 

  0x000002044a5cdb44: ;   {runtime_call counter_overflow Runtime1 stub}
  0x000002044a5cdb44: ffe8 b6d3 

  0x000002044a5cdb48: ; ImmutableOopMap {rdx=Oop rdi=Oop [176]=Oop }
                      ;*synchronization entry
                      ; - java.lang.invoke.LambdaForm$DMH/0x0000020463760400::newInvokeSpecial@-1
                      ; - java.lang.invoke.LambdaForm$MH/0x0000020463760800::linkToTargetMethod@6
                      ; - ui.frmwork.I::fireTclEvent@63 (line 120)
  0x000002044a5cdb48: da05 e96b 

  0x000002044a5cdb4c: ;   {metadata({method} {0x00000204620a2c70} 'allocateInstance' '(Ljava/lang/Object;)Ljava/lang/Object;' in 'java/lang/invoke/DirectMethodHandle')}
  0x000002044a5cdb4c: f4ff ff49 | ba68 2c0a | 6204 0200 | 004c 8954 | 2408 48c7 | 0424 ffff 

  0x000002044a5cdb64: ;   {runtime_call counter_overflow Runtime1 stub}
  0x000002044a5cdb64: ffff e895 

  0x000002044a5cdb68: ; ImmutableOopMap {rdx=Oop rdi=Oop [176]=Oop }
                      ;*synchronization entry
                      ; - java.lang.invoke.DirectMethodHandle::allocateInstance@-1 (line 500)
                      ; - java.lang.invoke.LambdaForm$DMH/0x0000020463760400::newInvokeSpecial@1
                      ; - java.lang.invoke.LambdaForm$MH/0x0000020463760800::linkToTargetMethod@6
                      ; - ui.frmwork.I::fireTclEvent@63 (line 120)
  0x000002044a5cdb68: d3da 05e9 | e6f4 ffff 

  0x000002044a5cdb70: ;   {metadata({method} {0x00000204620a3718} 'constructorMethod' '(Ljava/lang/Object;)Ljava/lang/Object;' in 'java/lang/invoke/DirectMethodHandle')}
  0x000002044a5cdb70: 49ba 1037 | 0a62 0402 | 0000 4c89 | 5424 0848 | c704 24ff 

  0x000002044a5cdb84: ;   {runtime_call counter_overflow Runtime1 stub}
  0x000002044a5cdb84: ffff ffe8 

  0x000002044a5cdb88: ; ImmutableOopMap {rax=Oop [176]=Oop }
                      ;*synchronization entry
                      ; - java.lang.invoke.DirectMethodHandle::constructorMethod@-1 (line 494)
                      ; - java.lang.invoke.LambdaForm$DMH/0x0000020463760400::newInvokeSpecial@7
                      ; - java.lang.invoke.LambdaForm$MH/0x0000020463760800::linkToTargetMethod@6
                      ; - ui.frmwork.I::fireTclEvent@63 (line 120)
  0x000002044a5cdb88: 74d3 da05 | e90f f6ff 

  0x000002044a5cdb90: ;   {runtime_call throw_null_pointer_exception Runtime1 stub}
  0x000002044a5cdb90: ffe8 ea6e 

  0x000002044a5cdb94: ; ImmutableOopMap {rax=Oop [176]=Oop }
                      ;*invokestatic linkToSpecial {reexecute=0 rethrow=0 return_oop=0}
                      ; - java.lang.invoke.LambdaForm$DMH/0x0000020463760400::newInvokeSpecial@21
                      ; - java.lang.invoke.LambdaForm$MH/0x0000020463760800::linkToTargetMethod@6
                      ; - ui.frmwork.I::fireTclEvent@63 (line 120)
                      ;   {metadata({method} {0x00000204a5eeecd0} '<init>' '(Lui/frmwork/I;J)V' in 'ui/frmwork/I$$Lambda+0x000002046375cc90')}
  0x000002044a5cdb94: da05 49ba | c8ec eea5 | 0402 0000 | 4c89 5424 | 0848 c704 | 24ff ffff 

  0x000002044a5cdbac: ;   {runtime_call counter_overflow Runtime1 stub}
  0x000002044a5cdbac: ffe8 4ed3 

  0x000002044a5cdbb0: ; ImmutableOopMap {rax=Oop rdx=Oop [176]=Oop }
                      ;*synchronization entry
                      ; - ui.frmwork.I$$Lambda/0x000002046375cc90::<init>@-1
                      ; - java.lang.invoke.LambdaForm$DMH/0x0000020463760400::newInvokeSpecial@21
                      ; - java.lang.invoke.LambdaForm$MH/0x0000020463760800::linkToTargetMethod@6
                      ; - ui.frmwork.I::fireTclEvent@63 (line 120)
  0x000002044a5cdbb0: da05 e931 

  0x000002044a5cdbb4: ;   {metadata({method} {0x0000020462479fd0} '<init>' '()V' in 'java/lang/Object')}
  0x000002044a5cdbb4: f7ff ff49 | bac8 9f47 | 6204 0200 | 004c 8954 | 2408 48c7 | 0424 ffff 

  0x000002044a5cdbcc: ;   {runtime_call counter_overflow Runtime1 stub}
  0x000002044a5cdbcc: ffff e82d 

  0x000002044a5cdbd0: ; ImmutableOopMap {rax=Oop rdx=Oop [176]=Oop }
                      ;*synchronization entry
                      ; - java.lang.Object::<init>@-1 (line 45)
                      ; - ui.frmwork.I$$Lambda/0x000002046375cc90::<init>@1
                      ; - java.lang.invoke.LambdaForm$DMH/0x0000020463760400::newInvokeSpecial@21
                      ; - java.lang.invoke.LambdaForm$MH/0x0000020463760800::linkToTargetMethod@6
                      ; - ui.frmwork.I::fireTclEvent@63 (line 120)
  0x000002044a5cdbd0: d3da 05e9 | 4df7 ffff | 8b70 0c48 | c1e6 0348 | 83fe 000f | 844a f7ff | ff48 8934 

  0x000002044a5cdbec: ;   {runtime_call g1_pre_barrier_slow}
  0x000002044a5cdbec: 24e8 0ed9 | da05 e93c | f7ff ff48 | 83fa 000f | 8451 f7ff | ff48 8904 

  0x000002044a5cdc04: ;   {runtime_call g1_post_barrier_slow}
  0x000002044a5cdc04: 24e8 f6db | da05 e943 

  0x000002044a5cdc0c: ;   {metadata({method} {0x00000204a3272710} 'invokeAndWait' '(Ljava/lang/Runnable;)V' in 'javax/swing/SwingUtilities')}
  0x000002044a5cdc0c: f7ff ff49 | ba08 2727 | a304 0200 | 004c 8954 | 2408 48c7 | 0424 ffff 

  0x000002044a5cdc24: ;   {runtime_call counter_overflow Runtime1 stub}
  0x000002044a5cdc24: ffff e8d5 

  0x000002044a5cdc28: ; ImmutableOopMap {rax=Oop }
                      ;*synchronization entry
                      ; - javax.swing.SwingUtilities::invokeAndWait@-1 (line 1480)
                      ; - ui.frmwork.I::fireTclEvent@68 (line 120)
  0x000002044a5cdc28: d2da 05e9 | 2cf8 ffff 

  0x000002044a5cdc30: ;   {metadata({method} {0x00000204a3256e50} 'invokeAndWait' '(Ljava/lang/Runnable;)V' in 'java/awt/EventQueue')}
  0x000002044a5cdc30: 49ba 486e | 25a3 0402 | 0000 4c89 | 5424 0848 | c704 24ff 

  0x000002044a5cdc44: ;   {runtime_call counter_overflow Runtime1 stub}
  0x000002044a5cdc44: ffff ffe8 

  0x000002044a5cdc48: ; ImmutableOopMap {rax=Oop }
                      ;*synchronization entry
                      ; - java.awt.EventQueue::invokeAndWait@-1 (line 1346)
                      ; - javax.swing.SwingUtilities::invokeAndWait@1 (line 1480)
                      ; - ui.frmwork.I::fireTclEvent@68 (line 120)
  0x000002044a5cdc48: b4d2 da05 | e945 f8ff 

  0x000002044a5cdc50: ;   {runtime_call throw_null_pointer_exception Runtime1 stub}
  0x000002044a5cdc50: ffe8 2a6e 

  0x000002044a5cdc54: ; ImmutableOopMap {rdx=Oop r8=Oop }
                      ;*synchronization entry
                      ; - ui.utils.x::debug@-1 (line 259)
                      ; - ui.frmwork.I::fireTclEvent@85 (line 134)
  0x000002044a5cdc54: da05 4c89 | 4424 0848 

  0x000002044a5cdc5c: ;   {runtime_call monitorenter_nofpu Runtime1 stub}
  0x000002044a5cdc5c: 8934 24e8 

  0x000002044a5cdc60: ; ImmutableOopMap {rdx=Oop r8=Oop [232]=Oop }
                      ;*synchronization entry
                      ; - ui.utils.x::debug@-1 (line 259)
                      ; - ui.frmwork.I::fireTclEvent@85 (line 134)
  0x000002044a5cdc60: 1c9e da05 | e919 f9ff 

  0x000002044a5cdc68: ;   {metadata({method} {0x00000204a3485ed0} 'debug' '(Ljava/lang/Exception;)V' in 'ui/utils/x')}
  0x000002044a5cdc68: ff49 bac8 | 5e48 a304 | 0200 004c | 8954 2408 | 48c7 0424 | ffff ffff 

  0x000002044a5cdc80: ;   {runtime_call counter_overflow Runtime1 stub}
  0x000002044a5cdc80: e87b d2da 

  0x000002044a5cdc84: ; ImmutableOopMap {rdx=Oop [232]=Oop }
                      ;*synchronization entry
                      ; - ui.utils.x::debug@-1 (line 259)
                      ; - ui.frmwork.I::fireTclEvent@85 (line 134)
  0x000002044a5cdc84: 05e9 25f9 

  0x000002044a5cdc88: ;   {runtime_call throw_null_pointer_exception Runtime1 stub}
  0x000002044a5cdc88: ffff e8f1 

  0x000002044a5cdc8c: ; ImmutableOopMap {rdx=Oop r8=Oop [232]=Oop }
                      ;*synchronization entry
                      ; - ui.utils.e.c::debug@-1 (line 232)
                      ; - ui.utils.x::debug@1 (line 259)
                      ; - ui.frmwork.I::fireTclEvent@85 (line 134)
  0x000002044a5cdc8c: 6dda 054c | 8944 2408 | 4889 3424 

  0x000002044a5cdc98: ;   {runtime_call monitorenter_nofpu Runtime1 stub}
  0x000002044a5cdc98: e8e3 9dda 

  0x000002044a5cdc9c: ; ImmutableOopMap {rdx=Oop r8=Oop [232]=Oop [248]=Oop }
                      ;*synchronization entry
                      ; - ui.utils.e.c::debug@-1 (line 232)
                      ; - ui.utils.x::debug@1 (line 259)
                      ; - ui.frmwork.I::fireTclEvent@85 (line 134)
  0x000002044a5cdc9c: 05e9 63f9 

  0x000002044a5cdca0: ;   {metadata({method} {0x00000204a4046cc8} 'debug' '(Ljava/lang/Exception;)V' in 'ui/utils/e/c')}
  0x000002044a5cdca0: ffff 49ba | c06c 04a4 | 0402 0000 | 4c89 5424 | 0848 c704 | 24ff ffff 

  0x000002044a5cdcb8: ;   {runtime_call counter_overflow Runtime1 stub}
  0x000002044a5cdcb8: ffe8 42d2 

  0x000002044a5cdcbc: ; ImmutableOopMap {rdx=Oop [232]=Oop [248]=Oop }
                      ;*synchronization entry
                      ; - ui.utils.e.c::debug@-1 (line 232)
                      ; - ui.utils.x::debug@1 (line 259)
                      ; - ui.frmwork.I::fireTclEvent@85 (line 134)
  0x000002044a5cdcbc: da05 e96c | f9ff ff48 | 8d84 24f0 | 0000 0048 

  0x000002044a5cdccc: ;   {runtime_call monitorexit_nofpu Runtime1 stub}
  0x000002044a5cdccc: 8904 24e8 | aca8 da05 | e9a5 f9ff | ff48 8d84 | 24e0 0000 | 0048 8904 

  0x000002044a5cdce4: ;   {runtime_call monitorexit_nofpu Runtime1 stub}
  0x000002044a5cdce4: 24e8 96a8 | da05 e9b9 

  0x000002044a5cdcec: ;   {internal_word}
  0x000002044a5cdcec: f9ff ff49 | ba14 d75c | 4a04 0200 | 004d 8997 | 6804 0000 

  0x000002044a5cdd00: ;   {runtime_call SafepointBlob}
  0x000002044a5cdd00: e9fb 79ce | 0548 8d84 | 24f0 0000 | 0048 8904 

  0x000002044a5cdd10: ;   {runtime_call monitorexit_nofpu Runtime1 stub}
  0x000002044a5cdd10: 24e8 6aa8 | da05 e959 | faff ff48 | 8d84 24e0 | 0000 0048 

  0x000002044a5cdd24: ;   {runtime_call monitorexit_nofpu Runtime1 stub}
  0x000002044a5cdd24: 8904 24e8 | 54a8 da05 | e9a8 faff 

  0x000002044a5cdd30: ;   {runtime_call throw_null_pointer_exception Runtime1 stub}
  0x000002044a5cdd30: ffe8 4a6d 

  0x000002044a5cdd34: ; ImmutableOopMap {rdx=Oop rsi=Oop }
                      ;*synchronization entry
                      ; - ui.utils.x::i@-1 (line 275)
                      ; - ui.frmwork.I::fireTclEvent@106 (line 143)
  0x000002044a5cdd34: da05 4889 | 7424 0848 

  0x000002044a5cdd3c: ;   {runtime_call monitorenter_nofpu Runtime1 stub}
  0x000002044a5cdd3c: 893c 24e8 

  0x000002044a5cdd40: ; ImmutableOopMap {rdx=Oop rsi=Oop [232]=Oop }
                      ;*synchronization entry
                      ; - ui.utils.x::i@-1 (line 275)
                      ; - ui.frmwork.I::fireTclEvent@106 (line 143)
  0x000002044a5cdd40: 3c9d da05 | e917 fbff 

  0x000002044a5cdd48: ;   {metadata({method} {0x00000204a3486150} 'i' '(Ljava/lang/Throwable;)V' in 'ui/utils/x')}
  0x000002044a5cdd48: ff49 ba48 | 6148 a304 | 0200 004c | 8954 2408 | 48c7 0424 | ffff ffff 

  0x000002044a5cdd60: ;   {runtime_call counter_overflow Runtime1 stub}
  0x000002044a5cdd60: e89b d1da 

  0x000002044a5cdd64: ; ImmutableOopMap {rdx=Oop [232]=Oop }
                      ;*synchronization entry
                      ; - ui.utils.x::i@-1 (line 275)
                      ; - ui.frmwork.I::fireTclEvent@106 (line 143)
  0x000002044a5cdd64: 05e9 1efb | ffff 488d | 8424 e000 | 0000 4889 

  0x000002044a5cdd74: ;   {runtime_call monitorexit_nofpu Runtime1 stub}
  0x000002044a5cdd74: 0424 e805 | a8da 05e9 | 56fb ffff 

  0x000002044a5cdd80: ;   {internal_word}
  0x000002044a5cdd80: 49ba e6d8 | 5c4a 0402 | 0000 4d89 | 9768 0400 

  0x000002044a5cdd90: ;   {runtime_call SafepointBlob}
  0x000002044a5cdd90: 00e9 6a79 | ce05 488d | 8424 e000 | 0000 4889 

  0x000002044a5cdda0: ;   {runtime_call monitorexit_nofpu Runtime1 stub}
  0x000002044a5cdda0: 0424 e8d9 | a7da 05e9 | 9afb ffff | 498b 8700 | 0500 0049 | c787 0005 | 0000 0000 | 0000 49c7 
  0x000002044a5cddc0: 8708 0500 | 0000 0000 | 0048 81c4 | 1001 0000 

  0x000002044a5cddd0: ;   {runtime_call unwind_exception Runtime1 stub}
  0x000002044a5cddd0: 5de9 aa5d | da05 f4f4 
[Stub Code]
  0x000002044a5cddd8: ;   {no_reloc}
  0x000002044a5cddd8: 0f1f 4400 

  0x000002044a5cdddc: ;   {static_stub}
  0x000002044a5cdddc: 0048 bb00 | 0000 0000 

  0x000002044a5cdde4: ;   {runtime_call}
  0x000002044a5cdde4: 0000 00e9 | fbff ffff 

  0x000002044a5cddec: ;   {static_stub}
  0x000002044a5cddec: 9048 bb00 | 0000 0000 

  0x000002044a5cddf4: ;   {runtime_call}
  0x000002044a5cddf4: 0000 00e9 | fbff ffff 

  0x000002044a5cddfc: ;   {static_stub}
  0x000002044a5cddfc: 9048 bb00 | 0000 0000 

  0x000002044a5cde04: ;   {runtime_call}
  0x000002044a5cde04: 0000 00e9 | fbff ffff 

  0x000002044a5cde0c: ;   {static_stub}
  0x000002044a5cde0c: 48bb 0000 | 0000 0000 

  0x000002044a5cde14: ;   {runtime_call}
  0x000002044a5cde14: 0000 e9fb 

  0x000002044a5cde18: ;   {static_stub}
  0x000002044a5cde18: ffff ff48 | bb00 0000 | 0000 0000 

  0x000002044a5cde24: ;   {runtime_call}
  0x000002044a5cde24: 00e9 fbff 

  0x000002044a5cde28: ;   {static_stub}
  0x000002044a5cde28: ffff 48bb | 60ac 63a3 | 0402 0000 

  0x000002044a5cde34: ;   {runtime_call I2C/C2I adapters}
  0x000002044a5cde34: e92a e9cb 

  0x000002044a5cde38: ;   {static_stub}
  0x000002044a5cde38: 0548 bb00 | 0000 0000 

  0x000002044a5cde40: ;   {runtime_call}
  0x000002044a5cde40: 0000 00e9 | fbff ffff 

  0x000002044a5cde48: ;   {static_stub}
  0x000002044a5cde48: 48bb 0000 | 0000 0000 

  0x000002044a5cde50: ;   {runtime_call}
  0x000002044a5cde50: 0000 e9fb 

  0x000002044a5cde54: ;   {static_stub}
  0x000002044a5cde54: ffff ff48 | bb00 0000 | 0000 0000 

  0x000002044a5cde60: ;   {runtime_call}
  0x000002044a5cde60: 00e9 fbff 

  0x000002044a5cde64: ;   {static_stub}
  0x000002044a5cde64: ffff 48bb | 0000 0000 | 0000 0000 

  0x000002044a5cde70: ;   {runtime_call}
  0x000002044a5cde70: e9fb ffff 

  0x000002044a5cde74: ;   {static_stub}
  0x000002044a5cde74: ff48 bb90 | 3563 a304 

  0x000002044a5cde7c: ;   {runtime_call I2C/C2I adapters}
  0x000002044a5cde7c: 0200 00e9 | 6363 ce05 

  0x000002044a5cde84: ;   {static_stub}
  0x000002044a5cde84: 48bb 0000 | 0000 0000 

  0x000002044a5cde8c: ;   {runtime_call}
  0x000002044a5cde8c: 0000 e9fb 

  0x000002044a5cde90: ;   {static_stub}
  0x000002044a5cde90: ffff ff48 | bba8 6f25 | a304 0200 

  0x000002044a5cde9c: ;   {runtime_call I2C/C2I adapters}
  0x000002044a5cde9c: 00e9 4563 

  0x000002044a5cdea0: ;   {static_stub}
  0x000002044a5cdea0: ce05 48bb | 0000 0000 | 0000 0000 

  0x000002044a5cdeac: ;   {runtime_call}
  0x000002044a5cdeac: e9fb ffff 

  0x000002044a5cdeb0: ;   {static_stub}
  0x000002044a5cdeb0: ff48 bb00 | 0000 0000 

  0x000002044a5cdeb8: ;   {runtime_call}
  0x000002044a5cdeb8: 0000 00e9 | fbff ffff 

  0x000002044a5cdec0: ;   {static_stub}
  0x000002044a5cdec0: 48bb 0000 | 0000 0000 

  0x000002044a5cdec8: ;   {runtime_call}
  0x000002044a5cdec8: 0000 e9fb 

  0x000002044a5cdecc: ;   {runtime_call handle_exception_from_callee Runtime1 stub}
  0x000002044a5cdecc: ffff ffe8 | ac89 da05 

  0x000002044a5cded4: ;   {external_word}
  0x000002044a5cded4: 48b9 50e0 | cded f87f | 0000 4883 

  0x000002044a5cdee0: ;   {runtime_call}
  0x000002044a5cdee0: e4f0 48b8 | 50ef 90ed | f87f 0000 

  0x000002044a5cdeec: ;   {section_word}
  0x000002044a5cdeec: ffd0 f449 | baef de5c | 4a04 0200 

  0x000002044a5cdef8: ;   {runtime_call DeoptimizationBlob}
  0x000002044a5cdef8: 0041 52e9 | a06a ce05 
[/MachCode]


---------------  P R O C E S S  ---------------

Threads class SMR info:
_java_thread_list=0x00000204dfa7cd50, length=68, elements={
0x000002043c38d840, 0x00000204405c4600, 0x00000204405d9e90, 0x00000204405f5a30,
0x00000204405f6cc0, 0x00000204405f9b80, 0x00000204405fc220, 0x000002044060d980,
0x0000020440612690, 0x0000020440615150, 0x00000204a70606a0, 0x00000204a7064d60,
0x000002044078b330, 0x00000204a7861ec0, 0x00000204a7cd2ed0, 0x00000204a9db2bb0,
0x00000204a9f13e30, 0x00000204aa1c6b00, 0x00000204aa1c5de0, 0x00000204aa1c7190,
0x00000204aa1c5750, 0x00000204a94b8c70, 0x00000204a94b9300, 0x00000204b766d4e0,
0x00000204b766a060, 0x00000204b766ad80, 0x00000204b76702d0, 0x00000204c0b51e10,
0x00000204c0b531c0, 0x00000204c0b57360, 0x00000204c0b54570, 0x00000204c0b53ee0,
0x00000204c0b56cd0, 0x00000204c0b55fb0, 0x00000204c0b56640, 0x00000204aa1c4a30,
0x00000204b8231150, 0x00000204b8230430, 0x00000204b8232500, 0x00000204febd8e50,
0x00000204febd9b70, 0x00000204febd8130, 0x00000204febd6060, 0x00000204febd66f0,
0x0000020419eea270, 0x00000204aa1c3d10, 0x0000020419ee9550, 0x0000020419ee18a0,
0x0000020419ee25c0, 0x00000204e7a362d0, 0x00000204e7a36ff0, 0x0000020419ee81a0,
0x00000204e7a306f0, 0x00000204e7a37680, 0x00000204d3f54070, 0x00000204d3f5a970,
0x00000204d3f588a0, 0x00000204d3f58f30, 0x00000204febdc960, 0x0000020419edf7d0,
0x0000020419edfe60, 0x00000204c4aa53a0, 0x00000204c4aa6750, 0x00000204d7eec070,
0x0000020410e06940, 0x0000020410e04730, 0x0000020410e098f0, 0x0000020410e09fc0
}

Java Threads: ( => current thread )
  0x000002043c38d840 JavaThread "main"                              [_thread_blocked, id=18060, stack(0x000000be02d00000,0x000000be02e00000) (1024K)]
  0x00000204405c4600 JavaThread "Reference Handler"          daemon [_thread_blocked, id=18320, stack(0x000000be03500000,0x000000be03f00000) (10240K)]
  0x00000204405d9e90 JavaThread "Finalizer"                  daemon [_thread_blocked, id=18340, stack(0x000000be03f00000,0x000000be04900000) (10240K)]
  0x00000204405f5a30 JavaThread "Signal Dispatcher"          daemon [_thread_blocked, id=18316, stack(0x000000be04900000,0x000000be05300000) (10240K)]
  0x00000204405f6cc0 JavaThread "Attach Listener"            daemon [_thread_blocked, id=18324, stack(0x000000be05300000,0x000000be05d00000) (10240K)]
  0x00000204405f9b80 JavaThread "Service Thread"             daemon [_thread_blocked, id=18344, stack(0x000000be05d00000,0x000000be06700000) (10240K)]
  0x00000204405fc220 JavaThread "Monitor Deflation Thread"   daemon [_thread_blocked, id=21828, stack(0x000000be06700000,0x000000be07100000) (10240K)]
  0x000002044060d980 JavaThread "C2 CompilerThread0"         daemon [_thread_blocked, id=21544, stack(0x000000be07100000,0x000000be07200000) (1024K)]
  0x0000020440612690 JavaThread "C1 CompilerThread0"         daemon [_thread_blocked, id=19264, stack(0x000000be07200000,0x000000be07300000) (1024K)]
  0x0000020440615150 JavaThread "StringDedupThread"          daemon [_thread_blocked, id=21836, stack(0x000000be07300000,0x000000be07d00000) (10240K)]
  0x00000204a70606a0 JavaThread "Common-Cleaner"             daemon [_thread_blocked, id=21548, stack(0x000000be07f00000,0x000000be08900000) (10240K)]
  0x00000204a7064d60 JavaThread "Notification Thread"        daemon [_thread_blocked, id=2724, stack(0x000000be08900000,0x000000be09300000) (10240K)]
  0x000002044078b330 JavaThread "Java2D Disposer"            daemon [_thread_blocked, id=11132, stack(0x000000be09300000,0x000000be09d00000) (10240K)]
  0x00000204a7861ec0 JavaThread "AWT-Windows"                daemon [_thread_in_native, id=11472, stack(0x000000be0a700000,0x000000be0b100000) (10240K)]
  0x00000204a7cd2ed0 JavaThread "TimerQueue"                 daemon [_thread_blocked, id=14476, stack(0x000000be09d00000,0x000000be0a700000) (10240K)]
  0x00000204a9db2bb0 JavaThread "AWT-Shutdown"                      [_thread_blocked, id=16820, stack(0x000000be0b900000,0x000000be0c300000) (10240K)]
=>0x00000204a9f13e30 JavaThread "AWT-EventQueue-0"                  [_thread_in_native, id=16840, stack(0x000000be0c300000,0x000000be0cd00000) (10240K)]
  0x00000204aa1c6b00 JavaThread "Thread-1"                          [_thread_in_native, id=3176, stack(0x000000be01300000,0x000000be02700000) (20480K)]
  0x00000204aa1c5de0 JavaThread "Process Messages Thread"           [_thread_blocked, id=19284, stack(0x000000be0e400000,0x000000be0ee00000) (10240K)]
  0x00000204aa1c7190 JavaThread "Batik CleanerThread"        daemon [_thread_blocked, id=4380, stack(0x000000be0d800000,0x000000be0e200000) (10240K)]
  0x00000204aa1c5750 JavaThread "SyntheticaCleanerThread"    daemon [_thread_blocked, id=24912, stack(0x000000be0f800000,0x000000be10200000) (10240K)]
  0x00000204a94b8c70 JavaThread "Timer-0"                           [_thread_blocked, id=9672, stack(0x000000be0cd00000,0x000000be0d700000) (10240K)]
  0x00000204a94b9300 JavaThread "Monitor File Timestamp Swing Worker Thread"        [_thread_blocked, id=24628, stack(0x000000be10c00000,0x000000be11600000) (10240K)]
  0x00000204b766d4e0 JavaThread "Monitor HEventQueue for Sluggish Gui Thread"        [_thread_blocked, id=25596, stack(0x000000be11600000,0x000000be12000000) (10240K)]
  0x00000204b766a060 JavaThread "SyntheticaAnimation 50"     daemon [_thread_blocked, id=24584, stack(0x000000be12000000,0x000000be12a00000) (10240K)]
  0x00000204b766ad80 JavaThread "SyntheticaAnimation 25"     daemon [_thread_blocked, id=24704, stack(0x000000be12a00000,0x000000be13400000) (10240K)]
  0x00000204b76702d0 JavaThread "SyntheticaAnimation 70"     daemon [_thread_blocked, id=25352, stack(0x000000be13400000,0x000000be13e00000) (10240K)]
  0x00000204c0b51e10 JavaThread "Refresh Filesets Swing Worker Thread"        [_thread_blocked, id=18124, stack(0x000000be10200000,0x000000be10c00000) (10240K)]
  0x00000204c0b531c0 JavaThread "hw_ila_monitor"                    [_thread_blocked, id=11488, stack(0x000000be13e00000,0x000000be14800000) (10240K)]
  0x00000204c0b57360 JavaThread "pool-1-thread-1"                   [_thread_blocked, id=3588, stack(0x000000be15c00000,0x000000be16600000) (10240K)]
  0x00000204c0b54570 JavaThread "Timer-1"                           [_thread_blocked, id=6596, stack(0x000000be16600000,0x000000be17000000) (10240K)]
  0x00000204c0b53ee0 JavaThread "pool-2-thread-1"                   [_thread_blocked, id=4516, stack(0x000000be17000000,0x000000be17a00000) (10240K)]
  0x00000204c0b56cd0 JavaThread "Timer-2"                           [_thread_blocked, id=3552, stack(0x000000be17a00000,0x000000be18400000) (10240K)]
  0x00000204c0b55fb0 JavaThread "pool-3-thread-1"                   [_thread_blocked, id=14052, stack(0x000000be18400000,0x000000be18e00000) (10240K)]
  0x00000204c0b56640 JavaThread "Timer-3"                           [_thread_blocked, id=12360, stack(0x000000be18e00000,0x000000be19800000) (10240K)]
  0x00000204aa1c4a30 JavaThread "Update Runs Swing Worker Thread"        [_thread_blocked, id=13672, stack(0x000000be19800000,0x000000be1a200000) (10240K)]
  0x00000204b8231150 JavaThread "Thread-32"                         [_thread_in_native, id=3940, stack(0x000000be02900000,0x000000be02a00000) (1024K)]
  0x00000204b8230430 JavaThread "Thread-33"                         [_thread_in_native, id=24612, stack(0x000000be0e300000,0x000000be0e400000) (1024K)]
  0x00000204b8232500 JavaThread "SyntheticaAnimation 50"     daemon [_thread_blocked, id=3624, stack(0x000000be0ee00000,0x000000be0f800000) (10240K)]
  0x00000204febd8e50 JavaThread "Timer-4"                           [_thread_blocked, id=1956, stack(0x000000be14800000,0x000000be15200000) (10240K)]
  0x00000204febd9b70 JavaThread "Monitor File Timestamp Swing Worker Thread"        [_thread_blocked, id=14596, stack(0x000000be1a200000,0x000000be1ac00000) (10240K)]
  0x00000204febd8130 JavaThread "Image Animator 0"           daemon [_thread_blocked, id=3524, stack(0x000000be1da00000,0x000000be1e400000) (10240K)]
  0x00000204febd6060 JavaThread "Timer-10"                          [_thread_blocked, id=26352, stack(0x000000be21600000,0x000000be22000000) (10240K)]
  0x00000204febd66f0 JavaThread "Monitor File Timestamp Swing Worker Thread"        [_thread_blocked, id=12904, stack(0x000000be22000000,0x000000be22a00000) (10240K)]
  0x0000020419eea270 JavaThread "Thread-1175"                       [_thread_in_native, id=25884, stack(0x000000be00d00000,0x000000be00e00000) (1024K)]
  0x00000204aa1c3d10 JavaThread "Thread-1176"                       [_thread_in_native, id=24880, stack(0x000000be02800000,0x000000be02900000) (1024K)]
  0x0000020419ee9550 JavaThread "Thread-1450"                       [_thread_in_native, id=6192, stack(0x000000be0b400000,0x000000be0b500000) (1024K)]
  0x0000020419ee18a0 JavaThread "Timer-15"                          [_thread_blocked, id=14324, stack(0x000000be1ac00000,0x000000be1b600000) (10240K)]
  0x0000020419ee25c0 JavaThread "Monitor File Timestamp Swing Worker Thread"        [_thread_blocked, id=388, stack(0x000000be1b600000,0x000000be1c000000) (10240K)]
  0x00000204e7a362d0 JavaThread "Timer-16"                          [_thread_blocked, id=1136, stack(0x000000be1c000000,0x000000be1ca00000) (10240K)]
  0x00000204e7a36ff0 JavaThread "Monitor File Timestamp Swing Worker Thread"        [_thread_blocked, id=26136, stack(0x000000be1ca00000,0x000000be1d400000) (10240K)]
  0x0000020419ee81a0 JavaThread "Thread-1816"                       [_thread_in_native, id=19532, stack(0x000000be0b300000,0x000000be0b400000) (1024K)]
  0x00000204e7a306f0 JavaThread "Timer-17"                          [_thread_blocked, id=18468, stack(0x000000be15200000,0x000000be15c00000) (10240K)]
  0x00000204e7a37680 JavaThread "Monitor File Timestamp Swing Worker Thread"        [_thread_blocked, id=2004, stack(0x000000be1e400000,0x000000be1ee00000) (10240K)]
  0x00000204d3f54070 JavaThread "Timer-19"                          [_thread_blocked, id=8764, stack(0x000000be1f800000,0x000000be20200000) (10240K)]
  0x00000204d3f5a970 JavaThread "Monitor File Timestamp Swing Worker Thread"        [_thread_blocked, id=17652, stack(0x000000be20200000,0x000000be20c00000) (10240K)]
  0x00000204d3f588a0 JavaThread "Thread-2446"                       [_thread_in_native, id=4472, stack(0x000000be00d00000,0x000000be00e00000) (1024K)]
  0x00000204d3f58f30 JavaThread "Thread-2447"                       [_thread_in_native, id=22748, stack(0x000000be02800000,0x000000be02900000) (1024K)]
  0x00000204febdc960 JavaThread "Thread-2541"                       [_thread_in_native, id=24404, stack(0x000000be02700000,0x000000be02800000) (1024K)]
  0x0000020419edf7d0 JavaThread "Timer-20"                          [_thread_blocked, id=20172, stack(0x000000be22a00000,0x000000be23400000) (10240K)]
  0x0000020419edfe60 JavaThread "Monitor File Timestamp Swing Worker Thread"        [_thread_blocked, id=26512, stack(0x000000be23400000,0x000000be23e00000) (10240K)]
  0x00000204c4aa53a0 JavaThread "Timer-23"                          [_thread_blocked, id=15288, stack(0x000000be20c00000,0x000000be21600000) (10240K)]
  0x00000204c4aa6750 JavaThread "Monitor File Timestamp Swing Worker Thread"        [_thread_blocked, id=16108, stack(0x000000be23e00000,0x000000be24800000) (10240K)]
  0x00000204d7eec070 JavaThread "Relaunch Simulation Thread"        [_thread_blocked, id=26252, stack(0x000000be24800000,0x000000be25200000) (10240K)]
  0x0000020410e06940 JavaThread "C2 CompilerThread1"         daemon [_thread_blocked, id=17116, stack(0x000000be0b500000,0x000000be0b600000) (1024K)]
  0x0000020410e04730 JavaThread "C1 CompilerThread1"         daemon [_thread_blocked, id=17040, stack(0x000000be1d400000,0x000000be1d500000) (1024K)]
  0x0000020410e098f0 JavaThread "C1 CompilerThread2"         daemon [_thread_blocked, id=18884, stack(0x000000be1d600000,0x000000be1d700000) (1024K)]
  0x0000020410e09fc0 JavaThread "C1 CompilerThread3"         daemon [_thread_blocked, id=14628, stack(0x000000be1d700000,0x000000be1d800000) (1024K)]
Total: 68

Other Threads:
  0x0000020439bf3ef0 VMThread "VM Thread"                           [id=18348, stack(0x000000be03400000,0x000000be03500000) (1024K)]
  0x000002044058ce10 WatcherThread "VM Periodic Task Thread"        [id=16044, stack(0x000000be03300000,0x000000be03400000) (1024K)]
  0x0000020439bf3410 WorkerThread "GC Thread#0"                     [id=18052, stack(0x000000be02e00000,0x000000be02f00000) (1024K)]
  0x000002043aa8cf90 WorkerThread "GC Thread#1"                     [id=23096, stack(0x000000be0b600000,0x000000be0b700000) (1024K)]
  0x00000204a99eb8e0 WorkerThread "GC Thread#2"                     [id=23460, stack(0x000000be0b700000,0x000000be0b800000) (1024K)]
  0x00000204a99e8620 WorkerThread "GC Thread#3"                     [id=18736, stack(0x000000be0b800000,0x000000be0b900000) (1024K)]
  0x000002043ec3e7f0 ConcurrentGCThread "G1 Main Marker"            [id=18080, stack(0x000000be02f00000,0x000000be03000000) (1024K)]
  0x0000020439bf3b50 WorkerThread "G1 Conc#0"                       [id=18088, stack(0x000000be03000000,0x000000be03100000) (1024K)]
  0x00000204404c26d0 ConcurrentGCThread "G1 Refine#0"               [id=18084, stack(0x000000be03100000,0x000000be03200000) (1024K)]
  0x000002043e79dc50 ConcurrentGCThread "G1 Service"                [id=16048, stack(0x000000be03200000,0x000000be03300000) (1024K)]
Total: 10

Threads with active compile tasks:
Total: 0

VM state: not at safepoint (normal execution)

VM Mutex/Monitor currently owned by a thread: None

Heap address: 0x0000000680000000, size: 6144 MB, Compressed Oops mode: Zero based, Oop shift amount: 3

CDS archive(s) mapped at: [0x0000020462000000-0x0000020462c90000-0x0000020462c90000), size 13172736, SharedBaseAddress: 0x0000020462000000, ArchiveRelocationMode: 1.
Compressed class space mapped at: 0x0000020463000000-0x00000204a3000000, reserved size: 1073741824
Narrow klass base: 0x0000020462000000, Narrow klass shift: 0, Narrow klass range: 0x100000000

GC Precious Log:
 CardTable entry size: 512
 Card Set container configuration: InlinePtr #cards 4 size 8 Array Of Cards #cards 32 size 80 Howl #buckets 8 coarsen threshold 7372 Howl Bitmap #cards 1024 size 144 coarsen threshold 921 Card regions per heap region 1 cards per card region 8192
 CPUs: 16 total, 16 available
 Memory: 14188M
 Large Page Support: Disabled
 NUMA Support: Disabled
 Compressed Oops: Enabled (Zero based)
 Heap Region Size: 4M
 Heap Min Capacity: 812M
 Heap Initial Capacity: 812M
 Heap Max Capacity: 6G
 Pre-touch: Disabled
 Parallel Workers: 4
 Concurrent Workers: 1
 Concurrent Refinement Workers: 4
 Periodic GC: Disabled
 String Deduplication is enabled

Heap:
 garbage-first heap   total 999424K, used 196126K [0x0000000680000000, 0x0000000800000000)
  region size 4096K, 5 young (20480K), 1 survivors (4096K)
 Metaspace       used 114326K, committed 115136K, reserved 1179648K
  class space    used 16437K, committed 16832K, reserved 1048576K

Heap Regions: E=young(eden), S=young(survivor), O=old, HS=humongous(starts), HC=humongous(continues), CS=collection set, F=free, TAMS=top-at-mark-start, PB=parsable bottom
|   0|0x0000000680000000, 0x0000000680400000, 0x0000000680400000|100%| O|  |TAMS 0x0000000680000000| PB 0x0000000680000000| Untracked 
|   1|0x0000000680400000, 0x0000000680800000, 0x0000000680800000|100%| O|  |TAMS 0x0000000680400000| PB 0x0000000680400000| Untracked 
|   2|0x0000000680800000, 0x0000000680bff0b0, 0x0000000680c00000| 99%| O|  |TAMS 0x0000000680800000| PB 0x0000000680800000| Untracked 
|   3|0x0000000680c00000, 0x0000000681000000, 0x0000000681000000|100%| O|  |TAMS 0x0000000680c00000| PB 0x0000000680c00000| Untracked 
|   4|0x0000000681000000, 0x0000000681400000, 0x0000000681400000|100%| O|  |TAMS 0x0000000681000000| PB 0x0000000681000000| Untracked 
|   5|0x0000000681400000, 0x0000000681800000, 0x0000000681800000|100%| O|  |TAMS 0x0000000681400000| PB 0x0000000681400000| Untracked 
|   6|0x0000000681800000, 0x0000000681bffff8, 0x0000000681c00000| 99%| O|  |TAMS 0x0000000681800000| PB 0x0000000681800000| Untracked 
|   7|0x0000000681c00000, 0x0000000681fffff0, 0x0000000682000000| 99%| O|  |TAMS 0x0000000681c00000| PB 0x0000000681c00000| Untracked 
|   8|0x0000000682000000, 0x0000000682400000, 0x0000000682400000|100%| O|  |TAMS 0x0000000682000000| PB 0x0000000682000000| Untracked 
|   9|0x0000000682400000, 0x00000006827ffff0, 0x0000000682800000| 99%| O|  |TAMS 0x0000000682400000| PB 0x0000000682400000| Untracked 
|  10|0x0000000682800000, 0x0000000682c00000, 0x0000000682c00000|100%|HS|  |TAMS 0x0000000682800000| PB 0x0000000682800000| Untracked 
|  11|0x0000000682c00000, 0x0000000683000000, 0x0000000683000000|100%|HC|  |TAMS 0x0000000682c00000| PB 0x0000000682c00000| Untracked 
|  12|0x0000000683000000, 0x0000000683400000, 0x0000000683400000|100%|HC|  |TAMS 0x0000000683000000| PB 0x0000000683000000| Untracked 
|  13|0x0000000683400000, 0x00000006837ffff8, 0x0000000683800000| 99%| O|  |TAMS 0x0000000683400000| PB 0x0000000683400000| Untracked 
|  14|0x0000000683800000, 0x0000000683be76e8, 0x0000000683c00000| 97%| O|  |TAMS 0x0000000683800000| PB 0x0000000683800000| Untracked 
|  15|0x0000000683c00000, 0x0000000683fffff0, 0x0000000684000000| 99%| O|  |TAMS 0x0000000683c00000| PB 0x0000000683c00000| Untracked 
|  16|0x0000000684000000, 0x00000006843ffff0, 0x0000000684400000| 99%| O|  |TAMS 0x0000000684000000| PB 0x0000000684000000| Untracked 
|  17|0x0000000684400000, 0x0000000684800000, 0x0000000684800000|100%|HS|  |TAMS 0x0000000684400000| PB 0x0000000684400000| Untracked 
|  18|0x0000000684800000, 0x0000000684c00000, 0x0000000684c00000|100%| O|  |TAMS 0x0000000684800000| PB 0x0000000684800000| Untracked 
|  19|0x0000000684c00000, 0x0000000684fffff8, 0x0000000685000000| 99%| O|  |TAMS 0x0000000684c00000| PB 0x0000000684c00000| Untracked 
|  20|0x0000000685000000, 0x00000006853f8978, 0x0000000685400000| 99%| O|  |TAMS 0x0000000685000000| PB 0x0000000685000000| Untracked 
|  21|0x0000000685400000, 0x00000006857fffd0, 0x0000000685800000| 99%| O|  |TAMS 0x0000000685400000| PB 0x0000000685400000| Untracked 
|  22|0x0000000685800000, 0x0000000685bffff0, 0x0000000685c00000| 99%| O|  |TAMS 0x0000000685800000| PB 0x0000000685800000| Untracked 
|  23|0x0000000685c00000, 0x0000000685ffffa8, 0x0000000686000000| 99%| O|  |TAMS 0x0000000685c00000| PB 0x0000000685c00000| Untracked 
|  24|0x0000000686000000, 0x00000006863fffe8, 0x0000000686400000| 99%| O|  |TAMS 0x0000000686000000| PB 0x0000000686000000| Untracked 
|  25|0x0000000686400000, 0x0000000686800000, 0x0000000686800000|100%| O|  |TAMS 0x0000000686400000| PB 0x0000000686400000| Untracked 
|  26|0x0000000686800000, 0x0000000686bfff00, 0x0000000686c00000| 99%| O|  |TAMS 0x0000000686800000| PB 0x0000000686800000| Untracked 
|  27|0x0000000686c00000, 0x0000000686fffff0, 0x0000000687000000| 99%| O|  |TAMS 0x0000000686c00000| PB 0x0000000686c00000| Untracked 
|  28|0x0000000687000000, 0x00000006873fffd8, 0x0000000687400000| 99%| O|  |TAMS 0x0000000687000000| PB 0x0000000687000000| Untracked 
|  29|0x0000000687400000, 0x00000006877ffff0, 0x0000000687800000| 99%| O|  |TAMS 0x0000000687400000| PB 0x0000000687400000| Untracked 
|  30|0x0000000687800000, 0x0000000687bea668, 0x0000000687c00000| 97%| O|  |TAMS 0x0000000687800000| PB 0x0000000687800000| Untracked 
|  31|0x0000000687c00000, 0x0000000687fffff0, 0x0000000688000000| 99%| O|  |TAMS 0x0000000687c00000| PB 0x0000000687c00000| Untracked 
|  32|0x0000000688000000, 0x00000006883ffff8, 0x0000000688400000| 99%| O|  |TAMS 0x0000000688000000| PB 0x0000000688000000| Untracked 
|  33|0x0000000688400000, 0x00000006887fffe8, 0x0000000688800000| 99%| O|  |TAMS 0x0000000688400000| PB 0x0000000688400000| Untracked 
|  34|0x0000000688800000, 0x0000000688bffec0, 0x0000000688c00000| 99%| O|  |TAMS 0x0000000688800000| PB 0x0000000688800000| Untracked 
|  35|0x0000000688c00000, 0x0000000689000000, 0x0000000689000000|100%| O|  |TAMS 0x0000000688c00000| PB 0x0000000688c00000| Untracked 
|  36|0x0000000689000000, 0x0000000689400000, 0x0000000689400000|100%| O|  |TAMS 0x0000000689000000| PB 0x0000000689000000| Untracked 
|  37|0x0000000689400000, 0x0000000689800000, 0x0000000689800000|100%| O|  |TAMS 0x0000000689400000| PB 0x0000000689400000| Untracked 
|  38|0x0000000689800000, 0x0000000689bffc90, 0x0000000689c00000| 99%| O|  |TAMS 0x0000000689800000| PB 0x0000000689800000| Untracked 
|  39|0x0000000689c00000, 0x0000000689ffffd8, 0x000000068a000000| 99%| O|  |TAMS 0x0000000689c00000| PB 0x0000000689c00000| Untracked 
|  40|0x000000068a000000, 0x000000068a394588, 0x000000068a400000| 89%| O|  |TAMS 0x000000068a000000| PB 0x000000068a000000| Untracked 
|  41|0x000000068a400000, 0x000000068a800000, 0x000000068a800000|100%| O|  |TAMS 0x000000068a400000| PB 0x000000068a400000| Untracked 
|  42|0x000000068a800000, 0x000000068a879220, 0x000000068ac00000| 11%| O|  |TAMS 0x000000068a800000| PB 0x000000068a800000| Untracked 
|  43|0x000000068ac00000, 0x000000068adeb9d8, 0x000000068b000000| 48%| O|  |TAMS 0x000000068ac00000| PB 0x000000068ac00000| Untracked 
|  44|0x000000068b000000, 0x000000068b145c98, 0x000000068b400000| 31%| O|  |TAMS 0x000000068b000000| PB 0x000000068b000000| Untracked 
|  45|0x000000068b400000, 0x000000068b400000, 0x000000068b800000|  0%| F|  |TAMS 0x000000068b400000| PB 0x000000068b400000| Untracked 
|  46|0x000000068b800000, 0x000000068b800000, 0x000000068bc00000|  0%| F|  |TAMS 0x000000068b800000| PB 0x000000068b800000| Untracked 
|  47|0x000000068bc00000, 0x000000068bc00000, 0x000000068c000000|  0%| F|  |TAMS 0x000000068bc00000| PB 0x000000068bc00000| Untracked 
|  48|0x000000068c000000, 0x000000068c400000, 0x000000068c400000|100%|HS|  |TAMS 0x000000068c000000| PB 0x000000068c000000| Untracked 
|  49|0x000000068c400000, 0x000000068c800000, 0x000000068c800000|100%|HC|  |TAMS 0x000000068c400000| PB 0x000000068c400000| Untracked 
|  50|0x000000068c800000, 0x000000068c800000, 0x000000068cc00000|  0%| F|  |TAMS 0x000000068c800000| PB 0x000000068c800000| Untracked 
|  51|0x000000068cc00000, 0x000000068cc00000, 0x000000068d000000|  0%| F|  |TAMS 0x000000068cc00000| PB 0x000000068cc00000| Untracked 
|  52|0x000000068d000000, 0x000000068d000000, 0x000000068d400000|  0%| F|  |TAMS 0x000000068d000000| PB 0x000000068d000000| Untracked 
|  53|0x000000068d400000, 0x000000068d400000, 0x000000068d800000|  0%| F|  |TAMS 0x000000068d400000| PB 0x000000068d400000| Untracked 
|  54|0x000000068d800000, 0x000000068d800000, 0x000000068dc00000|  0%| F|  |TAMS 0x000000068d800000| PB 0x000000068d800000| Untracked 
|  55|0x000000068dc00000, 0x000000068dc00000, 0x000000068e000000|  0%| F|  |TAMS 0x000000068dc00000| PB 0x000000068dc00000| Untracked 
|  56|0x000000068e000000, 0x000000068e000000, 0x000000068e400000|  0%| F|  |TAMS 0x000000068e000000| PB 0x000000068e000000| Untracked 
|  57|0x000000068e400000, 0x000000068e400000, 0x000000068e800000|  0%| F|  |TAMS 0x000000068e400000| PB 0x000000068e400000| Untracked 
|  58|0x000000068e800000, 0x000000068e800000, 0x000000068ec00000|  0%| F|  |TAMS 0x000000068e800000| PB 0x000000068e800000| Untracked 
|  59|0x000000068ec00000, 0x000000068ec00000, 0x000000068f000000|  0%| F|  |TAMS 0x000000068ec00000| PB 0x000000068ec00000| Untracked 
|  60|0x000000068f000000, 0x000000068f000000, 0x000000068f400000|  0%| F|  |TAMS 0x000000068f000000| PB 0x000000068f000000| Untracked 
|  61|0x000000068f400000, 0x000000068f400000, 0x000000068f800000|  0%| F|  |TAMS 0x000000068f400000| PB 0x000000068f400000| Untracked 
|  62|0x000000068f800000, 0x000000068f800000, 0x000000068fc00000|  0%| F|  |TAMS 0x000000068f800000| PB 0x000000068f800000| Untracked 
|  63|0x000000068fc00000, 0x000000068fc00000, 0x0000000690000000|  0%| F|  |TAMS 0x000000068fc00000| PB 0x000000068fc00000| Untracked 
|  64|0x0000000690000000, 0x0000000690000000, 0x0000000690400000|  0%| F|  |TAMS 0x0000000690000000| PB 0x0000000690000000| Untracked 
|  65|0x0000000690400000, 0x0000000690400000, 0x0000000690800000|  0%| F|  |TAMS 0x0000000690400000| PB 0x0000000690400000| Untracked 
|  66|0x0000000690800000, 0x0000000690800000, 0x0000000690c00000|  0%| F|  |TAMS 0x0000000690800000| PB 0x0000000690800000| Untracked 
|  67|0x0000000690c00000, 0x0000000690c00000, 0x0000000691000000|  0%| F|  |TAMS 0x0000000690c00000| PB 0x0000000690c00000| Untracked 
|  68|0x0000000691000000, 0x0000000691000000, 0x0000000691400000|  0%| F|  |TAMS 0x0000000691000000| PB 0x0000000691000000| Untracked 
|  69|0x0000000691400000, 0x0000000691400000, 0x0000000691800000|  0%| F|  |TAMS 0x0000000691400000| PB 0x0000000691400000| Untracked 
|  70|0x0000000691800000, 0x0000000691800000, 0x0000000691c00000|  0%| F|  |TAMS 0x0000000691800000| PB 0x0000000691800000| Untracked 
|  71|0x0000000691c00000, 0x0000000691c00000, 0x0000000692000000|  0%| F|  |TAMS 0x0000000691c00000| PB 0x0000000691c00000| Untracked 
|  72|0x0000000692000000, 0x0000000692000000, 0x0000000692400000|  0%| F|  |TAMS 0x0000000692000000| PB 0x0000000692000000| Untracked 
|  73|0x0000000692400000, 0x0000000692400000, 0x0000000692800000|  0%| F|  |TAMS 0x0000000692400000| PB 0x0000000692400000| Untracked 
|  74|0x0000000692800000, 0x0000000692800000, 0x0000000692c00000|  0%| F|  |TAMS 0x0000000692800000| PB 0x0000000692800000| Untracked 
|  75|0x0000000692c00000, 0x0000000692c00000, 0x0000000693000000|  0%| F|  |TAMS 0x0000000692c00000| PB 0x0000000692c00000| Untracked 
|  76|0x0000000693000000, 0x0000000693000000, 0x0000000693400000|  0%| F|  |TAMS 0x0000000693000000| PB 0x0000000693000000| Untracked 
|  77|0x0000000693400000, 0x0000000693400000, 0x0000000693800000|  0%| F|  |TAMS 0x0000000693400000| PB 0x0000000693400000| Untracked 
|  78|0x0000000693800000, 0x0000000693800000, 0x0000000693c00000|  0%| F|  |TAMS 0x0000000693800000| PB 0x0000000693800000| Untracked 
|  79|0x0000000693c00000, 0x0000000693c00000, 0x0000000694000000|  0%| F|  |TAMS 0x0000000693c00000| PB 0x0000000693c00000| Untracked 
|  80|0x0000000694000000, 0x0000000694000000, 0x0000000694400000|  0%| F|  |TAMS 0x0000000694000000| PB 0x0000000694000000| Untracked 
|  81|0x0000000694400000, 0x0000000694400000, 0x0000000694800000|  0%| F|  |TAMS 0x0000000694400000| PB 0x0000000694400000| Untracked 
|  82|0x0000000694800000, 0x0000000694800000, 0x0000000694c00000|  0%| F|  |TAMS 0x0000000694800000| PB 0x0000000694800000| Untracked 
|  83|0x0000000694c00000, 0x0000000694c00000, 0x0000000695000000|  0%| F|  |TAMS 0x0000000694c00000| PB 0x0000000694c00000| Untracked 
|  84|0x0000000695000000, 0x0000000695000000, 0x0000000695400000|  0%| F|  |TAMS 0x0000000695000000| PB 0x0000000695000000| Untracked 
|  85|0x0000000695400000, 0x0000000695400000, 0x0000000695800000|  0%| F|  |TAMS 0x0000000695400000| PB 0x0000000695400000| Untracked 
|  86|0x0000000695800000, 0x0000000695800000, 0x0000000695c00000|  0%| F|  |TAMS 0x0000000695800000| PB 0x0000000695800000| Untracked 
|  87|0x0000000695c00000, 0x0000000695c00000, 0x0000000696000000|  0%| F|  |TAMS 0x0000000695c00000| PB 0x0000000695c00000| Untracked 
|  88|0x0000000696000000, 0x0000000696000000, 0x0000000696400000|  0%| F|  |TAMS 0x0000000696000000| PB 0x0000000696000000| Untracked 
|  89|0x0000000696400000, 0x0000000696400000, 0x0000000696800000|  0%| F|  |TAMS 0x0000000696400000| PB 0x0000000696400000| Untracked 
|  90|0x0000000696800000, 0x0000000696800000, 0x0000000696c00000|  0%| F|  |TAMS 0x0000000696800000| PB 0x0000000696800000| Untracked 
|  91|0x0000000696c00000, 0x0000000696c00000, 0x0000000697000000|  0%| F|  |TAMS 0x0000000696c00000| PB 0x0000000696c00000| Untracked 
|  92|0x0000000697000000, 0x0000000697000000, 0x0000000697400000|  0%| F|  |TAMS 0x0000000697000000| PB 0x0000000697000000| Untracked 
|  93|0x0000000697400000, 0x0000000697400000, 0x0000000697800000|  0%| F|  |TAMS 0x0000000697400000| PB 0x0000000697400000| Untracked 
|  94|0x0000000697800000, 0x0000000697800000, 0x0000000697c00000|  0%| F|  |TAMS 0x0000000697800000| PB 0x0000000697800000| Untracked 
|  95|0x0000000697c00000, 0x0000000697c00000, 0x0000000698000000|  0%| F|  |TAMS 0x0000000697c00000| PB 0x0000000697c00000| Untracked 
|  96|0x0000000698000000, 0x0000000698000000, 0x0000000698400000|  0%| F|  |TAMS 0x0000000698000000| PB 0x0000000698000000| Untracked 
|  97|0x0000000698400000, 0x0000000698400000, 0x0000000698800000|  0%| F|  |TAMS 0x0000000698400000| PB 0x0000000698400000| Untracked 
|  98|0x0000000698800000, 0x0000000698800000, 0x0000000698c00000|  0%| F|  |TAMS 0x0000000698800000| PB 0x0000000698800000| Untracked 
|  99|0x0000000698c00000, 0x0000000698c00000, 0x0000000699000000|  0%| F|  |TAMS 0x0000000698c00000| PB 0x0000000698c00000| Untracked 
| 100|0x0000000699000000, 0x0000000699000000, 0x0000000699400000|  0%| F|  |TAMS 0x0000000699000000| PB 0x0000000699000000| Untracked 
| 101|0x0000000699400000, 0x0000000699400000, 0x0000000699800000|  0%| F|  |TAMS 0x0000000699400000| PB 0x0000000699400000| Untracked 
| 102|0x0000000699800000, 0x0000000699800000, 0x0000000699c00000|  0%| F|  |TAMS 0x0000000699800000| PB 0x0000000699800000| Untracked 
| 103|0x0000000699c00000, 0x0000000699c00000, 0x000000069a000000|  0%| F|  |TAMS 0x0000000699c00000| PB 0x0000000699c00000| Untracked 
| 104|0x000000069a000000, 0x000000069a000000, 0x000000069a400000|  0%| F|  |TAMS 0x000000069a000000| PB 0x000000069a000000| Untracked 
| 105|0x000000069a400000, 0x000000069a400000, 0x000000069a800000|  0%| F|  |TAMS 0x000000069a400000| PB 0x000000069a400000| Untracked 
| 106|0x000000069a800000, 0x000000069a800000, 0x000000069ac00000|  0%| F|  |TAMS 0x000000069a800000| PB 0x000000069a800000| Untracked 
| 107|0x000000069ac00000, 0x000000069ac00000, 0x000000069b000000|  0%| F|  |TAMS 0x000000069ac00000| PB 0x000000069ac00000| Untracked 
| 108|0x000000069b000000, 0x000000069b000000, 0x000000069b400000|  0%| F|  |TAMS 0x000000069b000000| PB 0x000000069b000000| Untracked 
| 109|0x000000069b400000, 0x000000069b400000, 0x000000069b800000|  0%| F|  |TAMS 0x000000069b400000| PB 0x000000069b400000| Untracked 
| 110|0x000000069b800000, 0x000000069b800000, 0x000000069bc00000|  0%| F|  |TAMS 0x000000069b800000| PB 0x000000069b800000| Untracked 
| 111|0x000000069bc00000, 0x000000069bc00000, 0x000000069c000000|  0%| F|  |TAMS 0x000000069bc00000| PB 0x000000069bc00000| Untracked 
| 112|0x000000069c000000, 0x000000069c000000, 0x000000069c400000|  0%| F|  |TAMS 0x000000069c000000| PB 0x000000069c000000| Untracked 
| 113|0x000000069c400000, 0x000000069c400000, 0x000000069c800000|  0%| F|  |TAMS 0x000000069c400000| PB 0x000000069c400000| Untracked 
| 114|0x000000069c800000, 0x000000069c800000, 0x000000069cc00000|  0%| F|  |TAMS 0x000000069c800000| PB 0x000000069c800000| Untracked 
| 115|0x000000069cc00000, 0x000000069cc00000, 0x000000069d000000|  0%| F|  |TAMS 0x000000069cc00000| PB 0x000000069cc00000| Untracked 
| 116|0x000000069d000000, 0x000000069d000000, 0x000000069d400000|  0%| F|  |TAMS 0x000000069d000000| PB 0x000000069d000000| Untracked 
| 117|0x000000069d400000, 0x000000069d400000, 0x000000069d800000|  0%| F|  |TAMS 0x000000069d400000| PB 0x000000069d400000| Untracked 
| 118|0x000000069d800000, 0x000000069d800000, 0x000000069dc00000|  0%| F|  |TAMS 0x000000069d800000| PB 0x000000069d800000| Untracked 
| 119|0x000000069dc00000, 0x000000069dc00000, 0x000000069e000000|  0%| F|  |TAMS 0x000000069dc00000| PB 0x000000069dc00000| Untracked 
| 120|0x000000069e000000, 0x000000069e000000, 0x000000069e400000|  0%| F|  |TAMS 0x000000069e000000| PB 0x000000069e000000| Untracked 
| 121|0x000000069e400000, 0x000000069e400000, 0x000000069e800000|  0%| F|  |TAMS 0x000000069e400000| PB 0x000000069e400000| Untracked 
| 122|0x000000069e800000, 0x000000069e800000, 0x000000069ec00000|  0%| F|  |TAMS 0x000000069e800000| PB 0x000000069e800000| Untracked 
| 123|0x000000069ec00000, 0x000000069ec00000, 0x000000069f000000|  0%| F|  |TAMS 0x000000069ec00000| PB 0x000000069ec00000| Untracked 
| 124|0x000000069f000000, 0x000000069f000000, 0x000000069f400000|  0%| F|  |TAMS 0x000000069f000000| PB 0x000000069f000000| Untracked 
| 125|0x000000069f400000, 0x000000069f400000, 0x000000069f800000|  0%| F|  |TAMS 0x000000069f400000| PB 0x000000069f400000| Untracked 
| 126|0x000000069f800000, 0x000000069f800000, 0x000000069fc00000|  0%| F|  |TAMS 0x000000069f800000| PB 0x000000069f800000| Untracked 
| 127|0x000000069fc00000, 0x000000069fc00000, 0x00000006a0000000|  0%| F|  |TAMS 0x000000069fc00000| PB 0x000000069fc00000| Untracked 
| 128|0x00000006a0000000, 0x00000006a0000000, 0x00000006a0400000|  0%| F|  |TAMS 0x00000006a0000000| PB 0x00000006a0000000| Untracked 
| 129|0x00000006a0400000, 0x00000006a0400000, 0x00000006a0800000|  0%| F|  |TAMS 0x00000006a0400000| PB 0x00000006a0400000| Untracked 
| 130|0x00000006a0800000, 0x00000006a0800000, 0x00000006a0c00000|  0%| F|  |TAMS 0x00000006a0800000| PB 0x00000006a0800000| Untracked 
| 131|0x00000006a0c00000, 0x00000006a0c00000, 0x00000006a1000000|  0%| F|  |TAMS 0x00000006a0c00000| PB 0x00000006a0c00000| Untracked 
| 132|0x00000006a1000000, 0x00000006a1000000, 0x00000006a1400000|  0%| F|  |TAMS 0x00000006a1000000| PB 0x00000006a1000000| Untracked 
| 133|0x00000006a1400000, 0x00000006a1400000, 0x00000006a1800000|  0%| F|  |TAMS 0x00000006a1400000| PB 0x00000006a1400000| Untracked 
| 134|0x00000006a1800000, 0x00000006a1800000, 0x00000006a1c00000|  0%| F|  |TAMS 0x00000006a1800000| PB 0x00000006a1800000| Untracked 
| 135|0x00000006a1c00000, 0x00000006a1c00000, 0x00000006a2000000|  0%| F|  |TAMS 0x00000006a1c00000| PB 0x00000006a1c00000| Untracked 
| 136|0x00000006a2000000, 0x00000006a2000000, 0x00000006a2400000|  0%| F|  |TAMS 0x00000006a2000000| PB 0x00000006a2000000| Untracked 
| 137|0x00000006a2400000, 0x00000006a2400000, 0x00000006a2800000|  0%| F|  |TAMS 0x00000006a2400000| PB 0x00000006a2400000| Untracked 
| 138|0x00000006a2800000, 0x00000006a2800000, 0x00000006a2c00000|  0%| F|  |TAMS 0x00000006a2800000| PB 0x00000006a2800000| Untracked 
| 139|0x00000006a2c00000, 0x00000006a2c00000, 0x00000006a3000000|  0%| F|  |TAMS 0x00000006a2c00000| PB 0x00000006a2c00000| Untracked 
| 140|0x00000006a3000000, 0x00000006a3000000, 0x00000006a3400000|  0%| F|  |TAMS 0x00000006a3000000| PB 0x00000006a3000000| Untracked 
| 141|0x00000006a3400000, 0x00000006a3400000, 0x00000006a3800000|  0%| F|  |TAMS 0x00000006a3400000| PB 0x00000006a3400000| Untracked 
| 142|0x00000006a3800000, 0x00000006a3800000, 0x00000006a3c00000|  0%| F|  |TAMS 0x00000006a3800000| PB 0x00000006a3800000| Untracked 
| 143|0x00000006a3c00000, 0x00000006a3c00000, 0x00000006a4000000|  0%| F|  |TAMS 0x00000006a3c00000| PB 0x00000006a3c00000| Untracked 
| 144|0x00000006a4000000, 0x00000006a4000000, 0x00000006a4400000|  0%| F|  |TAMS 0x00000006a4000000| PB 0x00000006a4000000| Untracked 
| 145|0x00000006a4400000, 0x00000006a4400000, 0x00000006a4800000|  0%| F|  |TAMS 0x00000006a4400000| PB 0x00000006a4400000| Untracked 
| 146|0x00000006a4800000, 0x00000006a4800000, 0x00000006a4c00000|  0%| F|  |TAMS 0x00000006a4800000| PB 0x00000006a4800000| Untracked 
| 147|0x00000006a4c00000, 0x00000006a4c00000, 0x00000006a5000000|  0%| F|  |TAMS 0x00000006a4c00000| PB 0x00000006a4c00000| Untracked 
| 148|0x00000006a5000000, 0x00000006a5000000, 0x00000006a5400000|  0%| F|  |TAMS 0x00000006a5000000| PB 0x00000006a5000000| Untracked 
| 149|0x00000006a5400000, 0x00000006a5400000, 0x00000006a5800000|  0%| F|  |TAMS 0x00000006a5400000| PB 0x00000006a5400000| Untracked 
| 150|0x00000006a5800000, 0x00000006a5800000, 0x00000006a5c00000|  0%| F|  |TAMS 0x00000006a5800000| PB 0x00000006a5800000| Untracked 
| 151|0x00000006a5c00000, 0x00000006a5c00000, 0x00000006a6000000|  0%| F|  |TAMS 0x00000006a5c00000| PB 0x00000006a5c00000| Untracked 
| 152|0x00000006a6000000, 0x00000006a6000000, 0x00000006a6400000|  0%| F|  |TAMS 0x00000006a6000000| PB 0x00000006a6000000| Untracked 
| 153|0x00000006a6400000, 0x00000006a6400000, 0x00000006a6800000|  0%| F|  |TAMS 0x00000006a6400000| PB 0x00000006a6400000| Untracked 
| 154|0x00000006a6800000, 0x00000006a6800000, 0x00000006a6c00000|  0%| F|  |TAMS 0x00000006a6800000| PB 0x00000006a6800000| Untracked 
| 155|0x00000006a6c00000, 0x00000006a6c00000, 0x00000006a7000000|  0%| F|  |TAMS 0x00000006a6c00000| PB 0x00000006a6c00000| Untracked 
| 156|0x00000006a7000000, 0x00000006a7000000, 0x00000006a7400000|  0%| F|  |TAMS 0x00000006a7000000| PB 0x00000006a7000000| Untracked 
| 157|0x00000006a7400000, 0x00000006a7400000, 0x00000006a7800000|  0%| F|  |TAMS 0x00000006a7400000| PB 0x00000006a7400000| Untracked 
| 158|0x00000006a7800000, 0x00000006a7800000, 0x00000006a7c00000|  0%| F|  |TAMS 0x00000006a7800000| PB 0x00000006a7800000| Untracked 
| 159|0x00000006a7c00000, 0x00000006a7c00000, 0x00000006a8000000|  0%| F|  |TAMS 0x00000006a7c00000| PB 0x00000006a7c00000| Untracked 
| 160|0x00000006a8000000, 0x00000006a8000000, 0x00000006a8400000|  0%| F|  |TAMS 0x00000006a8000000| PB 0x00000006a8000000| Untracked 
| 161|0x00000006a8400000, 0x00000006a8400000, 0x00000006a8800000|  0%| F|  |TAMS 0x00000006a8400000| PB 0x00000006a8400000| Untracked 
| 162|0x00000006a8800000, 0x00000006a8800000, 0x00000006a8c00000|  0%| F|  |TAMS 0x00000006a8800000| PB 0x00000006a8800000| Untracked 
| 163|0x00000006a8c00000, 0x00000006a8c00000, 0x00000006a9000000|  0%| F|  |TAMS 0x00000006a8c00000| PB 0x00000006a8c00000| Untracked 
| 164|0x00000006a9000000, 0x00000006a9000000, 0x00000006a9400000|  0%| F|  |TAMS 0x00000006a9000000| PB 0x00000006a9000000| Untracked 
| 165|0x00000006a9400000, 0x00000006a9400000, 0x00000006a9800000|  0%| F|  |TAMS 0x00000006a9400000| PB 0x00000006a9400000| Untracked 
| 166|0x00000006a9800000, 0x00000006a9800000, 0x00000006a9c00000|  0%| F|  |TAMS 0x00000006a9800000| PB 0x00000006a9800000| Untracked 
| 167|0x00000006a9c00000, 0x00000006a9c00000, 0x00000006aa000000|  0%| F|  |TAMS 0x00000006a9c00000| PB 0x00000006a9c00000| Untracked 
| 168|0x00000006aa000000, 0x00000006aa000000, 0x00000006aa400000|  0%| F|  |TAMS 0x00000006aa000000| PB 0x00000006aa000000| Untracked 
| 169|0x00000006aa400000, 0x00000006aa400000, 0x00000006aa800000|  0%| F|  |TAMS 0x00000006aa400000| PB 0x00000006aa400000| Untracked 
| 170|0x00000006aa800000, 0x00000006aa800000, 0x00000006aac00000|  0%| F|  |TAMS 0x00000006aa800000| PB 0x00000006aa800000| Untracked 
| 171|0x00000006aac00000, 0x00000006aac00000, 0x00000006ab000000|  0%| F|  |TAMS 0x00000006aac00000| PB 0x00000006aac00000| Untracked 
| 172|0x00000006ab000000, 0x00000006ab000000, 0x00000006ab400000|  0%| F|  |TAMS 0x00000006ab000000| PB 0x00000006ab000000| Untracked 
| 173|0x00000006ab400000, 0x00000006ab400000, 0x00000006ab800000|  0%| F|  |TAMS 0x00000006ab400000| PB 0x00000006ab400000| Untracked 
| 174|0x00000006ab800000, 0x00000006ab800000, 0x00000006abc00000|  0%| F|  |TAMS 0x00000006ab800000| PB 0x00000006ab800000| Untracked 
| 175|0x00000006abc00000, 0x00000006abc00000, 0x00000006ac000000|  0%| F|  |TAMS 0x00000006abc00000| PB 0x00000006abc00000| Untracked 
| 176|0x00000006ac000000, 0x00000006ac000000, 0x00000006ac400000|  0%| F|  |TAMS 0x00000006ac000000| PB 0x00000006ac000000| Untracked 
| 177|0x00000006ac400000, 0x00000006ac400000, 0x00000006ac800000|  0%| F|  |TAMS 0x00000006ac400000| PB 0x00000006ac400000| Untracked 
| 178|0x00000006ac800000, 0x00000006ac800000, 0x00000006acc00000|  0%| F|  |TAMS 0x00000006ac800000| PB 0x00000006ac800000| Untracked 
| 179|0x00000006acc00000, 0x00000006acc00000, 0x00000006ad000000|  0%| F|  |TAMS 0x00000006acc00000| PB 0x00000006acc00000| Untracked 
| 180|0x00000006ad000000, 0x00000006ad000000, 0x00000006ad400000|  0%| F|  |TAMS 0x00000006ad000000| PB 0x00000006ad000000| Untracked 
| 181|0x00000006ad400000, 0x00000006ad400000, 0x00000006ad800000|  0%| F|  |TAMS 0x00000006ad400000| PB 0x00000006ad400000| Untracked 
| 182|0x00000006ad800000, 0x00000006ad87fd70, 0x00000006adc00000| 12%| S|CS|TAMS 0x00000006ad800000| PB 0x00000006ad800000| Complete 
| 183|0x00000006adc00000, 0x00000006adc00000, 0x00000006ae000000|  0%| F|  |TAMS 0x00000006adc00000| PB 0x00000006adc00000| Untracked 
| 184|0x00000006ae000000, 0x00000006ae000000, 0x00000006ae400000|  0%| F|  |TAMS 0x00000006ae000000| PB 0x00000006ae000000| Untracked 
| 185|0x00000006ae400000, 0x00000006ae400000, 0x00000006ae800000|  0%| F|  |TAMS 0x00000006ae400000| PB 0x00000006ae400000| Untracked 
| 186|0x00000006ae800000, 0x00000006ae800000, 0x00000006aec00000|  0%| F|  |TAMS 0x00000006ae800000| PB 0x00000006ae800000| Untracked 
| 187|0x00000006aec00000, 0x00000006aec00000, 0x00000006af000000|  0%| F|  |TAMS 0x00000006aec00000| PB 0x00000006aec00000| Untracked 
| 188|0x00000006af000000, 0x00000006af000000, 0x00000006af400000|  0%| F|  |TAMS 0x00000006af000000| PB 0x00000006af000000| Untracked 
| 189|0x00000006af400000, 0x00000006af400000, 0x00000006af800000|  0%| F|  |TAMS 0x00000006af400000| PB 0x00000006af400000| Untracked 
| 190|0x00000006af800000, 0x00000006af800000, 0x00000006afc00000|  0%| F|  |TAMS 0x00000006af800000| PB 0x00000006af800000| Untracked 
| 191|0x00000006afc00000, 0x00000006afc00000, 0x00000006b0000000|  0%| F|  |TAMS 0x00000006afc00000| PB 0x00000006afc00000| Untracked 
| 192|0x00000006b0000000, 0x00000006b0000000, 0x00000006b0400000|  0%| F|  |TAMS 0x00000006b0000000| PB 0x00000006b0000000| Untracked 
| 193|0x00000006b0400000, 0x00000006b0400000, 0x00000006b0800000|  0%| F|  |TAMS 0x00000006b0400000| PB 0x00000006b0400000| Untracked 
| 194|0x00000006b0800000, 0x00000006b0800000, 0x00000006b0c00000|  0%| F|  |TAMS 0x00000006b0800000| PB 0x00000006b0800000| Untracked 
| 195|0x00000006b0c00000, 0x00000006b0c00000, 0x00000006b1000000|  0%| F|  |TAMS 0x00000006b0c00000| PB 0x00000006b0c00000| Untracked 
| 196|0x00000006b1000000, 0x00000006b1000000, 0x00000006b1400000|  0%| F|  |TAMS 0x00000006b1000000| PB 0x00000006b1000000| Untracked 
| 197|0x00000006b1400000, 0x00000006b1400000, 0x00000006b1800000|  0%| F|  |TAMS 0x00000006b1400000| PB 0x00000006b1400000| Untracked 
| 198|0x00000006b1800000, 0x00000006b1800000, 0x00000006b1c00000|  0%| F|  |TAMS 0x00000006b1800000| PB 0x00000006b1800000| Untracked 
| 199|0x00000006b1c00000, 0x00000006b1c00000, 0x00000006b2000000|  0%| F|  |TAMS 0x00000006b1c00000| PB 0x00000006b1c00000| Untracked 
| 200|0x00000006b2000000, 0x00000006b2000000, 0x00000006b2400000|  0%| F|  |TAMS 0x00000006b2000000| PB 0x00000006b2000000| Untracked 
| 201|0x00000006b2400000, 0x00000006b2400000, 0x00000006b2800000|  0%| F|  |TAMS 0x00000006b2400000| PB 0x00000006b2400000| Untracked 
| 202|0x00000006b2800000, 0x00000006b2800000, 0x00000006b2c00000|  0%| F|  |TAMS 0x00000006b2800000| PB 0x00000006b2800000| Untracked 
| 203|0x00000006b2c00000, 0x00000006b2c00000, 0x00000006b3000000|  0%| F|  |TAMS 0x00000006b2c00000| PB 0x00000006b2c00000| Untracked 
| 204|0x00000006b3000000, 0x00000006b3000000, 0x00000006b3400000|  0%| F|  |TAMS 0x00000006b3000000| PB 0x00000006b3000000| Untracked 
| 205|0x00000006b3400000, 0x00000006b3400000, 0x00000006b3800000|  0%| F|  |TAMS 0x00000006b3400000| PB 0x00000006b3400000| Untracked 
| 206|0x00000006b3800000, 0x00000006b3800000, 0x00000006b3c00000|  0%| F|  |TAMS 0x00000006b3800000| PB 0x00000006b3800000| Untracked 
| 207|0x00000006b3c00000, 0x00000006b3c00000, 0x00000006b4000000|  0%| F|  |TAMS 0x00000006b3c00000| PB 0x00000006b3c00000| Untracked 
| 208|0x00000006b4000000, 0x00000006b4000000, 0x00000006b4400000|  0%| F|  |TAMS 0x00000006b4000000| PB 0x00000006b4000000| Untracked 
| 209|0x00000006b4400000, 0x00000006b4400000, 0x00000006b4800000|  0%| F|  |TAMS 0x00000006b4400000| PB 0x00000006b4400000| Untracked 
| 210|0x00000006b4800000, 0x00000006b4800000, 0x00000006b4c00000|  0%| F|  |TAMS 0x00000006b4800000| PB 0x00000006b4800000| Untracked 
| 211|0x00000006b4c00000, 0x00000006b4c00000, 0x00000006b5000000|  0%| F|  |TAMS 0x00000006b4c00000| PB 0x00000006b4c00000| Untracked 
| 212|0x00000006b5000000, 0x00000006b5000000, 0x00000006b5400000|  0%| F|  |TAMS 0x00000006b5000000| PB 0x00000006b5000000| Untracked 
| 213|0x00000006b5400000, 0x00000006b5400000, 0x00000006b5800000|  0%| F|  |TAMS 0x00000006b5400000| PB 0x00000006b5400000| Untracked 
| 214|0x00000006b5800000, 0x00000006b5800000, 0x00000006b5c00000|  0%| F|  |TAMS 0x00000006b5800000| PB 0x00000006b5800000| Untracked 
| 215|0x00000006b5c00000, 0x00000006b5c00000, 0x00000006b6000000|  0%| F|  |TAMS 0x00000006b5c00000| PB 0x00000006b5c00000| Untracked 
| 216|0x00000006b6000000, 0x00000006b6000000, 0x00000006b6400000|  0%| F|  |TAMS 0x00000006b6000000| PB 0x00000006b6000000| Untracked 
| 217|0x00000006b6400000, 0x00000006b6400000, 0x00000006b6800000|  0%| F|  |TAMS 0x00000006b6400000| PB 0x00000006b6400000| Untracked 
| 218|0x00000006b6800000, 0x00000006b6800000, 0x00000006b6c00000|  0%| F|  |TAMS 0x00000006b6800000| PB 0x00000006b6800000| Untracked 
| 219|0x00000006b6c00000, 0x00000006b6c00000, 0x00000006b7000000|  0%| F|  |TAMS 0x00000006b6c00000| PB 0x00000006b6c00000| Untracked 
| 220|0x00000006b7000000, 0x00000006b7000000, 0x00000006b7400000|  0%| F|  |TAMS 0x00000006b7000000| PB 0x00000006b7000000| Untracked 
| 221|0x00000006b7400000, 0x00000006b7400000, 0x00000006b7800000|  0%| F|  |TAMS 0x00000006b7400000| PB 0x00000006b7400000| Untracked 
| 222|0x00000006b7800000, 0x00000006b7800000, 0x00000006b7c00000|  0%| F|  |TAMS 0x00000006b7800000| PB 0x00000006b7800000| Untracked 
| 223|0x00000006b7c00000, 0x00000006b7c00000, 0x00000006b8000000|  0%| F|  |TAMS 0x00000006b7c00000| PB 0x00000006b7c00000| Untracked 
| 224|0x00000006b8000000, 0x00000006b8000000, 0x00000006b8400000|  0%| F|  |TAMS 0x00000006b8000000| PB 0x00000006b8000000| Untracked 
| 225|0x00000006b8400000, 0x00000006b8400000, 0x00000006b8800000|  0%| F|  |TAMS 0x00000006b8400000| PB 0x00000006b8400000| Untracked 
| 226|0x00000006b8800000, 0x00000006b8800000, 0x00000006b8c00000|  0%| F|  |TAMS 0x00000006b8800000| PB 0x00000006b8800000| Untracked 
| 227|0x00000006b8c00000, 0x00000006b8c00000, 0x00000006b9000000|  0%| F|  |TAMS 0x00000006b8c00000| PB 0x00000006b8c00000| Untracked 
| 228|0x00000006b9000000, 0x00000006b9000000, 0x00000006b9400000|  0%| F|  |TAMS 0x00000006b9000000| PB 0x00000006b9000000| Untracked 
| 229|0x00000006b9400000, 0x00000006b9400000, 0x00000006b9800000|  0%| F|  |TAMS 0x00000006b9400000| PB 0x00000006b9400000| Untracked 
| 230|0x00000006b9800000, 0x00000006b9800000, 0x00000006b9c00000|  0%| F|  |TAMS 0x00000006b9800000| PB 0x00000006b9800000| Untracked 
| 231|0x00000006b9c00000, 0x00000006b9c00000, 0x00000006ba000000|  0%| F|  |TAMS 0x00000006b9c00000| PB 0x00000006b9c00000| Untracked 
| 232|0x00000006ba000000, 0x00000006ba000000, 0x00000006ba400000|  0%| F|  |TAMS 0x00000006ba000000| PB 0x00000006ba000000| Untracked 
| 233|0x00000006ba400000, 0x00000006ba400000, 0x00000006ba800000|  0%| F|  |TAMS 0x00000006ba400000| PB 0x00000006ba400000| Untracked 
| 234|0x00000006ba800000, 0x00000006ba800000, 0x00000006bac00000|  0%| F|  |TAMS 0x00000006ba800000| PB 0x00000006ba800000| Untracked 
| 235|0x00000006bac00000, 0x00000006bac00000, 0x00000006bb000000|  0%| F|  |TAMS 0x00000006bac00000| PB 0x00000006bac00000| Untracked 
| 236|0x00000006bb000000, 0x00000006bb000000, 0x00000006bb400000|  0%| F|  |TAMS 0x00000006bb000000| PB 0x00000006bb000000| Untracked 
| 237|0x00000006bb400000, 0x00000006bb400000, 0x00000006bb800000|  0%| F|  |TAMS 0x00000006bb400000| PB 0x00000006bb400000| Untracked 
| 238|0x00000006bb800000, 0x00000006bb800000, 0x00000006bbc00000|  0%| F|  |TAMS 0x00000006bb800000| PB 0x00000006bb800000| Untracked 
| 239|0x00000006bbc00000, 0x00000006bbc00000, 0x00000006bc000000|  0%| F|  |TAMS 0x00000006bbc00000| PB 0x00000006bbc00000| Untracked 
| 240|0x00000006bc000000, 0x00000006bc065200, 0x00000006bc400000|  9%| E|  |TAMS 0x00000006bc000000| PB 0x00000006bc000000| Complete 
| 241|0x00000006bc400000, 0x00000006bc800000, 0x00000006bc800000|100%| E|CS|TAMS 0x00000006bc400000| PB 0x00000006bc400000| Complete 
| 242|0x00000006bc800000, 0x00000006bcc00000, 0x00000006bcc00000|100%| E|CS|TAMS 0x00000006bc800000| PB 0x00000006bc800000| Complete 
| 243|0x00000006bcc00000, 0x00000006bd000000, 0x00000006bd000000|100%| E|CS|TAMS 0x00000006bcc00000| PB 0x00000006bcc00000| Complete 

Card table byte_map: [0x0000020458d40000,0x0000020459940000] _byte_map_base: 0x0000020455940000

Marking Bits: (CMBitMap*) 0x00000204404006a0
 Bits: [0x0000020459940000, 0x000002045f940000)

Polling page: 0x0000020436b40000

Metaspace:

Usage:
  Non-class:     95.59 MB used.
      Class:     16.05 MB used.
       Both:    111.65 MB used.

Virtual space:
  Non-class space:      128.00 MB reserved,      96.00 MB ( 75%) committed,  2 nodes.
      Class space:        1.00 GB reserved,      16.44 MB (  2%) committed,  1 nodes.
             Both:        1.12 GB reserved,     112.44 MB ( 10%) committed. 

Chunk freelists:
   Non-Class:  16.00 KB
       Class:  15.41 MB
        Both:  15.42 MB

MaxMetaspaceSize: unlimited
CompressedClassSpaceSize: 1.00 GB
Initial GC threshold: 21.00 MB
Current GC threshold: 186.50 MB
CDS: on
 - commit_granule_bytes: 65536.
 - commit_granule_words: 8192.
 - virtual_space_node_default_size: 8388608.
 - enlarge_chunks_in_place: 1.
 - use_allocation_guard: 0.


Internal statistics:

num_allocs_failed_limit: 12.
num_arena_births: 1274.
num_arena_deaths: 0.
num_vsnodes_births: 3.
num_vsnodes_deaths: 0.
num_space_committed: 1791.
num_space_uncommitted: 0.
num_chunks_returned_to_freelist: 12.
num_chunks_taken_from_freelist: 4643.
num_chunk_merges: 9.
num_chunk_splits: 3390.
num_chunks_enlarged: 2549.
num_inconsistent_stats: 0.

CodeHeap 'non-profiled nmethods': size=119168Kb used=18087Kb max_used=28075Kb free=101080Kb
 bounds [0x00000204509b0000, 0x0000020452530000, 0x0000020457e10000]
CodeHeap 'profiled nmethods': size=119104Kb used=15454Kb max_used=37227Kb free=103649Kb
 bounds [0x0000020448e10000, 0x000002044b2a0000, 0x0000020450260000]
CodeHeap 'non-nmethods': size=7488Kb used=4119Kb max_used=4183Kb free=3368Kb
 bounds [0x0000020450260000, 0x0000020450680000, 0x00000204509b0000]
 total_blobs=9495 nmethods=8170 adapters=1220
 compilation: enabled
              stopped_count=0, restarted_count=0
 full_count=0

Compilation events (20 events):
Event: 2229.699 Thread 0x0000020410e04730 nmethod 43445 0x0000020451321310 code [0x00000204513214a0, 0x0000020451321570]
Event: 2229.701 Thread 0x0000020410e06940 nmethod 43443 0x0000020450fc6510 code [0x0000020450fc6780, 0x0000020450fc7418]
Event: 2229.712 Thread 0x0000020410e04730 43446       1       de.javasoft.plaf.synthetica.SyntheticaState::getState (5 bytes)
Event: 2229.712 Thread 0x000002044060d980 43447       4       de.javasoft.plaf.synthetica.painter.UIKey::resolveImagePath (11 bytes)
Event: 2229.712 Thread 0x0000020410e04730 nmethod 43446 0x000002045133c710 code [0x000002045133c8a0, 0x000002045133c968]
Event: 2229.712 Thread 0x0000020410e06940 43448       4       de.javasoft.plaf.synthetica.painter.UIKey::resolveImagePath (11 bytes)
Event: 2229.712 Thread 0x0000020440612690 43449       1       javax.swing.JProgressBar::isStringPainted (5 bytes)
Event: 2229.712 Thread 0x0000020440612690 nmethod 43449 0x0000020451359890 code [0x0000020451359a20, 0x0000020451359af0]
Event: 2229.712 Thread 0x0000020410e06940 nmethod 43448 0x0000020451e21510 code [0x0000020451e216a0, 0x0000020451e21790]
Event: 2229.719 Thread 0x000002044060d980 nmethod 43447 0x0000020450e6a010 code [0x0000020450e6a220, 0x0000020450e6acd8]
Event: 2229.722 Thread 0x000002044060d980 43450       4       java.awt.Window::isModalExcluded (43 bytes)
Event: 2229.724 Thread 0x000002044060d980 nmethod 43450 0x0000020451367910 code [0x0000020451367ac0, 0x0000020451367cb8]
Event: 2229.751 Thread 0x0000020410e06940 43451       4       javax.swing.plaf.synth.SynthButtonUI::getContext (10 bytes)
Event: 2229.752 Thread 0x000002044060d980 43452       4       de.javasoft.plaf.synthetica.SyntheticaState::isSet (16 bytes)
Event: 2229.752 Thread 0x000002044060d980 nmethod 43452 0x0000020451403210 code [0x00000204514033a0, 0x0000020451403450]
Event: 2229.757 Thread 0x0000020410e06940 nmethod 43451 0x0000020450fb6690 code [0x0000020450fb68c0, 0x0000020450fb6fe8]
Event: 2229.762 Thread 0x000002044060d980 43453       4       javax.swing.plaf.basic.BasicButtonListener::mouseMoved (1 bytes)
Event: 2229.763 Thread 0x000002044060d980 nmethod 43453 0x0000020451403810 code [0x00000204514039a0, 0x0000020451403a28]
Event: 2229.812 Thread 0x0000020410e06940 43454       4       javax.swing.plaf.synth.SynthProgressBarUI::getBox (22 bytes)
Event: 2229.814 Thread 0x0000020410e06940 nmethod 43454 0x0000020450f88a10 code [0x0000020450f88c20, 0x0000020450f89118]

GC Heap History (20 events):
Event: 2210.849 GC heap before
{Heap before GC invocations=346 (full 40):
 garbage-first heap   total 831488K, used 216275K [0x0000000680000000, 0x0000000800000000)
  region size 4096K, 7 young (28672K), 1 survivors (4096K)
 Metaspace       used 113734K, committed 114560K, reserved 1179648K
  class space    used 16390K, committed 16768K, reserved 1048576K
}
Event: 2210.947 GC heap after
{Heap after GC invocations=347 (full 41):
 garbage-first heap   total 831488K, used 182195K [0x0000000680000000, 0x0000000800000000)
  region size 4096K, 0 young (0K), 0 survivors (0K)
 Metaspace       used 113734K, committed 114560K, reserved 1179648K
  class space    used 16390K, committed 16768K, reserved 1048576K
}
Event: 2212.611 GC heap before
{Heap before GC invocations=347 (full 41):
 garbage-first heap   total 831488K, used 239539K [0x0000000680000000, 0x0000000800000000)
  region size 4096K, 13 young (53248K), 0 survivors (0K)
 Metaspace       used 113755K, committed 114560K, reserved 1179648K
  class space    used 16390K, committed 16768K, reserved 1048576K
}
Event: 2212.714 GC heap after
{Heap after GC invocations=348 (full 42):
 garbage-first heap   total 831488K, used 186142K [0x0000000680000000, 0x0000000800000000)
  region size 4096K, 0 young (0K), 0 survivors (0K)
 Metaspace       used 113755K, committed 114560K, reserved 1179648K
  class space    used 16390K, committed 16768K, reserved 1048576K
}
Event: 2213.306 GC heap before
{Heap before GC invocations=348 (full 42):
 garbage-first heap   total 831488K, used 194334K [0x0000000680000000, 0x0000000800000000)
  region size 4096K, 3 young (12288K), 0 survivors (0K)
 Metaspace       used 113756K, committed 114624K, reserved 1179648K
  class space    used 16390K, committed 16768K, reserved 1048576K
}
Event: 2213.390 GC heap after
{Heap after GC invocations=349 (full 43):
 garbage-first heap   total 831488K, used 186258K [0x0000000680000000, 0x0000000800000000)
  region size 4096K, 0 young (0K), 0 survivors (0K)
 Metaspace       used 113756K, committed 114624K, reserved 1179648K
  class space    used 16390K, committed 16768K, reserved 1048576K
}
Event: 2213.452 GC heap before
{Heap before GC invocations=349 (full 43):
 garbage-first heap   total 831488K, used 190354K [0x0000000680000000, 0x0000000800000000)
  region size 4096K, 2 young (8192K), 0 survivors (0K)
 Metaspace       used 113759K, committed 114624K, reserved 1179648K
  class space    used 16390K, committed 16768K, reserved 1048576K
}
Event: 2213.536 GC heap after
{Heap after GC invocations=350 (full 44):
 garbage-first heap   total 831488K, used 186301K [0x0000000680000000, 0x0000000800000000)
  region size 4096K, 0 young (0K), 0 survivors (0K)
 Metaspace       used 113759K, committed 114624K, reserved 1179648K
  class space    used 16390K, committed 16768K, reserved 1048576K
}
Event: 2213.617 GC heap before
{Heap before GC invocations=350 (full 44):
 garbage-first heap   total 831488K, used 194493K [0x0000000680000000, 0x0000000800000000)
  region size 4096K, 3 young (12288K), 0 survivors (0K)
 Metaspace       used 113768K, committed 114624K, reserved 1179648K
  class space    used 16390K, committed 16768K, reserved 1048576K
}
Event: 2213.702 GC heap after
{Heap after GC invocations=351 (full 45):
 garbage-first heap   total 831488K, used 186401K [0x0000000680000000, 0x0000000800000000)
  region size 4096K, 0 young (0K), 0 survivors (0K)
 Metaspace       used 113768K, committed 114624K, reserved 1179648K
  class space    used 16390K, committed 16768K, reserved 1048576K
}
Event: 2219.706 GC heap before
{Heap before GC invocations=351 (full 45):
 garbage-first heap   total 831488K, used 223265K [0x0000000680000000, 0x0000000800000000)
  region size 4096K, 10 young (40960K), 0 survivors (0K)
 Metaspace       used 113777K, committed 114624K, reserved 1179648K
  class space    used 16391K, committed 16768K, reserved 1048576K
}
Event: 2219.810 GC heap after
{Heap after GC invocations=352 (full 46):
 garbage-first heap   total 831488K, used 183976K [0x0000000680000000, 0x0000000800000000)
  region size 4096K, 0 young (0K), 0 survivors (0K)
 Metaspace       used 113777K, committed 114624K, reserved 1179648K
  class space    used 16391K, committed 16768K, reserved 1048576K
}
Event: 2223.415 GC heap before
{Heap before GC invocations=352 (full 46):
 garbage-first heap   total 831488K, used 265896K [0x0000000680000000, 0x0000000800000000)
  region size 4096K, 20 young (81920K), 0 survivors (0K)
 Metaspace       used 113816K, committed 114624K, reserved 1179648K
  class space    used 16394K, committed 16768K, reserved 1048576K
}
Event: 2223.417 GC heap after
{Heap after GC invocations=353 (full 46):
 garbage-first heap   total 831488K, used 184478K [0x0000000680000000, 0x0000000800000000)
  region size 4096K, 1 young (4096K), 1 survivors (4096K)
 Metaspace       used 113816K, committed 114624K, reserved 1179648K
  class space    used 16394K, committed 16768K, reserved 1048576K
}
Event: 2225.202 GC heap before
{Heap before GC invocations=353 (full 46):
 garbage-first heap   total 831488K, used 262302K [0x0000000680000000, 0x0000000800000000)
  region size 4096K, 20 young (81920K), 1 survivors (4096K)
 Metaspace       used 113826K, committed 114624K, reserved 1179648K
  class space    used 16394K, committed 16768K, reserved 1048576K
}
Event: 2225.204 GC heap after
{Heap after GC invocations=354 (full 46):
 garbage-first heap   total 831488K, used 184335K [0x0000000680000000, 0x0000000800000000)
  region size 4096K, 1 young (4096K), 1 survivors (4096K)
 Metaspace       used 113826K, committed 114624K, reserved 1179648K
  class space    used 16394K, committed 16768K, reserved 1048576K
}
Event: 2225.826 GC heap before
{Heap before GC invocations=354 (full 46):
 garbage-first heap   total 831488K, used 217103K [0x0000000680000000, 0x0000000800000000)
  region size 4096K, 10 young (40960K), 1 survivors (4096K)
 Metaspace       used 113865K, committed 114688K, reserved 1179648K
  class space    used 16394K, committed 16768K, reserved 1048576K
}
Event: 2225.902 GC heap after
{Heap after GC invocations=355 (full 47):
 garbage-first heap   total 831488K, used 183327K [0x0000000680000000, 0x0000000800000000)
  region size 4096K, 0 young (0K), 0 survivors (0K)
 Metaspace       used 113865K, committed 114688K, reserved 1179648K
  class space    used 16394K, committed 16768K, reserved 1048576K
}
Event: 2228.698 GC heap before
{Heap before GC invocations=355 (full 47):
 garbage-first heap   total 831488K, used 265247K [0x0000000680000000, 0x0000000800000000)
  region size 4096K, 20 young (81920K), 0 survivors (0K)
 Metaspace       used 114295K, committed 115136K, reserved 1179648K
  class space    used 16437K, committed 16832K, reserved 1048576K
}
Event: 2228.700 GC heap after
{Heap after GC invocations=356 (full 47):
 garbage-first heap   total 999424K, used 183838K [0x0000000680000000, 0x0000000800000000)
  region size 4096K, 1 young (4096K), 1 survivors (4096K)
 Metaspace       used 114295K, committed 115136K, reserved 1179648K
  class space    used 16437K, committed 16832K, reserved 1048576K
}

Dll operation events (20 events):
Event: 7.890 Loaded shared library C:\Xilinx\2025.1\Vivado\lib\win64.o\xv_ipservicestasks.dll
Event: 7.892 Loaded shared library C:\Xilinx\2025.1\Vivado\lib\win64.o\xv_vivadotasks.dll
Event: 7.893 Loaded shared library C:\Xilinx\2025.1\Vivado\lib\win64.o\xv_board.dll
Event: 7.895 Loaded shared library C:\Xilinx\2025.1\Vivado\lib\win64.o\xv_boarddep.dll
Event: 7.896 Loaded shared library C:\Xilinx\2025.1\Vivado\lib\win64.o\xv_boardcommontasks.dll
Event: 7.898 Loaded shared library C:\Xilinx\2025.1\Vivado\lib\win64.o\xv_ptgen.dll
Event: 7.899 Loaded shared library C:\Xilinx\2025.1\Vivado\lib\win64.o\xv_ip.dll
Event: 7.901 Loaded shared library C:\Xilinx\2025.1\Vivado\lib\win64.o\xv_mig.dll
Event: 7.903 Loaded shared library C:\Xilinx\2025.1\Vivado\lib\win64.o\xv_implflow.dll
Event: 7.904 Loaded shared library C:\Xilinx\2025.1\Vivado\lib\win64.o\xv_xhubtasks.dll
Event: 8.019 Loaded shared library C:\Xilinx\2025.1\Vivado\lib\win64.o\xv_iptasks.dll
Event: 8.021 Loaded shared library C:\Xilinx\2025.1\Vivado\lib\win64.o\xv_synth.dll
Event: 9.609 Loaded shared library C:\Xilinx\2025.1\Vivado\tps\win64\jre21.0.1_12\bin\verify.dll
Event: 9.682 Loaded shared library C:\Xilinx\2025.1\Vivado\tps\win64\jre21.0.1_12\bin\freetype.dll
Event: 9.685 Loaded shared library C:\Xilinx\2025.1\Vivado\tps\win64\jre21.0.1_12\bin\fontmanager.dll
Event: 23.557 Loaded shared library C:\Xilinx\2025.1\Vivado\lib\win64.o\xv_xhub.dll
Event: 29.953 Loaded shared library C:\Xilinx\2025.1\Vivado\tps\win64\jre21.0.1_12\bin\management.dll
Event: 29.957 Loaded shared library C:\Xilinx\2025.1\Vivado\tps\win64\jre21.0.1_12\bin\management_ext.dll
Event: 33.350 Loaded shared library C:\Xilinx\2025.1\Vivado\tps\win64\jre21.0.1_12\bin\javajpeg.dll
Event: 296.234 Loaded shared library C:\Xilinx\2025.1\Vivado\lib\win64.o\nlview.dll

Deoptimization events (20 events):
Event: 2227.231 Thread 0x00000204a9f13e30 Uncommon trap: trap_request=0xffffff45 fr.pc=0x0000020451b389bc relative=0x0000000000000f7c
Event: 2227.231 Thread 0x00000204a9f13e30 Uncommon trap: reason=unstable_if action=reinterpret pc=0x0000020451b389bc method=java.awt.Container.getMouseEventTarget(IIZLjava/awt/Container$EventTargetFilter;Z)Ljava/awt/Component; @ 5 c2
Event: 2227.231 Thread 0x00000204a9f13e30 DEOPT PACKING pc=0x0000020451b389bc sp=0x000000be0ccfef10
Event: 2227.231 Thread 0x00000204a9f13e30 DEOPT UNPACKING pc=0x00000204502b46a2 sp=0x000000be0ccfee50 mode 2
Event: 2227.231 Thread 0x00000204a9f13e30 Uncommon trap: trap_request=0xffffff45 fr.pc=0x000002045231a094 relative=0x0000000000002254
Event: 2227.231 Thread 0x00000204a9f13e30 Uncommon trap: reason=unstable_if action=reinterpret pc=0x000002045231a094 method=java.awt.Component.dispatchEventImpl(Ljava/awt/AWTEvent;)V @ 95 c2
Event: 2227.231 Thread 0x00000204a9f13e30 DEOPT PACKING pc=0x000002045231a094 sp=0x000000be0ccfed40
Event: 2227.231 Thread 0x00000204a9f13e30 DEOPT UNPACKING pc=0x00000204502b46a2 sp=0x000000be0ccfed10 mode 2
Event: 2227.231 Thread 0x00000204a9f13e30 Uncommon trap: trap_request=0xffffff45 fr.pc=0x000002045199eaa0 relative=0x00000000000000e0
Event: 2227.231 Thread 0x00000204a9f13e30 Uncommon trap: reason=unstable_if action=reinterpret pc=0x000002045199eaa0 method=javax.swing.plaf.basic.BasicTableUI$Handler.propertyChange(Ljava/beans/PropertyChangeEvent;)V @ 69 c2
Event: 2227.231 Thread 0x00000204a9f13e30 DEOPT PACKING pc=0x000002045199eaa0 sp=0x000000be0ccfe760
Event: 2227.231 Thread 0x00000204a9f13e30 DEOPT UNPACKING pc=0x00000204502b46a2 sp=0x000000be0ccfe6d0 mode 2
Event: 2227.232 Thread 0x00000204a9f13e30 Uncommon trap: trap_request=0xffffffde fr.pc=0x0000020450e4c72c relative=0x000000000000044c
Event: 2227.232 Thread 0x00000204a9f13e30 Uncommon trap: reason=class_check action=maybe_recompile pc=0x0000020450e4c72c method=java.lang.Throwable.<init>()V @ 24 c2
Event: 2227.232 Thread 0x00000204a9f13e30 DEOPT PACKING pc=0x0000020450e4c72c sp=0x000000be0ccfe0a0
Event: 2227.232 Thread 0x00000204a9f13e30 DEOPT UNPACKING pc=0x00000204502b46a2 sp=0x000000be0ccfe000 mode 2
Event: 2227.353 Thread 0x00000204a9f13e30 Uncommon trap: trap_request=0xffffffde fr.pc=0x0000020450e4c72c relative=0x000000000000044c
Event: 2227.353 Thread 0x00000204a9f13e30 Uncommon trap: reason=class_check action=maybe_recompile pc=0x0000020450e4c72c method=java.lang.Throwable.<init>()V @ 24 c2
Event: 2227.353 Thread 0x00000204a9f13e30 DEOPT PACKING pc=0x0000020450e4c72c sp=0x000000be0ccfe0c0
Event: 2227.353 Thread 0x00000204a9f13e30 DEOPT UNPACKING pc=0x00000204502b46a2 sp=0x000000be0ccfe020 mode 2

Classes loaded (20 events):
Event: 2227.216 Loading class sun/awt/dnd/SunDragSourceContextPeer$1
Event: 2227.216 Loading class sun/awt/dnd/SunDragSourceContextPeer$1 done
Event: 2227.221 Loading class sun/awt/dnd/SunDropTargetContextPeer$EventDispatcher
Event: 2227.221 Loading class sun/awt/dnd/SunDropTargetContextPeer$EventDispatcher done
Event: 2227.223 Loading class sun/awt/windows/WDropTargetContextPeer$1
Event: 2227.223 Loading class sun/awt/windows/WDropTargetContextPeer$1 done
Event: 2227.230 Loading class java/awt/Container$DropTargetEventTargetFilter
Event: 2227.230 Loading class java/awt/Container$DropTargetEventTargetFilter done
Event: 2227.231 Loading class java/awt/dnd/DropTarget$DropTargetAutoScroller
Event: 2227.231 Loading class java/awt/dnd/DropTarget$DropTargetAutoScroller done
Event: 2227.233 Loading class java/awt/dnd/DragSourceDragEvent
Event: 2227.233 Loading class java/awt/dnd/DragSourceEvent
Event: 2227.233 Loading class java/awt/dnd/DragSourceEvent done
Event: 2227.233 Loading class java/awt/dnd/DragSourceDragEvent done
Event: 2227.233 Loading class sun/awt/dnd/SunDragSourceContextPeer$EventDispatcher
Event: 2227.233 Loading class sun/awt/dnd/SunDragSourceContextPeer$EventDispatcher done
Event: 2227.352 Loading class java/awt/dnd/DropTargetContext$TransferableProxy
Event: 2227.353 Loading class java/awt/dnd/DropTargetContext$TransferableProxy done
Event: 2227.823 Loading class java/awt/dnd/DragSourceDropEvent
Event: 2227.823 Loading class java/awt/dnd/DragSourceDropEvent done

Classes unloaded (0 events):
No events

Classes redefined (0 events):
No events

Internal exceptions (20 events):
Event: 2028.264 Thread 0x00000204c0b579f0 Exception <a 'java/lang/InterruptedException'{0x00000006b1612e00}: sleep interrupted> (0x00000006b1612e00) 
thrown [s\src\hotspot\share\prims\jvm.cpp, line 3052]
Event: 2034.257 Thread 0x00000204c0b579f0 Exception <a 'java/lang/InterruptedException'{0x00000006b12fb9c8}: sleep interrupted> (0x00000006b12fb9c8) 
thrown [s\src\hotspot\share\prims\jvm.cpp, line 3052]
Event: 2038.293 Thread 0x00000204c0b579f0 Exception <a 'java/lang/InterruptedException'{0x00000006b1d87ce0}: sleep interrupted> (0x00000006b1d87ce0) 
thrown [s\src\hotspot\share\prims\jvm.cpp, line 3052]
Event: 2046.338 Thread 0x00000204c0b55920 Exception <a 'java/lang/InterruptedException'{0x00000006b23040d8}: sleep interrupted> (0x00000006b23040d8) 
thrown [s\src\hotspot\share\prims\jvm.cpp, line 3052]
Event: 2061.087 Thread 0x00000204a9f13e30 Exception <a 'java/lang/NoSuchMethodError'{0x00000006b20848c0}: 'int java.lang.invoke.DirectMethodHandle$Holder.invokeSpecial(java.lang.Object, java.lang.Object, java.lang.Object, java.lang.Object)'> (0x00000006b20848c0) 
thrown [s\src\hotspot\share\interpreter\linkResolver.cpp, line 773]
Event: 2061.094 Thread 0x00000204a9f13e30 Implicit null exception at 0x0000020451c74c65 to 0x0000020451c75084
Event: 2061.096 Thread 0x00000204a9f13e30 Implicit null exception at 0x00000204514c36d8 to 0x00000204514c3a78
Event: 2068.324 Thread 0x00000204c0b54c00 Exception <a 'java/lang/InterruptedException'{0x00000006b0586ab8}: sleep interrupted> (0x00000006b0586ab8) 
thrown [s\src\hotspot\share\prims\jvm.cpp, line 3052]
Event: 2080.935 Thread 0x00000204e7a36960 Exception <a 'java/lang/InterruptedException'{0x00000006af003e50}: sleep interrupted> (0x00000006af003e50) 
thrown [s\src\hotspot\share\prims\jvm.cpp, line 3074]
Event: 2084.345 Thread 0x00000204e7a34890 Exception <a 'java/lang/InterruptedException'{0x00000006b0b80e08}: sleep interrupted> (0x00000006b0b80e08) 
thrown [s\src\hotspot\share\prims\jvm.cpp, line 3052]
Event: 2100.113 Thread 0x00000204a9f13e30 Exception <a 'java/lang/NoSuchMethodError'{0x00000006b23d1b48}: 'long java.lang.invoke.DelegatingMethodHandle$Holder.reinvoke_L(java.lang.Object, java.lang.Object)'> (0x00000006b23d1b48) 
thrown [s\src\hotspot\share\interpreter\linkResolver.cpp, line 773]
Event: 2100.397 Thread 0x00000204a9f13e30 Implicit null exception at 0x0000020451723c97 to 0x0000020451724084
Event: 2100.416 Thread 0x00000204a9f13e30 Exception <a 'java/lang/ClassNotFoundException'{0x00000006b08bdc10}: ui/views/waveform/g/vBeanInfo> (0x00000006b08bdc10) 
thrown [s\src\hotspot\share\classfile\systemDictionary.cpp, line 312]
Event: 2100.416 Thread 0x00000204a9f13e30 Exception <a 'java/lang/ClassNotFoundException'{0x00000006b08c0860}: ui/views/waveform/g/vCustomizer> (0x00000006b08c0860) 
thrown [s\src\hotspot\share\classfile\systemDictionary.cpp, line 312]
Event: 2100.489 Thread 0x00000204a9f13e30 Implicit null exception at 0x000002045195f5a3 to 0x0000020451960460
Event: 2100.508 Thread 0x00000204a9f13e30 Exception <a 'java/lang/NoSuchMethodError'{0x00000006b04c6950}: 'java.lang.Object java.lang.invoke.DirectMethodHandle$Holder.invokeSpecial(java.lang.Object, java.lang.Object, long, long, long)'> (0x00000006b04c6950) 
thrown [s\src\hotspot\share\interpreter\linkResolver.cpp, line 773]
Event: 2100.637 Thread 0x00000204a9f13e30 Exception <a 'java/lang/NoSuchMethodError'{0x00000006b03651b0}: 'int java.lang.invoke.Invokers$Holder.invokeExact_MT(java.lang.Object, java.lang.Object, java.lang.Object)'> (0x00000006b03651b0) 
thrown [s\src\hotspot\share\interpreter\linkResolver.cpp, line 773]
Event: 2195.086 Thread 0x00000204c4aa4680 Exception <a 'java/lang/InterruptedException'{0x00000006afad0e98}: sleep interrupted> (0x00000006afad0e98) 
thrown [s\src\hotspot\share\prims\jvm.cpp, line 3074]
Event: 2222.630 Thread 0x00000204a9f13e30 Exception <a 'java/lang/NoSuchMethodError'{0x00000006b0a5e488}: 'void java.lang.invoke.DirectMethodHandle$Holder.invokeSpecial(java.lang.Object, java.lang.Object, int, java.lang.Object)'> (0x00000006b0a5e488) 
thrown [s\src\hotspot\share\interpreter\linkResolver.cpp, line 773]
Event: 2222.631 Thread 0x00000204a9f13e30 Exception <a 'java/lang/NoSuchMethodError'{0x00000006b0a63ca0}: 'java.lang.Object java.lang.invoke.DirectMethodHandle$Holder.newInvokeSpecial(java.lang.Object, java.lang.Object, int, java.lang.Object)'> (0x00000006b0a63ca0) 
thrown [s\src\hotspot\share\interpreter\linkResolver.cpp, line 773]

ZGC Phase Switch (0 events):
No events

VM Operations (20 events):
Event: 2222.814 Executing VM operation: Cleanup
Event: 2222.815 Executing VM operation: Cleanup done
Event: 2223.415 Executing VM operation: G1CollectForAllocation (G1 Evacuation Pause)
Event: 2223.417 Executing VM operation: G1CollectForAllocation (G1 Evacuation Pause) done
Event: 2225.202 Executing VM operation: G1CollectForAllocation (G1 Evacuation Pause)
Event: 2225.204 Executing VM operation: G1CollectForAllocation (G1 Evacuation Pause) done
Event: 2225.826 Executing VM operation: G1CollectFull (System.gc())
Event: 2225.902 Executing VM operation: G1CollectFull (System.gc()) done
Event: 2226.198 Executing VM operation: HandshakeAllThreads (HandshakeForDeflation)
Event: 2226.198 Executing VM operation: HandshakeAllThreads (HandshakeForDeflation) done
Event: 2226.198 Executing VM operation: RendezvousGCThreads
Event: 2226.198 Executing VM operation: RendezvousGCThreads done
Event: 2227.199 Executing VM operation: Cleanup
Event: 2227.199 Executing VM operation: Cleanup done
Event: 2227.223 Executing VM operation: HandshakeAllThreads (Deoptimize)
Event: 2227.223 Executing VM operation: HandshakeAllThreads (Deoptimize) done
Event: 2228.223 Executing VM operation: Cleanup
Event: 2228.223 Executing VM operation: Cleanup done
Event: 2228.698 Executing VM operation: G1CollectForAllocation (G1 Evacuation Pause)
Event: 2228.700 Executing VM operation: G1CollectForAllocation (G1 Evacuation Pause) done

Events (20 events):
Event: 2227.526 Thread 0x0000020410e07db0 Thread exited: 0x0000020410e07db0
Event: 2227.526 Thread 0x0000020410e04730 Thread exited: 0x0000020410e04730
Event: 2227.620 Thread 0x0000020410e06940 Thread exited: 0x0000020410e06940
Event: 2227.820 Thread 0x00000204d7eec070 Thread added: 0x00000204d7eec070
Event: 2227.869 Thread 0x00000204d7eec070 Thread exited: 0x00000204d7eec070
Event: 2227.946 Thread 0x0000020410e06940 Thread added: 0x0000020410e06940
Event: 2228.161 Thread 0x0000020410e06940 Thread exited: 0x0000020410e06940
Event: 2228.278 Thread 0x00000204d7eec070 Thread added: 0x00000204d7eec070
Event: 2228.279 Thread 0x00000204d7eec070 Thread exited: 0x00000204d7eec070
Event: 2229.121 Thread 0x0000020410e08480 Thread exited: 0x0000020410e08480
Event: 2229.279 Thread 0x00000204d7eec070 Thread added: 0x00000204d7eec070
Event: 2229.280 Thread 0x00000204d7eec070 Thread exited: 0x00000204d7eec070
Event: 2229.349 Thread 0x0000020410e0b430 Thread exited: 0x0000020410e0b430
Event: 2229.349 Thread 0x00000204d7eec070 Thread added: 0x00000204d7eec070
Event: 2229.350 Thread 0x0000020410e06940 Thread added: 0x0000020410e06940
Event: 2229.366 Thread 0x0000020410e07db0 Thread added: 0x0000020410e07db0
Event: 2229.398 Thread 0x0000020410e04730 Thread added: 0x0000020410e04730
Event: 2229.398 Thread 0x0000020410e098f0 Thread added: 0x0000020410e098f0
Event: 2229.399 Thread 0x0000020410e09fc0 Thread added: 0x0000020410e09fc0
Event: 2229.612 Thread 0x0000020410e07db0 Thread exited: 0x0000020410e07db0


Dynamic libraries:
0x00007ff7d8d00000 - 0x00007ff7d8d08000 	C:\Xilinx\2025.1\Vivado\bin\unwrapped\win64.o\vivado.exe
0x00007ff99c0c0000 - 0x00007ff99c327000 	C:\WINDOWS\SYSTEM32\ntdll.dll
0x00007ff99abc0000 - 0x00007ff99ac89000 	C:\WINDOWS\System32\KERNEL32.DLL
0x00007ff999620000 - 0x00007ff999a0f000 	C:\WINDOWS\System32\KERNELBASE.dll
0x00007ff995d00000 - 0x00007ff995d9f000 	C:\WINDOWS\SYSTEM32\apphelp.dll
0x00007ff999210000 - 0x00007ff99935b000 	C:\WINDOWS\System32\ucrtbase.dll
0x00007ff97e020000 - 0x00007ff97e03e000 	C:\WINDOWS\SYSTEM32\VCRUNTIME140.dll
0x00007ff97e040000 - 0x00007ff97e0c8000 	C:\WINDOWS\SYSTEM32\MSVCP140.dll
0x00007ff97f3a0000 - 0x00007ff97f3ab000 	C:\WINDOWS\SYSTEM32\VCRUNTIME140_1.dll
0x00007ff8f5a30000 - 0x00007ff8f5a57000 	C:\Xilinx\2025.1\Vivado\lib\win64.o\xv_commonmain.dll
0x00007ff8f5a20000 - 0x00007ff8f5a2c000 	C:\Xilinx\2025.1\Vivado\lib\win64.o\xv_commonversion.dll
0x00007ff8f4cd0000 - 0x00007ff8f4f20000 	C:\Xilinx\2025.1\Vivado\lib\win64.o\xv_commonxillic.dll
0x00007ff99b9d0000 - 0x00007ff99ba44000 	C:\WINDOWS\System32\WS2_32.dll
0x00007ff99bb40000 - 0x00007ff99bc58000 	C:\WINDOWS\System32\RPCRT4.dll
0x00007ff99a4a0000 - 0x00007ff99a665000 	C:\WINDOWS\System32\USER32.dll
0x00007ff999e30000 - 0x00007ff999e57000 	C:\WINDOWS\System32\win32u.dll
0x00007ff99b9a0000 - 0x00007ff99b9cb000 	C:\WINDOWS\System32\GDI32.dll
0x00007ff999ae0000 - 0x00007ff999c0c000 	C:\WINDOWS\System32\gdi32full.dll
0x00007ff999c10000 - 0x00007ff999cb3000 	C:\WINDOWS\System32\msvcp_win.dll
0x00007ff99bfb0000 - 0x00007ff99c064000 	C:\WINDOWS\System32\ADVAPI32.dll
0x00007ff99ab10000 - 0x00007ff99abb9000 	C:\WINDOWS\System32\msvcrt.dll
0x00007ff99ac90000 - 0x00007ff99ad36000 	C:\WINDOWS\System32\sechost.dll
0x00007ff8f2df0000 - 0x00007ff8f4497000 	C:\Xilinx\2025.1\Vivado\lib\win64.o\xv_common.dll
0x00007ff99adb0000 - 0x00007ff99b503000 	C:\WINDOWS\System32\SHELL32.dll
0x00007ff999cc0000 - 0x00007ff999e2a000 	C:\WINDOWS\System32\wintypes.dll
0x00007ff99a110000 - 0x00007ff99a495000 	C:\WINDOWS\System32\combase.dll
0x00007ff999360000 - 0x00007ff9993e0000 	C:\WINDOWS\System32\WINTRUST.dll
0x00007ff96bdd0000 - 0x00007ff96bdfa000 	C:\Xilinx\2025.1\Vivado\lib\win64.o\boost_filesystem.dll
0x00007ff96bdc0000 - 0x00007ff96bdca000 	C:\WINDOWS\SYSTEM32\WSOCK32.dll
0x00007ff8f2c40000 - 0x00007ff8f2de1000 	C:\Xilinx\2025.1\Vivado\lib\win64.o\tcl86t.dll
0x00007ff8f24f0000 - 0x00007ff8f2c3b000 	C:\Xilinx\2025.1\Vivado\lib\win64.o\python313.dll
0x00007ff8f1460000 - 0x00007ff8f24ea000 	C:\Xilinx\2025.1\Vivado\lib\win64.o\xv_isl_iostreams.dll
0x00007ff999100000 - 0x00007ff99912a000 	C:\WINDOWS\SYSTEM32\bcrypt.dll
0x00007ff979c10000 - 0x00007ff979c2a000 	C:\WINDOWS\SYSTEM32\NETAPI32.dll
0x00007ff97d860000 - 0x00007ff97dae8000 	C:\WINDOWS\SYSTEM32\WININET.dll
0x00007ff991bf0000 - 0x00007ff991d18000 	C:\WINDOWS\SYSTEM32\WINHTTP.dll
0x00007ff978480000 - 0x00007ff978660000 	C:\WINDOWS\SYSTEM32\urlmon.dll
0x00007ff8f1140000 - 0x00007ff8f1456000 	C:\Xilinx\2025.1\Vivado\lib\win64.o\libXil_lmgr11.dll
0x00007ff99b860000 - 0x00007ff99b950000 	C:\WINDOWS\System32\COMDLG32.dll
0x00007ff999f60000 - 0x00007ff99a055000 	C:\WINDOWS\System32\shcore.dll
0x00007ff99ad40000 - 0x00007ff99ada6000 	C:\WINDOWS\System32\SHLWAPI.dll
0x00007ff99b510000 - 0x00007ff99b5e6000 	C:\WINDOWS\System32\OLEAUT32.dll
0x00007ff99b6c0000 - 0x00007ff99b857000 	C:\WINDOWS\System32\ole32.dll
0x00007ff9993f0000 - 0x00007ff999567000 	C:\WINDOWS\System32\CRYPT32.dll
0x00007ff8f0ff0000 - 0x00007ff8f1134000 	C:\Xilinx\2025.1\Vivado\lib\win64.o\boost_regex.dll
0x00007ff8f59f0000 - 0x00007ff8f5a17000 	C:\Xilinx\2025.1\Vivado\lib\win64.o\boost_thread.dll
0x00007ff8f59d0000 - 0x00007ff8f59e9000 	C:\Xilinx\2025.1\Vivado\lib\win64.o\boost_date_time.dll
0x00007ff8f59a0000 - 0x00007ff8f59c4000 	C:\Xilinx\2025.1\Vivado\lib\win64.o\xv_isl_sysinfo.dll
0x00007ff8f56e0000 - 0x00007ff8f5774000 	C:\Xilinx\2025.1\Vivado\lib\win64.o\boost_program_options.dll
0x00007ff8f5990000 - 0x00007ff8f59a0000 	C:\Xilinx\2025.1\Vivado\lib\win64.o\xv_boost_xilinx.dll
0x00007ff8f0b50000 - 0x00007ff8f0ff0000 	C:\Xilinx\2025.1\Vivado\lib\win64.o\xv_COIN-all.dll
0x00007ff8f56c0000 - 0x00007ff8f56dc000 	C:\Xilinx\2025.1\Vivado\lib\win64.o\librdiconfig.dll
0x00007ff8f4c20000 - 0x00007ff8f4cc5000 	C:\Xilinx\2025.1\Vivado\lib\win64.o\libhdxml.dll
0x00007ff8f5580000 - 0x00007ff8f559a000 	C:\Xilinx\2025.1\Vivado\lib\win64.o\pthreadVC2.dll
0x00007ff8f4ba0000 - 0x00007ff8f4c17000 	C:\Xilinx\2025.1\Vivado\lib\win64.o\xv_lmx.dll
0x00007ff8eec30000 - 0x00007ff8f0b47000 	C:\Xilinx\2025.1\Vivado\lib\win64.o\gurobi90.dll
0x00007ff99b640000 - 0x00007ff99b6b4000 	C:\WINDOWS\System32\WLDAP32.dll
0x00007ff99c070000 - 0x00007ff99c078000 	C:\WINDOWS\System32\Normaliz.dll
0x00007ff8eeba0000 - 0x00007ff8eec22000 	C:\Xilinx\2025.1\Vivado\lib\win64.o\libhdlpsolve.dll
0x00007ff8eeae0000 - 0x00007ff8eeb97000 	C:\Xilinx\2025.1\Vivado\lib\win64.o\libzstd.dll
0x00007ff8eeaa0000 - 0x00007ff8eead6000 	C:\WINDOWS\SYSTEM32\VCOMP140.DLL
0x00007ff998700000 - 0x00007ff99872b000 	C:\WINDOWS\SYSTEM32\USERENV.dll
0x00007ff8f5550000 - 0x00007ff8f5573000 	C:\Xilinx\2025.1\Vivado\lib\win64.o\librdizlib.dll
0x00007ff9914a0000 - 0x00007ff9914ab000 	C:\WINDOWS\SYSTEM32\VERSION.dll
0x00007ff8eea70000 - 0x00007ff8eea9a000 	C:\Xilinx\2025.1\Vivado\lib\win64.o\zlib1.dll
0x00007ff8eea50000 - 0x00007ff8eea6c000 	C:\Xilinx\2025.1\Vivado\lib\win64.o\xv_isl_iosutils.dll
0x00007ff97dbf0000 - 0x00007ff97deb5000 	C:\WINDOWS\SYSTEM32\iertutil.dll
0x00007ff996e10000 - 0x00007ff99766e000 	C:\WINDOWS\SYSTEM32\windows.storage.dll
0x00007ff991620000 - 0x00007ff9916d4000 	C:\WINDOWS\WinSxS\amd64_microsoft.windows.common-controls_6595b64144ccf1df_5.82.26100.7309_none_87ef0e2f7a2c9771\COMCTL32.dll
0x00007ff991b70000 - 0x00007ff991b93000 	C:\WINDOWS\SYSTEM32\dhcpcsvc.DLL
0x00007ff97cf10000 - 0x00007ff97cf39000 	C:\WINDOWS\SYSTEM32\srvcli.dll
0x00007ff9979f0000 - 0x00007ff9979fd000 	C:\WINDOWS\SYSTEM32\netutils.dll
0x00007ff998400000 - 0x00007ff998447000 	C:\WINDOWS\SYSTEM32\LOGONCLI.DLL
0x00007ff9979a0000 - 0x00007ff9979bb000 	C:\WINDOWS\SYSTEM32\SAMCLI.DLL
0x00007ff8eea20000 - 0x00007ff8eea41000 	C:\Xilinx\2025.1\Vivado\lib\win64.o\boost_iostreams.dll
0x00007ff8ee750000 - 0x00007ff8eea11000 	C:\Xilinx\2025.1\Vivado\lib\win64.o\xerces-c_3_2.dll
0x00007ff998650000 - 0x00007ff9986bb000 	C:\WINDOWS\SYSTEM32\MSWSOCK.DLL
0x00007ff99b960000 - 0x00007ff99b991000 	C:\WINDOWS\System32\IMM32.DLL
0x00007ff998a40000 - 0x00007ff998a53000 	C:\WINDOWS\SYSTEM32\MSASN1.dll
0x00007ff998920000 - 0x00007ff99893b000 	C:\WINDOWS\SYSTEM32\CRYPTSP.dll
0x00007ff998020000 - 0x00007ff99805a000 	C:\WINDOWS\system32\rsaenh.dll
0x00007ff998910000 - 0x00007ff99891c000 	C:\WINDOWS\SYSTEM32\CRYPTBASE.dll
0x00007ff999570000 - 0x00007ff999615000 	C:\WINDOWS\System32\bcryptPrimitives.dll
0x00007ff99a060000 - 0x00007ff99a080000 	C:\WINDOWS\System32\imagehlp.dll
0x00007ff9980c0000 - 0x00007ff9980db000 	C:\WINDOWS\SYSTEM32\kernel.appcore.dll
0x00007ff9986c0000 - 0x00007ff9986f2000 	C:\WINDOWS\SYSTEM32\gpapi.dll
0x00007ff8ee080000 - 0x00007ff8ee750000 	C:\Xilinx\2025.1\Vivado\lib\win64.o\xv_commontasks.dll
0x00007ff8ed2f0000 - 0x00007ff8ee071000 	C:\Xilinx\2025.1\Vivado\tps\win64\jre21.0.1_12\bin\server\jvm.dll
0x00007ff997df0000 - 0x00007ff997e4e000 	C:\WINDOWS\SYSTEM32\POWRPROF.dll
0x00007ff98fec0000 - 0x00007ff98fef5000 	C:\WINDOWS\SYSTEM32\WINMM.dll
0x00007ff8ecdf0000 - 0x00007ff8ed2e9400 	C:\Xilinx\2025.1\Vivado\lib\win64.o\xv_sio.dll
0x00007ff997a00000 - 0x00007ff997a34000 	C:\WINDOWS\SYSTEM32\IPHLPAPI.DLL
0x00007ff997dd0000 - 0x00007ff997de4000 	C:\WINDOWS\SYSTEM32\UMPDC.dll
0x00007ff991420000 - 0x00007ff99145b000 	C:\Windows\System32\cryptnet.dll
0x00007ff999130000 - 0x00007ff999159000 	C:\WINDOWS\SYSTEM32\profapi.dll
0x00007ff998380000 - 0x00007ff9983c9000 	C:\WINDOWS\SYSTEM32\SspiCli.dll
0x00007ff996110000 - 0x00007ff99611f000 	C:\WINDOWS\SYSTEM32\WINNSI.DLL
0x00007ff99ba50000 - 0x00007ff99ba5a000 	C:\WINDOWS\System32\NSI.dll
0x00007ff9701b0000 - 0x00007ff9701c8000 	C:\WINDOWS\system32\napinsp.dll
0x00007ff997b00000 - 0x00007ff997c2c000 	C:\WINDOWS\SYSTEM32\DNSAPI.dll
0x00007ff970190000 - 0x00007ff9701a2000 	C:\WINDOWS\System32\winrnr.dll
0x00007ff991e80000 - 0x00007ff991e96000 	C:\WINDOWS\system32\wshbth.dll
0x00007ff970160000 - 0x00007ff970182000 	C:\WINDOWS\system32\nlansp_c.dll
0x000000006c0f0000 - 0x000000006c0fb000 	C:\Program Files\National Instruments\Shared\mDNS Responder\nimdnsNSP.dll
0x000000006c0d0000 - 0x000000006c0e1000 	C:\WINDOWS\SYSTEM32\nimdnsResponder.dll
0x00007ff991840000 - 0x00007ff99185b000 	C:\WINDOWS\SYSTEM32\wkscli.dll
0x00007ff973ba0000 - 0x00007ff973bb3000 	C:\WINDOWS\SYSTEM32\cscapi.dll
0x00007ff8e8d10000 - 0x00007ff8ecde1000 	C:\Xilinx\2025.1\Vivado\lib\win64.o\xv_tcltasks.dll
0x00007ff8f4840000 - 0x00007ff8f4919000 	C:\Xilinx\2025.1\Vivado\lib\win64.o\xv_xhubtasks.dll
0x00007ff8e7eb0000 - 0x00007ff8e8d02000 	C:\Xilinx\2025.1\Vivado\lib\win64.o\xv_power.dll
0x00007ff8e60d0000 - 0x00007ff8e7ea9000 	C:\Xilinx\2025.1\Vivado\lib\win64.o\xv_implflow.dll
0x00007ff8e53d0000 - 0x00007ff8e60c4000 	C:\Xilinx\2025.1\Vivado\lib\win64.o\xv_project.dll
0x00007ff8df9f0000 - 0x00007ff8e53cc000 	C:\Xilinx\2025.1\Vivado\lib\win64.o\xv_route.dll
0x00007ff8df480000 - 0x00007ff8df9e3000 	C:\Xilinx\2025.1\Vivado\lib\win64.o\xv_dfximpl.dll
0x00007ff8de7f0000 - 0x00007ff8df477000 	C:\Xilinx\2025.1\Vivado\lib\win64.o\xv_lopt.dll
0x00007ff8de010000 - 0x00007ff8de7e3000 	C:\Xilinx\2025.1\Vivado\lib\win64.o\xv_runs.dll
0x00007ff8f46d0000 - 0x00007ff8f4837000 	C:\Xilinx\2025.1\Vivado\lib\win64.o\xv_chipscope.dll
0x00007ff8dd330000 - 0x00007ff8de001000 	C:\Xilinx\2025.1\Vivado\lib\win64.o\xv_drc.dll
0x00007ff8dc6b0000 - 0x00007ff8dd32a000 	C:\Xilinx\2025.1\Vivado\lib\win64.o\xv_rsb.dll
0x00007ff8d69a0000 - 0x00007ff8dc6a5000 	C:\Xilinx\2025.1\Vivado\lib\win64.o\xv_place.dll
0x00007ff8f45c0000 - 0x00007ff8f46cc000 	C:\Xilinx\2025.1\Vivado\lib\win64.o\xv_dsp.dll
0x00007ff8d3d10000 - 0x00007ff8d6992000 	C:\Xilinx\2025.1\Vivado\lib\win64.o\xv_mig.dll
0x00007ff8d3a80000 - 0x00007ff8d3d06000 	C:\Xilinx\2025.1\Vivado\lib\win64.o\xv_chipscopeimpl.dll
0x00007ff8d38f0000 - 0x00007ff8d3a72000 	C:\Xilinx\2025.1\Vivado\lib\win64.o\xv_vsta.dll
0x00007ff8d3430000 - 0x00007ff8d38ec000 	C:\Xilinx\2025.1\Vivado\lib\win64.o\xv_dlyest.dll
0x00007ff8d1ab0000 - 0x00007ff8d342c000 	C:\Xilinx\2025.1\Vivado\lib\win64.o\xv_timing.dll
0x00007ff8f4530000 - 0x00007ff8f45b2000 	C:\Xilinx\2025.1\Vivado\lib\win64.o\xv_pfi.dll
0x00007ff8d13f0000 - 0x00007ff8d1ab0000 	C:\Xilinx\2025.1\Vivado\lib\win64.o\xv_memdata.dll

dbghelp: loaded successfully - version: 4.0.5 - missing functions: none
symbol engine: initialized successfully - sym options: 0x614 - pdb path: .;C:\Xilinx\2025.1\Vivado\bin\unwrapped\win64.o;C:\WINDOWS\SYSTEM32;C:\Xilinx\2025.1\Vivado\lib\win64.o;C:\WINDOWS\WinSxS\amd64_microsoft.windows.common-controls_6595b64144ccf1df_5.82.26100.7309_none_87ef0e2f7a2c9771;C:\Xilinx\2025.1\Vivado\tps\win64\jre21.0.1_12\bin\server;C:\Program Files\National Instruments\Shared\mDNS Responder;C:\Xilinx\2025.1\Vivado\tps\win64\jre21.0.1_12\bin;C:\WINDOWS\WinSxS\amd64_microsoft.windows.common-controls_6595b64144ccf1df_6.0.26100.7309_none_3e05feeae336a044

VM Arguments:
jvm_args: -Dsun.java2d.pmoffscreen=false -Dhttps.protocols=TLSv1,TLSv1.1,TLSv1.2 -Dsun.java2d.xrender=false -Dsun.java2d.d3d=false -Dsun.awt.nopixfmt=true -Dsun.java2d.dpiaware=true -Dsun.java2d.uiScale.enabled=false -Dswing.aatext=true -XX:-UsePerfData -Djdk.map.althashing.threshold=512 -XX:StringTableSize=4072 -XX:+UseStringDeduplication -XX:MaxGCPauseMillis=200 -XX:ParallelGCThreads=4 -XX:+ParallelRefProcEnabled --add-opens=java.desktop/javax.swing.plaf.synth=ALL-UNNAMED --add-opens=java.base/java.nio=ALL-UNNAMED --add-opens=java.desktop/sun.swing=ALL-UNNAMED --add-opens=java.desktop/javax.swing=ALL-UNNAMED --add-opens=java.desktop/javax.swing.tree=ALL-UNNAMED --add-opens=java.desktop/javax.swing.plaf.basic=ALL-UNNAMED --add-opens=java.desktop/javax.swing.plaf.synth=ALL-UNNAMED --add-opens=java.desktop/javax.swing.plaf.basic=ALL-UNNAMED --add-opens=java.desktop/javax.swing=ALL-UNNAMED --add-opens=java.desktop/javax.swing.tree=ALL-UNNAMED --add-opens=java.desktop/java.awt.event=ALL-UNNAMED --add-exports=java.desktop/javax.swing.plaf.synth=ALL-UNNAMED --add-exports=java.base/java.nio=ALL-UNNAMED --add-exports=java.desktop/sun.swing=ALL-UNNAMED --add-exports=java.desktop/javax.swing=ALL-UNNAMED --add-exports=java.desktop/javax.swing.tree=ALL-UNNAMED --add-exports=java.desktop/javax.swing.plaf.basic=ALL-UNNAMED --add-exports=java.desktop/sun.swing=ALL-UNNAMED --add-exports=java.desktop/sun.swing.table=ALL-UNNAMED --add-exports=java.desktop/sun.swing.plaf.synth=ALL-UNNAMED --add-exports=java.desktop/sun.awt.shell=ALL-UNNAMED --add-exports=java.base/sun.security.action=ALL-UNNAMED --add-exports=java.desktop/sun.font=ALL-UNNAMED -XX:NewSize=80m -XX:MaxNewSize=80m -Xms812m -Xmx6144m -Xss10m 
java_command: <unknown>
java_class_path (initial): C:/Xilinx/2025.1/Vivado\lib\classes\apiguardian-api-1.1.0.jar;C:/Xilinx/2025.1/Vivado\lib\classes\asm-9.6-11.0.11-62.jar;C:/Xilinx/2025.1/Vivado\lib\classes\asm-analysis-9.6-11.0.11-62.jar;C:/Xilinx/2025.1/Vivado\lib\classes\asm-commons-9.6-11.0.11-62.jar;C:/Xilinx/2025.1/Vivado\lib\classes\asm-tree-9.6-11.0.11-62.jar;C:/Xilinx/2025.1/Vivado\lib\classes\autoesl-models-1.0.0-62.jar;C:/Xilinx/2025.1/Vivado\lib\classes\batik-anim-1.0.0-62.jar;C:/Xilinx/2025.1/Vivado\lib\classes\batik-awt-util-1.0.0-62.jar;C:/Xilinx/2025.1/Vivado\lib\classes\batik-bridge-1.0.0-62.jar;C:/Xilinx/2025.1/Vivado\lib\classes\batik-codec-1.0.0-62.jar;C:/Xilinx/2025.1/Vivado\lib\classes\batik-constants-1.0.0-62.jar;C:/Xilinx/2025.1/Vivado\lib\classes\batik-css-1.0.0-62.jar;C:/Xilinx/2025.1/Vivado\lib\classes\batik-dom-1.0.0-62.jar;C:/Xilinx/2025.1/Vivado\lib\classes\batik-ext-1.0.0-62.jar;C:/Xilinx/2025.1/Vivado\lib\classes\batik-gui-util-1.0.0-62.jar;C:/Xilinx/2025.1/Vivado\lib\classes\batik-gvt-1.0.0-62.jar;C:/Xilinx/2025.1/Vivado\lib\classes\batik-i18n-1.0.0-62.jar;C:/Xilinx/2025.1/Vivado\lib\classes\batik-parser-1.0.0-62.jar;C:/Xilinx/2025.1/Vivado\lib\classes\batik-script-1.0.0-62.jar;C:/Xilinx/2025.1/Vivado\lib\classes\batik-svg-dom-1.0.0-62.jar;C:/Xilinx/2025.1/Vivado\lib\classes\batik-svggen-1.0.0-62.jar;C:/Xilinx/2025.1/Vivado\lib\classes\batik-swing-1.0.0-62.jar;C:/Xilinx/2025.1/Vivado\lib\classes\batik-transcoder-1.0.0-62.jar;C:/Xilinx/2025.1/Vivado\lib\classes\batik-util-1.0.0-62.jar;C:/Xilinx/2025.1/Vivado\lib\classes\batik-xml-1.0.0-62.jar;C:/Xilinx/2025.1/Vivado\lib\classes\checker-qual-3.12.0.jar;C:/Xilinx/2025.1/Vivado\lib\classes\com.fasterxml.jackson.core.jackson-annotations_2.12.1.v20210128-1726-1.0.0-62.jar;C:/Xilinx/2025.1/Vivado\lib\classes\com.fasterxml.jackson.core.jackson-annotations_2.12.1.v20210128-1726-1.5.0-62.jar;C:/Xilinx/2025.1/Vivado\lib\classes\com.fasterxml.jackson.core.jackson-core_2.12.1.v20210128-1726-1.0.0-62.jar;C:/Xilinx/2025.1/Vivado\lib\classes\com.fasterxml.jackson.core.jackson-core_2.12.1.v20210128-1726-1.5.0-62.jar;C:/Xilinx/2025.1/Vivado\lib\classes\com.fasterxml.jackson.core.jackson-databind_2.12.1.v20210128-1726-1.0.0-62.jar;C:/Xilinx/2025.1/Vivado\lib\classes\com.fasterxml.jackson.core.jackson-databind_2.12.1.v20210128-1726-1.5.0-62.jar;C:/Xilinx/2025.1/Vivado\lib\classes\com.google.gson_2.8.9.v20220111-1409-1.5.0-62.jar;C:/Xilinx/2025.1/Vivado\lib\classes\com.google.guava_30.1.0.v20210127-2300-1.5.0-62.jar;C:/Xilinx/2025.1/Vivado\lib\classes\com.sigasi.hdt.connection_4.17.2.202304211001-1.5.0-62.jar;C:/Xilinx/2025.1/Vivado\lib\classes\com.sigasi.hdt.epl_4.17.2.202304211001-1.5.0-62.jar;C:/Xilinx/2025.1/Vivado\lib\classes\com.sigasi.hdt.project_4.17.2.202304211001-1.5.0-62.jar;C:/Xilinx/2025.1/Vivado\lib\classes\com.sigasi.hdt.readonlyfilesystem_4.17.2.202304211001-1.5.0-62.jar;C:/Xilinx/2025.1/Vivado\lib\classes\com.sigasi.hdt.shared_4.17.2.202304211001-1.5.0-62.jar;C:/Xilinx/2025.1/Vivado\lib\classes\com.sigasi.lcm_4.17.2.202304211001-1.5.0-62.jar;C:/Xilinx/2025.1/Vivado\lib\classes\com.sigasi.lsp.server.extensions_4.17.2.202304211001-1.5.0-62.jar;C:/Xilinx/2025.1/Vivado\lib\classes\com.sigasi.sdk.client_1.5.0.202304211001-1.5.0-62.jar;C:/Xilinx/2025.1/Vivado\lib\classes\commons-collections4-4.1-3.7.8-62.jar;C:/Xilinx/2025.1/Vivado\lib\classes\commons-compress-1.21-3.7.8-62.jar;C:/Xilinx/2025.1/Vivado\lib\classes\commons-io-2.15.0-11.0.11-62.jar;C:/Xilinx/2025.1/Vivado\lib\classes\commons-io-2.6.jar;C:/Xilinx/2025.1/Vivado\lib\classes\commons-lang3-3.14.0-11.0.11-62.jar;C:/Xilinx/2025.1/Vivado\lib\classes\commons-math-2.2-3.7.8-62.jar;C:/Xilinx/2025.1/Vivado\lib\classes\DispatchProtocol-1.24.0-526.jar;C:/Xilinx/2025.1/Vivado\lib\classes\dom4j-1.6.1-3.7.8-62.jar;C:/Xilinx/2025.1/Vivado\lib\classes\error_prone_annotations-2.11.0.jar;C:/Xilinx/2025.1/Vivado\lib\classes\failureaccess-1.0.1.jar;C:/Xilinx/2025.1/Vivado\lib\classes\frank_frameworks-1.0.0-526.jar;C:/Xilinx/2025.1/Vivado\lib\classes\gson-2.8.9.jar;C:/Xilinx/2025.1/Vivado\lib\classes\guava-31.1-android.jar;C:/Xilinx/2025.1/Vivado\lib\classes\help-1.24.0-356.jar;C:/Xilinx/2025.1/Vivado\lib\classes\hsqldb-3.7.8-62.jar;C:/Xilinx/2025.1/Vivado\lib\classes\j2objc-annotations-1.3.jar;C:/Xilinx/2025.1/Vivado\lib\classes\jakarta.annotation-api-2.1.0-11.0.11-62.jar;C:/Xilinx/2025.1/Vivado\lib\classes\jakarta.json-2.0.0-RC2-1.5.0-62.jar;C:/Xilinx/2025.1/Vivado\lib\classes\jakarta.json-api-2.0.0-RC2-1.5.0-62.jar;C:/Xilinx/2025.1/Vivado\lib\classes\jakarta.transaction-api-2.0.0-11.0.11-62.jar;C:/Xilinx/2025.1/Vivado\lib\classes\jaxb-api-2.3.0.jar;C:/Xilinx/2025.1/Vivado\lib\classes\jericho-html-3.4-1.0.0-62.jar;C:/Xilinx/2025.1/Vivado\lib\classes\jetty-jakarta-servlet-api-5.0.2-11.0.11-62.jar;C:/Xilinx/2025.1/Vivado\lib\classes\jh-2.0.05-62.jar;C:/Xilinx/2025.1/Vivado\lib\classes\jide-action-3.7.8-62.jar;C:/Xilinx/2025.1/Vivado\lib\classes\jide-charts-3.7.8-62.jar;C:/Xilinx/2025.1/Vivado\lib\classes\jide-common-3.7.8-62.jar;C:/Xilinx/2025.1/Vivado\lib\classes\jide-components-3.7.8-62.jar;C:/Xilinx/2025.1/Vivado\lib\classes\jide-dashboard-3.7.8-62.jar;C:/Xilinx/2025.1/Vivado\lib\classes\jide-data-3.7.8-62.jar;C:/Xilinx/2025.1/Vivado\lib\classes\jide-dialogs-3.7.8-62.jar;C:/Xilinx/2025.1/Vivado\lib\classes\jide-diff-3.7.8-62.jar;C:/Xilinx/2025.1/Vivado\lib\classes\jide-dock-3.7.8-62.jar;C:/Xilinx/2025.1/Vivado\lib\classes\jide-editor-3.7.8-62.jar;C:/Xilinx/2025.1/Vivado\lib\classes\jide-gantt-3.7.8-62.jar;C:/Xilinx/2025.1/Vivado\lib\classes\jide-grids-3.7.8-62.jar;C:/Xilinx/2025.1/Vivado\lib\classes\jide-pivot-3.7.8-62.jar;C:/Xilinx/2025.1/Vivado\lib\classes\jide-plaf-jdk7-3.7.8-62.jar;C:/Xilinx/2025.1/Vivado\lib\classes\jide-properties-3.7.8-62.jar;C:/Xilinx/2025.1/Vivado\lib\classes\jide-shortcut-3.7.8-62.jar;C:/Xilinx/2025.1/Vivado\lib\classes\jide-treemap-3.7.8-62.jar;C:/Xilinx/2025.1/Vivado\lib\classes\JRCClient-1.24.0-526.jar;C:/Xilinx/2025.1/Vivado\lib\classes\jsr305-3.0.2.jar;C:/Xilinx/2025.1/Vivado\lib\classes\junit-jupiter-api-5.6.2.jar;C:/Xilinx/2025.1/Vivado\lib\classes\junit-platform-commons-1.6.2.jar;C:/Xilinx/2025.1/Vivado\lib\classes\justify-3.0.0-RC2-1.5.0-62.jar;C:/Xilinx/2025.1/Vivado\lib\classes\jydocking-3.3.1-62.jar;C:/Xilinx/2025.1/Vivado\lib\classes\jytable-3.3.1-62.jar;C:/Xilinx/2025.1/Vivado\lib\classes\jywidgets-3.3.1-62.jar;C:/Xilinx/2025.1/Vivado\lib\classes\listenablefuture-9999.0-empty-to-avoid-conflict-with-guava.jar;C:/Xilinx/2025.1/Vivado\lib\classes\log4j-1.2-api-2.17.1-1.5.0-62.jar;C:/Xilinx/2025.1/Vivado\lib\classes\log4j-api-2.17.1-1.5.0-62.jar;C:/Xilinx/2025.1/Vivado\lib\classes\log4j-core-2.17.1-1.5.0-62.jar;C:/Xilinx/2025.1/Vivado\lib\classes\lucene-analyzers-common-4.10.2-3.7.8-62.jar;C:/Xilinx/2025.1/Vivado\lib\classes\lucene-core-4.10.2-3.7.8-62.jar;C:/Xilinx/2025.1/Vivado\lib\classes\lucene-queryparser-4.10.2-3.7.8-62.jar;C:/Xilinx/2025.1/Vivado\lib\classes\miglayout-3.7.3.1.jar;C:/Xilinx/2025.1/Vivado\lib\classes\nlview_java-1.0.0-62.jar;C:/Xilinx/2025.1/Vivado\lib\classes\opentest4j-1.2.0.jar;C:/Xilinx/2025.1/Vivado\lib\classes\org.apache.commons.lang_2.6.0.v201404270220-1.0.0-62.jar;C:/Xilinx/2025.1/Vivado\lib\classes\org.eclipse.core.commands-3.6.0-1.0.0-62.jar;C:/Xilinx/2025.1/Vivado\lib\classes\org.eclipse.core.filesystem_1.7.400.v20190518-1151-1.0.0-62.jar;C:/Xilinx/2025.1/Vivado\lib\classes\org.eclipse.core.jobs_3.10.400.v20190506-1457-1.0.0-62.jar;C:/Xilinx/2025.1/Vivado\lib\classes\org.eclipse.core.resources_3.13.400.v20190505-1655-1.0.0-62.jar;C:/Xilinx/2025.1/Vivado\lib\classes\org.eclipse.emf.common_2.18.0.v20191225-1014-1.0.0-62.jar;C:/Xilinx/2025.1/Vivado\lib\classes\org.eclipse.emf.common_2.24.0.v20220123-0838-1.5.0-62.jar;C:/Xilinx/2025.1/Vivado\lib\classes\org.eclipse.emf.ecore.xmi_2.16.0.v20190528-0725-1.0.0-62.jar;C:/Xilinx/2025.1/Vivado\lib\classes\org.eclipse.emf.ecore_2.21.0.v20200127-1342-1.0.0-62.jar;C:/Xilinx/2025.1/Vivado\lib\classes\org.eclipse.equinox.common_3.11.0.v20200206-0817-1.0.0-62.jar;C:/Xilinx/2025.1/Vivado\lib\classes\org.eclipse.equinox.registry_3.8.400.v20190516-1504-1.0.0-62.jar;C:/Xilinx/2025.1/Vivado\lib\classes\org.eclipse.jetty.alpn.client_11.0.18-11.0.11-62.jar;C:/Xilinx/2025.1/Vivado\lib\classes\org.eclipse.jetty.annotations_11.0.18-11.0.11-62.jar;C:/Xilinx/2025.1/Vivado\lib\classes\org.eclipse.jetty.client_11.0.18-11.0.11-62.jar;C:/Xilinx/2025.1/Vivado\lib\classes\org.eclipse.jetty.http_11.0.18-11.0.11-62.jar;C:/Xilinx/2025.1/Vivado\lib\classes\org.eclipse.jetty.io_11.0.18-11.0.11-62.jar;C:/Xilinx/2025.1/Vivado\lib\classes\org.eclipse.jetty.jndi_11.0.18-11.0.11-62.jar;C:/Xilinx/2025.1/Vivado\lib\classes\org.eclipse.jetty.plus_11.0.18-11.0.11-62.jar;C:/Xilinx/2025.1/Vivado\lib\classes\org.eclipse.jetty.security_11.0.18-11.0.11-62.jar;C:/Xilinx/2025.1/Vivado\lib\classes\org.eclipse.jetty.server_11.0.18-11.0.11-62.jar;C:/Xilinx/2025.1/Vivado\lib\classes\org.eclipse.jetty.servlet_11.0.18-11.0.11-62.jar;C:/Xilinx/2025.1/Vivado\lib\classes\org.eclipse.jetty.util_11.0.18-11.0.11-62.jar;C:/Xilinx/2025.1/Vivado\lib\classes\org.eclipse.jetty.webapp_11.0.18-11.0.11-62.jar;C:/Xilinx/2025.1/Vivado\lib\classes\org.eclipse.jetty.websocket.api_11.0.18-11.0.11-62.jar;C:/Xilinx/2025.1/Vivado\lib\classes\org.eclipse.jetty.websocket.client_11.0.18-11.0.11-62.jar;C:/Xilinx/2025.1/Vivado\lib\classes\org.eclipse.jetty.websocket.common_11.0.18-11.0.11-62.jar;C:/Xilinx/2025.1/Vivado\lib\classes\org.eclipse.jetty.websocket.core.client_11.0.18-11.0.11-62.jar;C:/Xilinx/2025.1/Vivado\lib\classes\org.eclipse.jetty.websocket.core.common_11.0.18-11.0.11-62.jar;C:/Xilinx/2025.1/Vivado\lib\classes\org.eclipse.jetty.websocket.core.server_11.0.18-11.0.11-62.jar;C:/Xilinx/2025.1/Vivado\lib\classes\org.eclipse.jetty.websocket.server_11.0.18-11.0.11-62.jar;C:/Xilinx/2025.1/Vivado\lib\classes\org.eclipse.jetty.websocket.servlet_11.0.18-11.0.11-62.jar;C:/Xilinx/2025.1/Vivado\lib\classes\org.eclipse.jetty.xml_11.0.18-11.0.11-62.jar;C:/Xilinx/2025.1/Vivado\lib\classes\org.eclipse.lsp4j.jsonrpc_0.12.0.v20210402-1305-1.5.0-62.jar;C:/Xilinx/2025.1/Vivado\lib\classes\org.eclipse.lsp4j_0.12.0.v20210402-1305-1.5.0-62.jar;C:/Xilinx/2025.1/Vivado\lib\classes\org.eclipse.xtext.util_2.18.0.v20190603-1042-1.0.0-62.jar;C:/Xilinx/2025.1/Vivado\lib\classes\org.eclipse.xtext.util_2.26.0.v20220228-0751-1.5.0-62.jar;C:/Xilinx/2025.1/Vivado\lib\classes\org.eclipse.xtext.xbase.lib_2.26.0.v20220228-0748-1.5.0-62.jar;C:/Xilinx/2025.1/Vivado\lib\classes\picocli-4.1.2.jar;C:/Xilinx/2025.1/Vivado\lib\classes\planAhead.jar;C:/Xilinx/2025.1/Vivado\lib\classes\poi-4.1.1-3.7.8-62.jar;C:/Xilinx/2025.1/Vivado\lib\classes\poi-ooxml-4.1.1-3.7.8-62.jar;C:/Xilinx/2025.1/Vivado\lib\classes\poi-ooxml-schemas-4.1.1-3.7.8-62.jar;C:/Xilinx/2025.1/Vivado\lib\classes\protobuf-java-3.21.12.jar;C:/Xilinx/2025.1/Vivado\lib\classes\protobuf-java-util-3.21.12.jar;C:/Xilinx/2025.1/Vivado\lib\classes\RuleService-1.24.0-526.jar;C:/Xilinx/2025.1/Vivado\lib\classes\slf4j-api-2.0.9-11.0.11-62.jar;C:/Xilinx/2025.1/Vivado\lib\classes\swingx-core-1.6.2-62.jar;C:/Xilinx/2025.1/Vivado\lib\classes\synthetica-3.3.1-62.jar;C:/Xilinx/2025.1/Vivado\lib\classes\syntheticaAddons-3.3.1-62.jar;C:/Xilinx/2025.1/Vivado\lib\classes\syntheticaDark-3.3.1-62.jar;C:/Xilinx/2025.1/Vivado\lib\classes\syntheticaPlain-3.3.1-62.jar;C:/Xilinx/2025.1/Vivado\lib\classes\syntheticaPlainAddon-3.3.1-62.jar;C:/Xilinx/2025.1/Vivado\lib\classes\sysgen.jar;C:/Xilinx/2025.1/Vivado\lib\classes\va-shared-1.0.0-526.jar;C:/Xilinx/2025.1/Vivado\lib\classes\VlmGUI.jar;C:/Xilinx/2025.1/Vivado\lib\classes\xml-apis-ext-1.0.0-62.jar;C:/Xilinx/2025.1/Vivado\lib\classes\xmlbeans-3.1.0-3.7.8-62.jar;C:/Xilinx/2025.1/Vivado\lib\classes\xmlgraphics-commons-1.0.0-62.jar;C:/Xilinx/2025.1/Vivado\lib\classes\yfiles-for-java-swing-3.3.0-62.jar;C:/Xilinx/2025.1/Vivado\lib\classes\windows\gluegen-rt-95.0.4638.69.jar;C:/Xilinx/2025.1/Vivado\lib\classes\windows\gluegen-rt-natives-windows-amd64-95.0.4638.69.jar;C:/Xilinx/2025.1/Vivado\lib\classes\windows\javafx-swt-21.0.1.jar;C:/Xilinx/2025.1/Vivado\lib\classes\windows\javafx.base-21.0.1.jar;C:/Xilinx/2025.1/Vivado\lib\classes\windows\javafx.controls-21.0.1.jar;C:/Xilinx/2025.1/Vivado\lib\classes\windows\javafx.fxml-21.0.1.jar;C:/Xilinx/2025.1/Vivado\lib\classes\windows\javafx.graphics-21.0.1.jar;C:/Xilinx/2025.1/Vivado\lib\classes\windows\javafx.media-21.0.1.jar;C:/Xilinx/2025.1/Vivado\lib\classes\windows\javafx.swing-21.0.1.jar;C:/Xilinx/2025.1/Vivado\lib\classes\windows\javafx.web-21.0.1.jar;C:/Xilinx/2025.1/Vivado\lib\classes\windows\jcef-95.0.4638.69.jar;C:/Xilinx/2025.1/Vivado\lib\classes\windows\jcef-tests-95.0.4638.69.jar;C:/Xilinx/2025.1/Vivado\lib\classes\windows\jogl-all-95.0.4638.69.jar;C:/Xilinx/2025.1/Vivado\lib\classes\windows\jogl-all-natives-windows-amd64-95.0.4638.69.jar
Launcher Type: generic

[Global flags]
     intx CICompilerCount                          = 12                                        {product} {ergonomic}
     uint ConcGCThreads                            = 1                                         {product} {ergonomic}
     uint G1ConcRefinementThreads                  = 4                                         {product} {ergonomic}
   size_t G1HeapRegionSize                         = 4194304                                   {product} {ergonomic}
    uintx GCDrainStackTargetSize                   = 64                                        {product} {ergonomic}
   size_t InitialHeapSize                          = 851443712                                 {product} {command line}
   size_t MarkStackSize                            = 4194304                                   {product} {ergonomic}
    uintx MaxGCPauseMillis                         = 200                                       {product} {command line}
   size_t MaxHeapSize                              = 6442450944                                {product} {command line}
   size_t MaxNewSize                               = 83886080                                  {product} {command line}
   size_t MinHeapDeltaBytes                        = 4194304                                   {product} {ergonomic}
   size_t MinHeapSize                              = 851443712                                 {product} {command line}
   size_t NewSize                                  = 83886080                                  {product} {command line}
    uintx NonNMethodCodeHeapSize                   = 7602480                                {pd product} {ergonomic}
    uintx NonProfiledCodeHeapSize                  = 122027880                              {pd product} {ergonomic}
     uint ParallelGCThreads                        = 4                                         {product} {command line}
     bool ParallelRefProcEnabled                   = true                                      {product} {command line}
    uintx ProfiledCodeHeapSize                     = 122027880                              {pd product} {ergonomic}
    uintx ReservedCodeCacheSize                    = 251658240                              {pd product} {ergonomic}
     bool SegmentedCodeCache                       = true                                      {product} {ergonomic}
   size_t SoftMaxHeapSize                          = 6442450944                             {manageable} {ergonomic}
    uintx StringTableSize                          = 4072                                      {product} {command line}
     intx ThreadStackSize                          = 10240                                  {pd product} {command line}
     bool UseCompressedOops                        = true                           {product lp64_product} {ergonomic}
     bool UseG1GC                                  = true                                      {product} {ergonomic}
     bool UseLargePagesIndividualAllocation        = false                                  {pd product} {ergonomic}
     bool UsePerfData                              = false                                     {product} {command line}
     bool UseStringDeduplication                   = true                                      {product} {command line}

Logging:
Log output configuration:
 #0: stdout all=warning uptime,level,tags foldmultilines=false
 #1: stderr all=off uptime,level,tags foldmultilines=false

Environment Variables:
PATH=C:/Xilinx/2025.1/Vivado\gnuwin\bin;C:/Xilinx/2025.1/Vivado\gnu\microblaze\nt\bin;C:/Xilinx/2025.1/Vivado/bin;C:/Xilinx/2025.1/Vivado\tps\win64;C:/Xilinx/2025.1/Vivado/tps/win64/java-cef-95.0.4638.69/bin/lib/win64;C:/Xilinx/2025.1/Vivado/tps/win64/javafx-sdk-21.0.1/lib;C:/Xilinx/2025.1/Vivado/tps/win64/javafx-sdk-21.0.1/bin;C:/Xilinx/2025.1/Vivado/lib/win64.o;C:/Xilinx/2025.1/Vivado/tps/win64/jre21.0.1_12/bin/server;C:/Xilinx/2025.1/Vivado/tps/win64/jre21.0.1_12/bin;C:/Xilinx/2025.1/Vitis/bin;C:/Xilinx/2025.1/Vivado/ids_lite/ISE/bin/nt64;C:/Xilinx/2025.1/Vivado/ids_lite/ISE/lib/nt64;C:\Program Files (x86)\VMware\VMware Workstation\bin\;C:\Windows\system32;C:\Windows;C:\Windows\System32\Wbem;C:\Windows\System32\WindowsPowerShell\v1.0\;C:\Windows\System32\OpenSSH\;C:\Program Files (x86)\NVIDIA Corporation\PhysX\Common;C:\Program Files\NVIDIA Corporation\NVIDIA NvDLISR;C:\Program Files\Git\cmd;C:\Program Files\PuTTY\;C:\Program Files (x86)\Microsoft SQL Server\170\Tools\Binn\;C:\Program Files\Microsoft SQL Server\170\Tools\Binn\;C:\Program Files\Microsoft SQL Server\Client SDK\ODBC\180\Tools\Binn\;C:\Program Files\Microsoft SQL Server\170\DTS\Binn\;C:\Users\ma555\AppData\Local\Programs\Python\Python313\Scripts\;C:\Users\ma555\AppData\Local\Programs\Python\Python313\;C:\Users\ma555\AppData\Local\Programs\Python\Launcher\;C:\Users\ma555\AppData\Local\Microsoft\WindowsApps;;C:\intelFPGA\20.1\modelsim_ase\win32aloem;C:\Users\ma555\AppData\Local\Programs\Microsoft VS Code\bin;C:\questasim64_10.7c\win64;C:\altera_lite\25.1std\questa_fse\win64;C:\Program Files\Azure Data Studio\bin;C:/Xilinx/2025.1/Vivado\tps\mingw\6.2.0\win64.o\nt\bin;C:/Xilinx/2025.1/Vivado\tps\mingw\6.2.0\win64.o\nt\libexec\gcc\x86_64-w64-mingw32\6.2.0;C:/Xilinx/2025.1/Vivado\tps\win64\python-3.13.0;C:/Xilinx/2025.1/Vivado\tps\win64\python-3.13.0\bin;C:/Xilinx/2025.1/Vivado\tps\win64\python-3.13.0\lib;C:/Xilinx/2025.1/Vivado\tps\win64\python-3.13.0\lib\site-packages
USERNAME=ma555
OS=Windows_NT
PROCESSOR_IDENTIFIER=AMD64 Family 25 Model 80 Stepping 0, AuthenticAMD
TMP=C:\Users\ma555\AppData\Local\Temp
TEMP=C:\Users\ma555\AppData\Local\Temp




Periodic native trim disabled

---------------  S Y S T E M  ---------------

OS:
 Windows 11 , 64 bit Build 26100 (10.0.26100.7309)
OS uptime: 0 days 0:38 hours
Hyper-V role detected

CPU: total 16 (initial active 16) (16 cores per cpu, 2 threads per core) family 25 model 80 stepping 0 microcode 0xa50000f, cx8, cmov, fxsr, ht, mmx, 3dnowpref, sse, sse2, sse3, ssse3, sse4a, sse4.1, sse4.2, popcnt, lzcnt, tsc, tscinvbit, avx, avx2, aes, erms, clmul, bmi1, bmi2, adx, sha, fma, vzeroupper, clflush, clflushopt, hv, rdtscp, rdpid, fsrm, f16c, cet_ss
Processor Information for processor 0
  Max Mhz: 3201, Current Mhz: 2555, Mhz Limit: 3201
Processor Information for processor 1
  Max Mhz: 3201, Current Mhz: 2555, Mhz Limit: 3201
Processor Information for processor 2
  Max Mhz: 3201, Current Mhz: 2555, Mhz Limit: 3201
Processor Information for processor 3
  Max Mhz: 3201, Current Mhz: 2555, Mhz Limit: 3201
Processor Information for processor 4
  Max Mhz: 3201, Current Mhz: 2555, Mhz Limit: 3201
Processor Information for processor 5
  Max Mhz: 3201, Current Mhz: 2555, Mhz Limit: 3201
Processor Information for processor 6
  Max Mhz: 3201, Current Mhz: 2555, Mhz Limit: 3201
Processor Information for processor 7
  Max Mhz: 3201, Current Mhz: 3201, Mhz Limit: 3201
Processor Information for processor 8
  Max Mhz: 3201, Current Mhz: 3201, Mhz Limit: 3201
Processor Information for processor 9
  Max Mhz: 3201, Current Mhz: 2555, Mhz Limit: 3201
Processor Information for processor 10
  Max Mhz: 3201, Current Mhz: 2555, Mhz Limit: 3201
Processor Information for processor 11
  Max Mhz: 3201, Current Mhz: 2555, Mhz Limit: 3201
Processor Information for processor 12
  Max Mhz: 3201, Current Mhz: 2555, Mhz Limit: 3201
Processor Information for processor 13
  Max Mhz: 3201, Current Mhz: 2555, Mhz Limit: 3201
Processor Information for processor 14
  Max Mhz: 3201, Current Mhz: 2555, Mhz Limit: 3201
Processor Information for processor 15
  Max Mhz: 3201, Current Mhz: 2555, Mhz Limit: 3201

Memory: 4k page, system-wide physical 14188M (3405M free)
TotalPageFile size 19820M (AvailPageFile size 4498M)
current process WorkingSet (physical memory assigned to process): 2269M, peak: 2974M
current process commit charge ("private bytes"): 3683M, peak: 3915M

vm_info: OpenJDK 64-Bit Server VM (21.0.1+12-LTS) for windows-amd64 JRE (21.0.1+12-LTS), built on 2023-10-17T00:00:00Z by "admin" with unknown MS VC++:1937

END.
